Date,Time,Ptch(rad),Roll(rad),Yaw(rad),1RSS(dB),2RSS(dB),RQly(%),RSNR(dB),ANT,RFMD,TPWR(mW),TRSS(dB),TQly(%),TSNR(dB),FM,GPS,GSpd(kmh),Hdg(°),Alt(m),Sats,RxBt(V),Curr(A),Capa(mAh),Bat%(%),VSpd(m/s),Rud,Ele,Thr,Ail,P1,P2,P3,SL1,SL2,SA,SB,SC,SD,SE,arm,SG,SH,SI,LSW,CH1(us),CH2(us),CH3(us),CH4(us),CH5(us),CH6(us),CH7(us),CH8(us),CH9(us),CH10(us),CH11(us),CH12(us),CH13(us),CH14(us),CH15(us),CH16(us),CH17(us),CH18(us),CH19(us),CH20(us),CH21(us),CH22(us),CH23(us),CH24(us),CH25(us),CH26(us),CH27(us),CH28(us),CH29(us),CH30(us),CH31(us),CH32(us),TxBat(V)
2026-05-04,13:36:30.030,-0.24,0.00,0.46,-35,0,100,13,0,5,50,-26,100,15,"OK",53.759527 -1.543953,0.2,231.40,-1,8,12.4,0.5,41,95,-0.1,4,2,-1010,0,12,-1024,-93,-1024,1024,-1,-1,-1,-1,-1,1,-1,-1,-1,0x0000000000000000,1500,1500,995,1501,2012,1500,988,988,1500,1500,1500,1500,1500,1500,1500,1500,1500,1500,1500,1500,1500,1500,1500,1500,1500,1500,1500,1500,1500,1500,1500,1500,8.0
2026-05-04,13:36:30.530,-0.24,0.00,0.46,-45,0,100,14,0,5,50,-46,100,15,"OK",53.759527 -1.543953,0.2,231.40,-1,8,12.4,0.5,41,95,-0.1,4,1,-609,-1,13,-1024,-93,-1024,1024,-1,-1,-1,-1,-1,1,-1,-1,-1,0x0000000000000000,1500,1500,1196,1501,2012,1500,988,988,1500,1500,1500,1500,1500,1500,1500,1500,1500,1500,1500,1500,1500,1500,1500,1500,1500,1500,1500,1500,1500,1500,1500,1500,8.0
2026-05-04,13:36:31.030,-0.25,0.00,0.46,-51,0,100,12,0,5,50,-47,100,13,"OK",53.759527 -1.543953,0.2,231.40,-1,8,12.4,0.5,41,95,-0.1,363,-1,-348,-3,13,-1024,-93,-1024,1024,-1,-1,-1,-1,-1,1,-1,-1,-1,0x0000000000000000,1499,1500,1326,1634,2012,1501,988,988,1500,1500,1500,1500,1500,1500,1500,1500,1500,1500,1500,1500,1500,1500,1500,1500,1500,1500,1500,1500,1500,1500,1500,1500,8.0
2026-05-04,13:36:31.530,-0.25,0.00,0.46,-48,0,100,13,0,5,50,-34,100,14,"OK",53.759527 -1.543953,0.2,231.40,-1,8,12.4,0.5,41,95,-0.1,217,-1,451,-3,12,-1024,-93,-1024,1024,-1,-1,-1,-1,-1,1,-1,-1,-1,0x0000000000000000,1499,1500,1725,1577,2012,1501,988,988,1500,1500,1500,1500,1500,1500,1500,1500,1500,1500,1500,1500,1500,1500,1500,1500,1500,1500,1500,1500,1500,1500,1500,1500,8.0
2026-05-04,13:36:32.030,-0.25,0.00,0.46,-44,0,100,14,0,5,50,-36,100,14,"MANU",53.759527 -1.543953,0.2,231.40,-1,8,12.4,0.5,41,95,-0.1,-751,0,66,0,13,-1024,-93,-1024,1024,-1,-1,-1,-1,-1,1,-1,-1,-1,0x0000000000000000,1500,1500,1533,1177,2012,1500,988,988,1500,1500,1500,1500,1500,1500,1500,1500,1500,1500,1500,1500,1500,1500,1500,1500,1500,1500,1500,1500,1500,1500,1500,1500,8.0
2026-05-04,13:36:32.530,-0.25,0.00,0.46,-42,0,99,14,0,5,50,-29,100,14,"MANU",53.759527 -1.543953,0.2,231.40,-1,8,12.4,0.5,41,95,0.0,-143,0,-30,1,12,-1024,-93,-1024,1024,-1,-1,-1,-1,-1,1,-1,-1,-1,0x0000000000000000,1500,1500,1485,1450,2012,1500,988,988,1500,1500,1500,1500,1500,1500,1500,1500,1500,1500,1500,1500,1500,1500,1500,1500,1500,1500,1500,1500,1500,1500,1500,1500,8.0
2026-05-04,13:36:33.030,-0.25,0.00,0.46,-38,0,99,14,0,5,50,-22,100,15,"MANU",53.759527 -1.543953,0.2,231.40,-1,8,12.4,0.5,41,95,0.0,-428,-3,773,4,12,-1024,-93,-1024,1024,-1,-1,-1,-1,-1,1,-1,-1,-1,0x0000000000000000,1501,1499,1886,1339,2012,1499,988,988,1500,1500,1500,1500,1500,1500,1500,1500,1500,1500,1500,1500,1500,1500,1500,1500,1500,1500,1500,1500,1500,1500,1500,1500,8.0
2026-05-04,13:36:33.530,-0.25,0.00,0.46,-32,0,100,14,0,5,50,-24,100,14,"MANU",53.759527 -1.543953,0.2,231.40,-1,8,12.4,0.5,41,95,0.0,1,-2,1024,2,12,-1024,-93,-1024,1024,-1,-1,-1,-1,-1,1,-1,-1,-1,0x0000000000000000,1500,1500,2012,1500,2012,1500,988,988,1500,1500,1500,1500,1500,1500,1500,1500,1500,1500,1500,1500,1500,1500,1500,1500,1500,1500,1500,1500,1500,1500,1500,1500,8.0
2026-05-04,13:36:34.030,-0.25,0.00,0.46,-35,0,100,14,0,5,50,-39,100,14,"MANU",53.759527 -1.543953,0.2,231.40,-1,8,12.4,0.5,41,95,0.0,385,-110,814,-3,12,-1024,-93,-1024,1024,-1,-1,-1,-1,-1,1,-1,-1,-1,0x0000000000000000,1499,1471,1907,1643,2012,1501,988,988,1500,1500,1500,1500,1500,1500,1500,1500,1500,1500,1500,1500,1500,1500,1500,1500,1500,1500,1500,1500,1500,1500,1500,1500,8.0
2026-05-04,13:36:34.530,-0.25,0.00,0.46,-48,0,100,14,0,5,50,-46,100,14,"MANU",53.759527 -1.543955,0.4,251.50,-1,8,12.4,0.5,41,95,0.0,23,-598,1023,-276,13,-1024,-93,-1024,1024,-1,-1,-1,-1,-1,1,-1,-1,-1,0x0000000000000000,1419,1333,2011,1508,2012,1581,988,988,1500,1500,1500,1500,1500,1500,1500,1500,1500,1500,1500,1500,1500,1500,1500,1500,1500,1500,1500,1500,1500,1500,1500,1500,8.0
2026-05-04,13:36:35.030,-0.25,0.00,0.46,-48,0,100,14,0,5,50,-35,100,15,"MANU",53.759527 -1.543955,0.4,251.50,-1,8,12.4,0.5,41,95,0.0,10,-466,1024,-500,13,-1024,-93,-1024,1024,-1,-1,-1,-1,-1,1,-1,-1,-1,0x0000000000000000,1350,1372,2012,1503,2012,1650,988,988,1500,1500,1500,1500,1500,1500,1500,1500,1500,1500,1500,1500,1500,1500,1500,1500,1500,1500,1500,1500,1500,1500,1500,1500,8.0
2026-05-04,13:36:35.530,-0.25,0.00,0.46,-45,0,100,14,0,5,50,-38,100,15,"MANU",53.759527 -1.543955,0.4,251.50,-1,8,11.7,14.4,49,68,0.0,2,-2,1024,-604,13,-1024,-93,-1024,1024,-1,-1,-1,-1,-1,1,-1,-1,-1,0x0000000000000000,1317,1500,2012,1500,2012,1683,988,988,1500,1500,1500,1500,1500,1500,1500,1500,1500,1500,1500,1500,1500,1500,1500,1500,1500,1500,1500,1500,1500,1500,1500,1500,8.0
2026-05-04,13:36:36.030,-0.25,0.00,0.46,-48,0,100,14,0,5,50,-55,100,14,"MANU",53.759527 -1.543955,0.4,251.50,-1,8,11.7,14.4,49,68,0.0,1,-1,790,-658,13,-1024,-93,-1024,1024,-1,-1,-1,-1,-1,1,-1,-1,-1,0x0000000000000000,1299,1500,1895,1500,2012,1701,988,988,1500,1500,1500,1500,1500,1500,1500,1500,1500,1500,1500,1500,1500,1500,1500,1500,1500,1500,1500,1500,1500,1500,1500,1500,8.0
2026-05-04,13:36:36.530,-0.42,0.00,-1.04,-51,0,100,14,0,5,50,-45,100,16,"MANU",53.759527 -1.543955,0.4,251.50,-1,8,11.7,14.4,49,68,0.0,2,4,684,-444,13,-1024,-93,-1024,1024,-1,-1,-1,-1,-1,1,-1,-1,-1,0x0000000000000000,1368,1501,1842,1501,2012,1632,988,988,1500,1500,1500,1500,1500,1500,1500,1500,1500,1500,1500,1500,1500,1500,1500,1500,1500,1500,1500,1500,1500,1500,1500,1500,8.0
2026-05-04,13:36:37.030,-0.42,0.00,-1.04,-54,0,99,14,0,5,50,-47,100,14,"MANU",53.759527 -1.543955,0.4,251.50,-1,8,11.7,14.4,49,68,0.0,1,292,645,-252,13,-1024,-93,-1024,1024,-1,-1,-1,-1,-1,1,-1,-1,-1,0x0000000000000000,1426,1579,1822,1500,2012,1574,988,988,1500,1500,1500,1500,1500,1500,1500,1500,1500,1500,1500,1500,1500,1500,1500,1500,1500,1500,1500,1500,1500,1500,1500,1500,8.0
2026-05-04,13:36:37.530,-0.42,0.00,-1.04,-57,0,100,14,0,5,50,-48,100,14,"MANU",53.759527 -1.543955,0.4,251.50,-1,8,11.7,14.4,49,68,0.0,2,642,628,-62,13,-1024,-93,-1024,1024,-1,-1,-1,-1,-1,1,-1,-1,-1,0x0000000000000000,1482,1680,1814,1500,2012,1518,988,988,1500,1500,1500,1500,1500,1500,1500,1500,1500,1500,1500,1500,1500,1500,1500,1500,1500,1500,1500,1500,1500,1500,1500,1500,8.0
2026-05-04,13:36:38.030,-0.42,0.00,-1.04,-65,0,100,13,0,5,50,-56,100,14,"MANU",53.759527 -1.543955,0.4,251.50,-1,8,11.7,14.4,49,68,3.7,3,646,613,-6,12,-1024,-93,-1024,1024,-1,-1,-1,-1,-1,1,-1,-1,-1,0x0000000000000000,1499,1682,1806,1501,2012,1501,988,988,1500,1500,1500,1500,1500,1500,1500,1500,1500,1500,1500,1500,1500,1500,1500,1500,1500,1500,1500,1500,1500,1500,1500,1500,8.0
2026-05-04,13:36:38.530,-0.42,0.00,-1.04,-72,0,99,14,0,5,50,-69,100,13,"MANU",53.759527 -1.543955,0.4,251.50,-1,8,11.7,14.4,49,68,3.7,5,3,589,-603,13,-1024,-93,-1024,1024,-1,-1,-1,-1,-1,1,-1,-1,-1,0x0000000000000000,1317,1500,1795,1501,2012,1683,988,988,1500,1500,1500,1500,1500,1500,1500,1500,1500,1500,1500,1500,1500,1500,1500,1500,1500,1500,1500,1500,1500,1500,1500,1500,8.0
2026-05-04,13:36:39.030,-0.42,0.00,-1.04,-79,0,97,12,0,5,50,-71,100,13,"MANU",53.759527 -1.543955,0.4,251.50,-1,8,11.7,14.4,49,68,3.7,3,4,595,272,12,-1024,-93,-1024,1024,-1,-1,-1,-1,-1,1,-1,-1,-1,0x0000000000000000,1580,1501,1797,1501,2012,1420,988,988,1500,1500,1500,1500,1500,1500,1500,1500,1500,1500,1500,1500,1500,1500,1500,1500,1500,1500,1500,1500,1500,1500,1500,1500,8.0
2026-05-04,13:36:39.530,-0.42,0.00,-1.04,-82,0,97,11,0,5,50,-73,100,12,"MANU",53.759527 -1.543955,0.4,251.50,-1,8,11.7,14.4,49,68,3.7,3,2,612,367,12,-1024,-93,-1024,1024,-1,-1,-1,-1,-1,1,-1,-1,-1,0x0000000000000000,1609,1500,1806,1501,2012,1391,988,988,1500,1500,1500,1500,1500,1500,1500,1500,1500,1500,1500,1500,1500,1500,1500,1500,1500,1500,1500,1500,1500,1500,1500,1500,8.0
2026-05-04,13:36:40.030,-0.42,0.00,-1.04,-76,0,99,13,0,5,50,-55,100,14,"MANU",53.759590 -1.544464,22.9,260.30,7,7,11.7,14.4,49,68,3.7,3,4,572,408,12,-1024,-93,-1024,1024,-1,-1,-1,-1,-1,1,-1,-1,-1,0x0000000000000000,1621,1501,1786,1501,2012,1379,988,988,1500,1500,1500,1500,1500,1500,1500,1500,1500,1500,1500,1500,1500,1500,1500,1500,1500,1500,1500,1500,1500,1500,1500,1500,8.0
2026-05-04,13:36:40.530,-0.42,0.00,-1.04,-63,0,98,14,0,5,50,-54,100,14,"MANU",53.759590 -1.544464,22.9,260.30,7,7,11.7,14.4,49,68,3.7,3,-2,553,334,12,-1024,-93,-1024,1024,-1,-1,-1,-1,-1,1,-1,-1,-1,0x0000000000000000,1599,1500,1776,1500,2012,1401,988,988,1500,1500,1500,1500,1500,1500,1500,1500,1500,1500,1500,1500,1500,1500,1500,1500,1500,1500,1500,1500,1500,1500,1500,1500,8.0
2026-05-04,13:36:41.030,-0.42,0.00,-1.04,-65,0,98,14,0,5,50,-58,100,14,"MANU",53.759590 -1.544464,22.9,260.30,7,7,11.9,9.1,67,74,3.7,4,-69,532,195,12,-1024,-93,-1024,1024,-1,-1,-1,-1,-1,1,-1,-1,-1,0x0000000000000000,1557,1482,1766,1501,2012,1443,988,988,1500,1500,1500,1500,1500,1500,1500,1500,1500,1500,1500,1500,1500,1500,1500,1500,1500,1500,1500,1500,1500,1500,1500,1500,8.0
2026-05-04,13:36:41.530,-0.42,0.00,-1.04,-67,0,98,14,0,5,50,-63,100,15,"MANU",53.759590 -1.544464,22.9,260.30,7,7,11.9,9.1,67,74,3.7,3,-2,524,95,12,-1024,-93,-1024,1024,-1,-1,-1,-1,-1,1,-1,-1,-1,0x0000000000000000,1527,1500,1762,1501,2012,1473,988,988,1500,1500,1500,1500,1500,1500,1500,1500,1500,1500,1500,1500,1500,1500,1500,1500,1500,1500,1500,1500,1500,1500,1500,1500,8.0
2026-05-04,13:36:42.030,-0.20,0.24,-2.78,-77,0,99,13,0,5,50,-68,100,14,"MANU",53.759590 -1.544464,22.9,260.30,7,7,11.9,9.1,67,74,3.7,5,-202,483,34,12,-1024,-93,-1024,1024,-1,-1,-1,-1,-1,1,-1,-1,-1,0x0000000000000000,1510,1446,1741,1501,2012,1490,988,988,1500,1500,1500,1500,1500,1500,1500,1500,1500,1500,1500,1500,1500,1500,1500,1500,1500,1500,1500,1500,1500,1500,1500,1500,8.0
2026-05-04,13:36:42.530,-0.20,0.24,-2.78,-73,0,100,13,0,5,50,-67,100,9,"MANU",53.759590 -1.544464,22.9,260.30,7,7,11.9,9.1,67,74,3.7,105,-272,518,-273,13,-1024,-93,-1024,1024,-1,-1,-1,-1,-1,1,-1,-1,-1,0x0000000000000000,1420,1426,1759,1537,2012,1585,988,988,1500,1500,1500,1500,1500,1500,1500,1500,1500,1500,1500,1500,1500,1500,1500,1500,1500,1500,1500,1500,1500,1500,1500,1500,8.0
2026-05-04,13:36:43.030,-0.20,0.24,-2.78,-68,0,100,14,0,5,50,-61,100,13,"MANU",53.759590 -1.544464,22.9,260.30,7,7,11.9,9.1,67,74,3.7,7,-270,503,-151,13,-1024,-93,-1024,1024,-1,-1,-1,-1,-1,1,-1,-1,-1,0x0000000000000000,1456,1427,1751,1502,2012,1544,988,988,1500,1500,1500,1500,1500,1500,1500,1500,1500,1500,1500,1500,1500,1500,1500,1500,1500,1500,1500,1500,1500,1500,1500,1500,8.0
2026-05-04,13:36:43.530,-0.20,0.24,-2.78,-70,0,100,14,0,5,50,-59,100,15,"MANU",53.759590 -1.544464,22.9,260.30,7,7,11.9,9.1,67,74,0.2,5,-307,524,-199,12,-1024,-93,-1024,1024,-1,-1,-1,-1,-1,1,-1,-1,-1,0x0000000000000000,1442,1417,1762,1501,2012,1558,988,988,1500,1500,1500,1500,1500,1500,1500,1500,1500,1500,1500,1500,1500,1500,1500,1500,1500,1500,1500,1500,1500,1500,1500,1500,8.0
2026-05-04,13:36:44.030,-0.20,0.24,-2.78,-66,0,98,14,0,5,50,-57,100,13,"MANU",53.759590 -1.544464,22.9,260.30,7,7,11.9,9.1,67,74,0.2,4,-160,493,-421,13,-1024,-93,-1024,1024,-1,-1,-1,-1,-1,1,-1,-1,-1,0x0000000000000000,1375,1457,1746,1501,2012,1625,988,988,1500,1500,1500,1500,1500,1500,1500,1500,1500,1500,1500,1500,1500,1500,1500,1500,1500,1500,1500,1500,1500,1500,1500,1500,8.0
2026-05-04,13:36:44.530,-0.20,0.24,-2.78,-64,0,100,14,0,5,50,-56,100,14,"MANU",53.759590 -1.544464,22.9,260.30,7,7,11.9,9.1,67,74,0.2,3,-2,400,-13,12,-1024,-93,-1024,1024,-1,-1,-1,-1,-1,1,-1,-1,-1,0x0000000000000000,1496,1500,1700,1501,2012,1504,988,988,1500,1500,1500,1500,1500,1500,1500,1500,1500,1500,1500,1500,1500,1500,1500,1500,1500,1500,1500,1500,1500,1500,1500,1500,8.0
2026-05-04,13:36:45.030,-0.20,0.24,-2.78,-64,0,99,14,0,5,50,-58,100,14,"MANU",53.759590 -1.544464,22.9,260.30,7,7,11.9,9.1,67,74,0.2,3,-3,398,-7,12,-1024,-93,-1024,1024,-1,-1,-1,-1,-1,1,-1,-1,-1,0x0000000000000000,1498,1499,1699,1501,2012,1502,988,988,1500,1500,1500,1500,1500,1500,1500,1500,1500,1500,1500,1500,1500,1500,1500,1500,1500,1500,1500,1500,1500,1500,1500,1500,8.0
2026-05-04,13:36:45.530,-0.20,0.24,-2.78,-64,0,100,14,0,5,50,-62,100,14,"MANU",53.759214 -1.544985,45.4,268.60,13,8,11.9,9.1,67,74,0.2,3,-81,398,-321,13,-1024,-93,-1024,1024,-1,-1,-1,-1,-1,1,-1,-1,-1,0x0000000000000000,1405,1478,1699,1501,2012,1595,988,988,1500,1500,1500,1500,1500,1500,1500,1500,1500,1500,1500,1500,1500,1500,1500,1500,1500,1500,1500,1500,1500,1500,1500,1500,8.0
2026-05-04,13:36:46.030,-0.20,0.24,-2.78,-67,0,100,14,0,5,50,-65,100,14,"MANU",53.759214 -1.544985,45.4,268.60,13,8,11.9,9.1,67,74,0.2,3,-110,399,-293,12,-1024,-93,-1024,1024,-1,0,-1,-1,-1,1,-1,-1,-1,0x0000000000000000,1414,1474,1699,1500,2012,1586,1500,988,1500,1500,1500,1500,1500,1500,1500,1500,1500,1500,1500,1500,1500,1500,1500,1500,1500,1500,1500,1500,1500,1500,1500,1500,8.0
2026-05-04,13:36:46.530,-0.20,0.24,-2.78,-69,0,99,14,0,5,50,-59,100,14,"MANU",53.759214 -1.544985,45.4,268.60,13,8,12.0,5.9,78,79,0.2,2,-94,398,-3,12,-1024,-93,-1024,1024,-1,0,-1,-1,-1,1,-1,-1,-1,0x0000000000000000,1499,1475,1699,1500,2012,1501,1500,988,1500,1500,1500,1500,1500,1500,1500,1500,1500,1500,1500,1500,1500,1500,1500,1500,1500,1500,1500,1500,1500,1500,1500,1500,8.0
2026-05-04,13:36:47.030,-0.20,0.24,-2.78,-65,0,100,14,0,5,50,-55,100,15,"MANU",53.759214 -1.544985,45.4,268.60,13,8,12.0,5.9,78,79,0.2,4,-449,475,4,12,-1024,-93,-1024,1024,-1,0,-1,-1,-1,1,-1,-1,-1,0x0000000000000000,1501,1376,1737,1501,2012,1499,1500,988,1500,1500,1500,1500,1500,1500,1500,1500,1500,1500,1500,1500,1500,1500,1500,1500,1500,1500,1500,1500,1500,1500,1500,1500,8.0
2026-05-04,13:36:47.530,0.00,0.07,0.29,-62,0,100,14,0,5,50,-55,100,13,"MANU",53.759214 -1.544985,45.4,268.60,13,8,12.0,5.9,78,79,0.2,2,-482,532,9,12,-1024,-93,-1024,1024,-1,0,-1,-1,-1,1,-1,-1,-1,0x0000000000000000,1502,1367,1766,1500,2012,1498,1500,988,1500,1500,1500,1500,1500,1500,1500,1500,1500,1500,1500,1500,1500,1500,1500,1500,1500,1500,1500,1500,1500,1500,1500,1500,8.0
2026-05-04,13:36:48.030,0.00,0.07,0.29,-61,0,99,14,0,5,50,-58,100,13,"MANU",53.759214 -1.544985,45.4,268.60,13,8,12.0,5.9,78,79,0.2,2,-648,572,0,12,-1024,-93,-1024,1024,-1,0,-1,-1,-1,1,-1,-1,-1,0x0000000000000000,1500,1318,1786,1500,2012,1500,1500,988,1500,1500,1500,1500,1500,1500,1500,1500,1500,1500,1500,1500,1500,1500,1500,1500,1500,1500,1500,1500,1500,1500,1500,1500,8.0
2026-05-04,13:36:48.530,0.00,0.07,0.29,-63,0,100,14,0,5,50,-56,100,14,"ANGL",53.759214 -1.544985,45.4,268.60,13,8,12.0,5.9,78,79,0.2,3,-919,657,-4,12,-1024,-93,-1024,1024,-1,0,-1,-1,-1,1,-1,-1,-1,0x0000000000000000,1499,1230,1828,1501,2012,1501,1500,988,1500,1500,1500,1500,1500,1500,1500,1500,1500,1500,1500,1500,1500,1500,1500,1500,1500,1500,1500,1500,1500,1500,1500,1500,8.0
2026-05-04,13:36:49.030,0.00,0.07,0.29,-66,0,99,14,0,5,50,-59,100,14,"ANGL",53.759214 -1.544985,45.4,268.60,13,8,12.0,5.9,78,79,0.2,2,-124,597,0,12,-1024,-93,-1024,1024,-1,0,-1,-1,-1,1,-1,-1,-1,0x0000000000000000,1500,1467,1798,1500,2012,1500,1500,988,1500,1500,1500,1500,1500,1500,1500,1500,1500,1500,1500,1500,1500,1500,1500,1500,1500,1500,1500,1500,1500,1500,1500,1500,8.0
2026-05-04,13:36:49.530,0.00,0.07,0.29,-59,0,100,14,0,5,50,-48,100,14,"ANGL",53.759214 -1.544985,45.4,268.60,13,8,12.0,5.9,78,79,0.5,2,-922,602,0,12,-1024,-93,-1024,1024,-1,0,-1,-1,-1,1,-1,-1,-1,0x0000000000000000,1500,1229,1801,1500,2012,1500,1500,988,1500,1500,1500,1500,1500,1500,1500,1500,1500,1500,1500,1500,1500,1500,1500,1500,1500,1500,1500,1500,1500,1500,1500,1500,8.0
2026-05-04,13:36:50.030,0.00,0.07,0.29,-54,0,100,14,0,5,50,-49,100,13,"ANGL",53.759214 -1.544985,45.4,268.60,13,8,12.0,5.9,78,79,0.5,2,-1024,620,1,12,-1024,-93,-1024,1024,-1,0,-1,-1,-1,1,-1,-1,-1,0x0000000000000000,1500,1193,1810,1500,2012,1500,1500,988,1500,1500,1500,1500,1500,1500,1500,1500,1500,1500,1500,1500,1500,1500,1500,1500,1500,1500,1500,1500,1500,1500,1500,1500,8.0
2026-05-04,13:36:50.530,0.00,0.07,0.29,-55,0,99,14,0,5,50,-51,100,14,"ANGL",53.759214 -1.544985,45.4,268.60,13,8,12.0,5.9,78,79,0.5,2,-968,682,0,13,-1024,-93,-1024,1024,-1,0,-1,-1,-1,1,-1,-1,-1,0x0000000000000000,1500,1213,1841,1500,2012,1500,1500,988,1500,1500,1500,1500,1500,1500,1500,1500,1500,1500,1500,1500,1500,1500,1500,1500,1500,1500,1500,1500,1500,1500,1500,1500,8.0
2026-05-04,13:36:51.030,0.00,0.07,0.29,-61,0,99,14,0,5,50,-59,100,15,"ANGL",53.759832 -1.545030,55.7,21.90,17,8,12.0,5.9,78,79,0.5,2,-334,680,0,12,-1024,-93,-1024,1024,-1,0,-1,-1,-1,1,-1,-1,-1,0x0000000000000000,1500,1409,1840,1500,2012,1500,1500,988,1500,1500,1500,1500,1500,1500,1500,1500,1500,1500,1500,1500,1500,1500,1500,1500,1500,1500,1500,1500,1500,1500,1500,1500,8.0
2026-05-04,13:36:51.530,0.00,0.07,0.29,-66,0,99,14,0,5,50,-51,100,13,"ANGL",53.759832 -1.545030,55.7,21.90,17,8,12.0,5.9,78,79,0.5,3,-167,679,2,12,-1024,-93,-1024,1024,-1,0,-1,-1,-1,1,-1,-1,-1,0x0000000000000000,1500,1455,1839,1501,2012,1500,1500,988,1500,1500,1500,1500,1500,1500,1500,1500,1500,1500,1500,1500,1500,1500,1500,1500,1500,1500,1500,1500,1500,1500,1500,1500,8.0
2026-05-04,13:36:52.030,0.00,0.07,0.29,-65,0,99,14,0,5,50,-69,100,13,"ANGL",53.759832 -1.545030,55.7,21.90,17,8,12.0,5.9,78,79,0.5,3,-342,680,1,12,-1024,-93,-1024,1024,1,0,-1,-1,-1,1,-1,-1,-1,0x0000000000000000,1500,1345,1840,1501,2012,1499,1500,988,1500,1500,1500,1500,1500,1500,1500,1500,1500,1500,1500,1500,1500,1500,1500,1500,1500,1500,1500,1500,1500,1500,1500,1500,8.0
2026-05-04,13:36:52.530,0.00,0.07,0.29,-68,0,99,14,0,5,50,-62,100,15,"ANGL",53.759832 -1.545030,55.7,21.90,17,8,11.8,9.8,90,72,0.5,14,-978,391,124,12,-1024,-93,-1024,1024,1,0,-1,-1,-1,1,-1,-1,-1,0x0000000000000000,1556,1016,1695,1505,2012,1444,1500,988,1500,1500,1500,1500,1500,1500,1500,1500,1500,1500,1500,1500,1500,1500,1500,1500,1500,1500,1500,1500,1500,1500,1500,1500,8.0
2026-05-04,13:36:53.030,-0.05,0.02,0.37,-63,0,99,14,0,5,50,-54,100,15,"ANGL",53.759832 -1.545030,55.7,21.90,17,8,11.8,9.8,90,72,0.5,4,-209,479,12,12,-1024,-93,-1024,1024,1,0,-1,-1,-1,1,-1,-1,-1,0x0000000000000000,1505,1406,1739,1501,2012,1495,1500,988,1500,1500,1500,1500,1500,1500,1500,1500,1500,1500,1500,1500,1500,1500,1500,1500,1500,1500,1500,1500,1500,1500,1500,1500,8.0
2026-05-04,13:36:53.530,-0.05,0.02,0.37,-62,0,100,14,0,5,50,-55,100,15,"ANGL",53.759832 -1.545030,55.7,21.90,17,8,11.8,9.8,90,72,0.5,2,-116,635,455,12,-1024,-93,-1024,1024,1,0,-1,-1,-1,1,-1,-1,-1,0x0000000000000000,1709,1448,1817,1500,2012,1291,1500,988,1500,1500,1500,1500,1500,1500,1500,1500,1500,1500,1500,1500,1500,1500,1500,1500,1500,1500,1500,1500,1500,1500,1500,1500,8.0
2026-05-04,13:36:54.030,-0.05,0.02,0.37,-65,0,97,14,0,5,50,-58,100,14,"ANGL",53.759832 -1.545030,55.7,21.90,17,8,11.8,9.8,90,72,0.5,3,-2,710,769,12,-1024,-93,-1024,1024,1,0,-1,-1,-1,1,-1,-1,-1,0x0000000000000000,1867,1499,1855,1501,2012,1133,1500,988,1500,1500,1500,1500,1500,1500,1500,1500,1500,1500,1500,1500,1500,1500,1500,1500,1500,1500,1500,1500,1500,1500,1500,1500,8.0
2026-05-04,13:36:54.530,-0.05,0.02,0.37,-64,0,99,14,0,5,50,-56,100,14,"ANGL",53.759832 -1.545030,55.7,21.90,17,8,11.8,9.8,90,72,0.5,111,-382,710,517,12,-1024,-93,-1024,1024,1,0,-1,-1,-1,1,-1,-1,-1,0x0000000000000000,1739,1326,1855,1539,2012,1261,1500,988,1500,1500,1500,1500,1500,1500,1500,1500,1500,1500,1500,1500,1500,1500,1500,1500,1500,1500,1500,1500,1500,1500,1500,1500,8.0
2026-05-04,13:36:55.030,-0.05,0.02,0.37,-64,0,99,14,0,5,50,-60,100,13,"ANGL",53.759832 -1.545030,55.7,21.90,17,8,11.8,9.8,90,72,0.7,160,-451,730,667,12,-1024,-93,-1024,1024,1,0,-1,-1,-1,1,-1,-1,-1,0x0000000000000000,1814,1293,1865,1556,2012,1186,1500,988,1500,1500,1500,1500,1500,1500,1500,1500,1500,1500,1500,1500,1500,1500,1500,1500,1500,1500,1500,1500,1500,1500,1500,1500,8.0
2026-05-04,13:36:55.530,-0.05,0.02,0.37,-71,0,100,14,0,5,50,-67,100,14,"ANGL",53.759832 -1.545030,55.7,21.90,17,8,11.8,9.8,90,72,0.7,110,-597,760,312,12,-1024,-93,-1024,1024,1,0,-1,-1,-1,1,-1,-1,-1,0x0000000000000000,1641,1222,1880,1539,2012,1359,1500,988,1500,1500,1500,1500,1500,1500,1500,1500,1500,1500,1500,1500,1500,1500,1500,1500,1500,1500,1500,1500,1500,1500,1500,1500,8.0
2026-05-04,13:36:56.030,-0.05,0.02,0.37,-72,0,99,13,0,5,50,-63,100,13,"ANGL",53.759832 -1.545030,55.7,21.90,17,8,11.8,9.8,90,72,0.7,127,-383,767,719,12,-1024,-93,-1024,1024,1,0,-1,-1,-1,1,-1,-1,-1,0x0000000000000000,1841,1325,1883,1544,2012,1159,1500,988,1500,1500,1500,1500,1500,1500,1500,1500,1500,1500,1500,1500,1500,1500,1500,1500,1500,1500,1500,1500,1500,1500,1500,1500,8.0
2026-05-04,13:36:56.530,-0.05,0.02,0.37,-68,0,98,14,0,5,50,-61,100,13,"ANGL",53.760547 -1.544483,58.9,27.40,26,8,11.8,9.8,90,72,0.7,190,-315,797,834,12,-1024,-93,-1024,1024,1,0,-1,-1,-1,1,-1,-1,-1,0x0000000000000000,1902,1357,1898,1567,2012,1098,1500,988,1500,1500,1500,1500,1500,1500,1500,1500,1500,1500,1500,1500,1500,1500,1500,1500,1500,1500,1500,1500,1500,1500,1500,1500,8.0
2026-05-04,13:36:57.030,-0.05,0.02,0.37,-68,0,98,14,0,5,50,-61,100,13,"ANGL",53.760547 -1.544483,58.9,27.40,26,8,11.8,9.8,90,72,0.7,213,-433,753,541,12,-1024,-93,-1024,1024,1,0,-1,-1,-1,1,-1,-1,-1,0x0000000000000000,1750,1302,1876,1576,2012,1250,1500,988,1500,1500,1500,1500,1500,1500,1500,1500,1500,1500,1500,1500,1500,1500,1500,1500,1500,1500,1500,1500,1500,1500,1500,1500,8.0
2026-05-04,13:36:57.530,-0.05,0.02,0.37,-67,0,99,14,0,5,50,-62,100,14,"ANGL",53.760547 -1.544483,58.9,27.40,26,8,11.8,9.8,90,72,0.7,299,-405,702,614,12,-1024,-93,-1024,1024,1,0,-1,-1,-1,1,-1,-1,-1,0x0000000000000000,1787,1315,1851,1608,2012,1213,1500,988,1500,1500,1500,1500,1500,1500,1500,1500,1500,1500,1500,1500,1500,1500,1500,1500,1500,1500,1500,1500,1500,1500,1500,1500,8.0
2026-05-04,13:36:58.030,-0.05,0.02,0.37,-70,0,99,14,0,5,50,-69,100,15,"ANGL",53.760547 -1.544483,58.9,27.40,26,8,11.7,10.4,103,69,0.7,293,-417,662,581,12,-1024,-93,-1024,1024,1,0,-1,-1,-1,1,-1,-1,-1,0x0000000000000000,1770,1309,1831,1606,2012,1230,1500,988,1500,1500,1500,1500,1500,1500,1500,1500,1500,1500,1500,1500,1500,1500,1500,1500,1500,1500,1500,1500,1500,1500,1500,1500,8.0
2026-05-04,13:36:58.530,-0.05,0.38,1.42,-75,0,99,14,0,5,50,-72,100,14,"ANGL",53.760547 -1.544483,58.9,27.40,26,8,11.7,10.4,103,69,0.7,386,-344,660,664,12,-1024,-93,-1024,1024,1,0,-1,-1,-1,1,-1,-1,-1,0x0000000000000000,1812,1344,1830,1643,2012,1188,1500,988,1500,1500,1500,1500,1500,1500,1500,1500,1500,1500,1500,1500,1500,1500,1500,1500,1500,1500,1500,1500,1500,1500,1500,1500,8.0
2026-05-04,13:36:59.030,-0.05,0.38,1.42,-76,0,97,13,0,5,50,-67,100,15,"ANGL",53.760547 -1.544483,58.9,27.40,26,8,11.7,10.4,103,69,0.7,411,-340,633,646,12,-1024,-93,-1024,1024,1,0,-1,-1,-1,1,-1,-1,-1,0x0000000000000000,1803,1346,1816,1653,2012,1197,1500,988,1500,1500,1500,1500,1500,1500,1500,1500,1500,1500,1500,1500,1500,1500,1500,1500,1500,1500,1500,1500,1500,1500,1500,1500,8.0
2026-05-04,13:36:59.530,-0.05,0.38,1.42,-66,0,100,14,0,5,50,-57,100,14,"ANGL",53.760547 -1.544483,58.9,27.40,26,8,11.7,10.4,103,69,0.7,397,-332,646,657,12,-1024,-93,-1024,1024,1,0,-1,-1,-1,1,-1,-1,-1,0x0000000000000000,1809,1349,1823,1647,2012,1191,1500,988,1500,1500,1500,1500,1500,1500,1500,1500,1500,1500,1500,1500,1500,1500,1500,1500,1500,1500,1500,1500,1500,1500,1500,1500,8.0
2026-05-04,13:37:00.030,-0.05,0.38,1.42,-71,0,100,13,0,5,50,-77,100,12,"ANGL",53.760547 -1.544483,58.9,27.40,26,8,11.7,10.4,103,69,0.7,376,-329,654,663,12,-1024,-93,-1024,1024,1,0,-1,-1,-1,1,-1,-1,-1,0x0000000000000000,1812,1351,1827,1639,2012,1188,1500,988,1500,1500,1500,1500,1500,1500,1500,1500,1500,1500,1500,1500,1500,1500,1500,1500,1500,1500,1500,1500,1500,1500,1500,1500,8.0
2026-05-04,13:37:00.530,-0.05,0.38,1.42,-79,0,100,10,0,5,50,-72,100,13,"ANGL",53.760547 -1.544483,58.9,27.40,26,8,11.7,10.4,103,69,-1.2,361,-324,668,668,12,-1024,-93,-1024,1024,1,0,-1,-1,-1,1,-1,-1,-1,0x0000000000000000,1814,1353,1834,1633,2012,1186,1500,988,1500,1500,1500,1500,1500,1500,1500,1500,1500,1500,1500,1500,1500,1500,1500,1500,1500,1500,1500,1500,1500,1500,1500,1500,8.0
2026-05-04,13:37:01.030,-0.05,0.38,1.42,-77,0,99,12,0,5,50,-77,100,12,"ANGL",53.760547 -1.544483,58.9,27.40,26,8,11.7,10.4,103,69,-1.2,331,-320,684,663,12,-1024,-93,-1024,1024,1,0,-1,-1,-1,1,-1,-1,-1,0x0000000000000000,1812,1355,1842,1621,2012,1188,1500,988,1500,1500,1500,1500,1500,1500,1500,1500,1500,1500,1500,1500,1500,1500,1500,1500,1500,1500,1500,1500,1500,1500,1500,1500,8.0
2026-05-04,13:37:01.530,-0.05,0.38,1.42,-75,0,99,13,0,5,50,-61,100,13,"ANGL",53.760547 -1.544483,58.9,27.40,26,8,11.7,10.4,103,69,-1.2,3,-186,743,6,12,-1024,-93,-1024,1024,1,0,-1,-1,-1,1,-1,-1,-1,0x0000000000000000,1502,1424,1871,1501,2012,1498,1500,988,1500,1500,1500,1500,1500,1500,1500,1500,1500,1500,1500,1500,1500,1500,1500,1500,1500,1500,1500,1500,1500,1500,1500,1500,8.0
2026-05-04,13:37:02.030,-0.05,0.38,1.42,-67,0,100,14,0,5,50,-59,100,14,"ANGL",53.760751 -1.543340,56.0,142.20,26,7,11.7,10.4,103,69,-1.2,2,-129,616,-6,12,-1024,-93,-1024,1024,1,0,-1,-1,-1,1,-1,-1,-1,0x0000000000000000,1498,1442,1808,1500,2012,1502,1500,988,1500,1500,1500,1500,1500,1500,1500,1500,1500,1500,1500,1500,1500,1500,1500,1500,1500,1500,1500,1500,1500,1500,1500,1500,8.0
2026-05-04,13:37:02.530,-0.05,0.38,1.42,-65,0,99,14,0,5,50,-60,100,15,"ANGL",53.760751 -1.543340,56.0,142.20,26,7,11.7,10.4,103,69,-1.2,3,-629,806,2,12,-1024,-93,-1024,1024,1,0,-1,-1,-1,1,-1,-1,-1,0x0000000000000000,1501,1206,1903,1501,2012,1499,1500,988,1500,1500,1500,1500,1500,1500,1500,1500,1500,1500,1500,1500,1500,1500,1500,1500,1500,1500,1500,1500,1500,1500,1500,1500,8.0
2026-05-04,13:37:03.030,-0.05,0.38,1.42,-65,0,100,13,0,5,50,-59,100,13,"ANGL",53.760751 -1.543340,56.0,142.20,26,7,11.7,10.4,103,69,-1.2,3,-630,817,3,12,-1024,-93,-1024,1024,1,0,-1,-1,-1,1,-1,-1,-1,0x0000000000000000,1501,1205,1908,1501,2012,1499,1500,988,1500,1500,1500,1500,1500,1500,1500,1500,1500,1500,1500,1500,1500,1500,1500,1500,1500,1500,1500,1500,1500,1500,1500,1500,8.0
2026-05-04,13:37:03.530,-0.05,0.38,1.42,-67,0,100,14,0,5,50,-56,100,13,"ANGL",53.760751 -1.543340,56.0,142.20,26,7,11.8,9.5,117,70,-1.2,3,-343,833,1,12,-1024,-93,-1024,1024,1,0,-1,-1,-1,1,-1,-1,-1,0x0000000000000000,1500,1358,1916,1500,2012,1500,1500,988,1500,1500,1500,1500,1500,1500,1500,1500,1500,1500,1500,1500,1500,1500,1500,1500,1500,1500,1500,1500,1500,1500,1500,1500,8.0
2026-05-04,13:37:04.030,-0.28,-0.01,-2.34,-67,0,99,14,0,5,50,-65,100,14,"ANGL",53.760751 -1.543340,56.0,142.20,26,7,11.8,9.5,117,70,-1.2,1,-5,787,0,12,-1024,-93,-1024,1024,1,0,-1,-1,-1,1,-1,-1,-1,0x0000000000000000,1500,1498,1893,1500,2012,1500,1500,988,1500,1500,1500,1500,1500,1500,1500,1500,1500,1500,1500,1500,1500,1500,1500,1500,1500,1500,1500,1500,1500,1500,1500,1500,8.0
2026-05-04,13:37:04.530,-0.28,-0.01,-2.34,-65,0,100,14,0,5,50,-54,100,15,"ANGL",53.760751 -1.543340,56.0,142.20,26,7,11.8,9.5,117,70,-1.2,-416,-35,902,2,12,-1024,-93,-1024,1024,1,0,-1,-1,-1,1,-1,-1,-1,0x0000000000000000,1501,1485,1951,1344,2012,1499,1500,988,1500,1500,1500,1500,1500,1500,1500,1500,1500,1500,1500,1500,1500,1500,1500,1500,1500,1500,1500,1500,1500,1500,1500,1500,8.0
2026-05-04,13:37:05.030,-0.28,-0.01,-2.34,-64,0,100,14,0,5,50,-57,100,14,"ANGL",53.760751 -1.543340,56.0,142.20,26,7,11.8,9.5,117,70,-1.2,2,-126,836,1,12,-1024,-93,-1024,1024,1,0,-1,-1,-1,1,-1,-1,-1,0x0000000000000000,1500,1444,1918,1500,2012,1500,1500,988,1500,1500,1500,1500,1500,1500,1500,1500,1500,1500,1500,1500,1500,1500,1500,1500,1500,1500,1500,1500,1500,1500,1500,1500,8.0
2026-05-04,13:37:05.530,-0.28,-0.01,-2.34,-63,0,98,14,0,5,50,-56,100,14,"ANGL",53.760751 -1.543340,56.0,142.20,26,7,11.8,9.5,117,70,-1.2,2,0,836,0,12,-1024,-93,-1024,1024,1,0,-1,-1,-1,1,-1,-1,-1,0x0000000000000000,1500,1500,1918,1500,2012,1500,1500,988,1500,1500,1500,1500,1500,1500,1500,1500,1500,1500,1500,1500,1500,1500,1500,1500,1500,1500,1500,1500,1500,1500,1500,1500,8.0
2026-05-04,13:37:06.030,-0.28,-0.01,-2.34,-60,0,99,14,0,5,50,-51,100,14,"ANGL",53.760751 -1.543340,56.0,142.20,26,7,11.8,9.5,117,70,-0.3,3,1,836,-1,12,-1024,-93,-1024,1024,1,0,-1,-1,-1,1,-1,-1,-1,0x0000000000000000,1500,1500,1918,1501,2012,1500,1500,988,1500,1500,1500,1500,1500,1500,1500,1500,1500,1500,1500,1500,1500,1500,1500,1500,1500,1500,1500,1500,1500,1500,1500,1500,8.0
2026-05-04,13:37:06.530,-0.28,-0.01,-2.34,-60,0,99,14,0,5,50,-52,100,14,"ANGL",53.760751 -1.543340,56.0,142.20,26,7,11.8,9.5,117,70,-0.3,3,2,836,-1,12,-1024,-93,-1024,1024,1,0,-1,-1,-1,1,-1,-1,-1,0x0000000000000000,1500,1501,1918,1501,2012,1500,1500,988,1500,1500,1500,1500,1500,1500,1500,1500,1500,1500,1500,1500,1500,1500,1500,1500,1500,1500,1500,1500,1500,1500,1500,1500,8.0
2026-05-04,13:37:07.030,-0.28,-0.01,-2.34,-62,0,99,14,0,5,50,-70,100,14,"ANGL",53.760751 -1.543340,56.0,142.20,26,7,11.8,9.5,117,70,-0.3,3,2,836,-1,12,-1024,-93,-1024,1024,1,0,-1,-1,-1,1,-1,-1,-1,0x0000000000000000,1500,1501,1918,1501,2012,1500,1500,988,1500,1500,1500,1500,1500,1500,1500,1500,1500,1500,1500,1500,1500,1500,1500,1500,1500,1500,1500,1500,1500,1500,1500,1500,8.0
2026-05-04,13:37:07.530,-0.28,-0.01,-2.34,-69,0,99,13,0,5,50,-55,100,15,"ANGL",53.760227 -1.544018,59.3,230.90,31,8,11.8,9.5,117,70,-0.3,3,1,836,-2,12,-1024,-93,-1024,1024,1,0,-1,-1,-1,1,-1,-1,-1,0x0000000000000000,1499,1500,1918,1501,2012,1501,1500,988,1500,1500,1500,1500,1500,1500,1500,1500,1500,1500,1500,1500,1500,1500,1500,1500,1500,1500,1500,1500,1500,1500,1500,1500,8.0
2026-05-04,13:37:08.030,-0.28,-0.01,-2.34,-66,0,100,14,0,5,50,-64,100,13,"ANGL",53.760227 -1.544018,59.3,230.90,31,8,11.8,9.5,117,70,-0.3,3,2,836,-1,12,-1024,-93,-1024,1024,1,0,-1,-1,-1,1,-1,-1,-1,0x0000000000000000,1500,1501,1918,1501,2012,1500,1500,988,1500,1500,1500,1500,1500,1500,1500,1500,1500,1500,1500,1500,1500,1500,1500,1500,1500,1500,1500,1500,1500,1500,1500,1500,8.0
2026-05-04,13:37:08.530,-0.28,-0.01,-2.34,-66,0,100,14,0,5,50,-61,100,13,"ANGL",53.760227 -1.544018,59.3,230.90,31,8,11.8,9.5,117,70,-0.3,3,0,836,-1,12,-1024,-93,-1024,1024,1,0,-1,-1,-1,1,-1,-1,-1,0x0000000000000000,1500,1500,1918,1501,2012,1500,1500,988,1500,1500,1500,1500,1500,1500,1500,1500,1500,1500,1500,1500,1500,1500,1500,1500,1500,1500,1500,1500,1500,1500,1500,1500,8.0
2026-05-04,13:37:09.030,-0.28,-0.01,-2.34,-68,0,99,13,0,5,50,-65,100,13,"ANGL",53.760227 -1.544018,59.3,230.90,31,8,11.7,10.1,133,67,-0.3,3,-362,836,-4,12,-1024,-93,-1024,1024,1,0,-1,-1,-1,1,-1,-1,-1,0x0000000000000000,1498,1335,1918,1501,2012,1502,1500,988,1500,1500,1500,1500,1500,1500,1500,1500,1500,1500,1500,1500,1500,1500,1500,1500,1500,1500,1500,1500,1500,1500,1500,1500,8.0
2026-05-04,13:37:09.530,0.01,-0.01,-2.23,-70,0,98,14,0,5,50,-68,100,14,"ANGL",53.760227 -1.544018,59.3,230.90,31,8,11.7,10.1,133,67,-0.3,2,-580,831,-534,12,-1024,-93,-1024,1024,1,0,-1,-1,-1,1,-1,-1,-1,0x0000000000000000,1253,1230,1915,1500,2012,1747,1500,988,1500,1500,1500,1500,1500,1500,1500,1500,1500,1500,1500,1500,1500,1500,1500,1500,1500,1500,1500,1500,1500,1500,1500,1500,8.0
2026-05-04,13:37:10.030,0.01,-0.01,-2.23,-68,0,98,13,0,5,50,-62,100,15,"ANGL",53.760227 -1.544018,59.3,230.90,31,8,11.7,10.1,133,67,-0.3,2,-471,829,-804,13,-1024,-93,-1024,1024,1,0,-1,-1,-1,1,-1,-1,-1,0x0000000000000000,1114,1284,1914,1500,2012,1886,1500,988,1500,1500,1500,1500,1500,1500,1500,1500,1500,1500,1500,1500,1500,1500,1500,1500,1500,1500,1500,1500,1500,1500,1500,1500,8.0
2026-05-04,13:37:10.530,0.01,-0.01,-2.23,-69,0,100,13,0,5,50,-69,100,15,"ANGL",53.760227 -1.544018,59.3,230.90,31,8,11.7,10.1,133,67,-0.3,3,-133,829,-458,13,-1024,-93,-1024,1024,1,0,-1,-1,-1,1,-1,-1,-1,0x0000000000000000,1290,1440,1914,1501,2012,1710,1500,988,1500,1500,1500,1500,1500,1500,1500,1500,1500,1500,1500,1500,1500,1500,1500,1500,1500,1500,1500,1500,1500,1500,1500,1500,8.0
2026-05-04,13:37:11.030,0.01,-0.01,-2.23,-78,0,98,12,0,5,50,-59,100,13,"ANGL",53.760227 -1.544018,59.3,230.90,31,8,11.7,10.1,133,67,-0.3,2,-332,824,-395,13,-1024,-93,-1024,1024,1,0,-1,-1,-1,1,-1,-1,-1,0x0000000000000000,1320,1349,1912,1500,2012,1680,1500,988,1500,1500,1500,1500,1500,1500,1500,1500,1500,1500,1500,1500,1500,1500,1500,1500,1500,1500,1500,1500,1500,1500,1500,1500,8.0
2026-05-04,13:37:11.530,0.01,-0.01,-2.23,-68,0,99,14,0,5,50,-64,100,14,"ANGL",53.760227 -1.544018,59.3,230.90,31,8,11.7,10.1,133,67,3.2,3,-186,827,-731,13,-1024,-93,-1024,1024,1,0,-1,-1,-1,1,-1,-1,-1,0x0000000000000000,1153,1416,1913,1501,2012,1847,1500,988,1500,1500,1500,1500,1500,1500,1500,1500,1500,1500,1500,1500,1500,1500,1500,1500,1500,1500,1500,1500,1500,1500,1500,1500,8.0
2026-05-04,13:37:12.030,0.01,-0.01,-2.23,-76,0,99,12,0,5,50,-75,100,13,"ANGL",53.760227 -1.544018,59.3,230.90,31,8,11.7,10.1,133,67,3.2,4,-617,834,-1011,13,-1024,-93,-1024,1024,1,0,-1,-1,-1,1,-1,-1,-1,0x0000000000000000,996,1212,1917,1501,2012,2004,1500,988,1500,1500,1500,1500,1500,1500,1500,1500,1500,1500,1500,1500,1500,1500,1500,1500,1500,1500,1500,1500,1500,1500,1500,1500,8.0
2026-05-04,13:37:12.530,0.01,-0.01,-2.23,-81,0,99,10,0,5,50,-74,100,13,"ANGL",53.760227 -1.544018,59.3,230.90,31,8,11.7,10.1,133,67,3.2,4,-559,885,-221,12,-1024,-93,-1024,1024,1,0,-1,-1,-1,1,-1,-1,-1,0x0000000000000000,1400,1241,1942,1501,2012,1600,1500,988,1500,1500,1500,1500,1500,1500,1500,1500,1500,1500,1500,1500,1500,1500,1500,1500,1500,1500,1500,1500,1500,1500,1500,1500,8.0
2026-05-04,13:37:13.030,0.01,-0.01,-2.23,-71,0,99,13,0,5,50,-65,100,14,"ANGL",53.759697 -1.545216,60.4,225.20,34,8,11.7,10.1,133,67,3.2,4,-445,888,-566,13,-1024,-93,-1024,1024,1,0,-1,-1,-1,1,-1,-1,-1,0x0000000000000000,1237,1296,1944,1501,2012,1763,1500,988,1500,1500,1500,1500,1500,1500,1500,1500,1500,1500,1500,1500,1500,1500,1500,1500,1500,1500,1500,1500,1500,1500,1500,1500,8.0
2026-05-04,13:37:13.530,0.01,-0.01,-2.23,-73,0,100,13,0,5,50,-80,100,11,"ANGL",53.759697 -1.545216,60.4,225.20,34,8,11.7,10.1,133,67,3.2,4,-554,871,-1019,13,-1024,-93,-1024,1024,1,0,-1,-1,-1,1,-1,-1,-1,0x0000000000000000,991,1243,1935,1501,2012,2009,1500,988,1500,1500,1500,1500,1500,1500,1500,1500,1500,1500,1500,1500,1500,1500,1500,1500,1500,1500,1500,1500,1500,1500,1500,1500,8.0
2026-05-04,13:37:14.030,0.01,-0.01,-2.23,-84,0,96,10,0,5,50,-82,100,10,"ANGL",53.759697 -1.545216,60.4,225.20,34,8,11.7,10.1,133,67,3.2,5,-641,868,-1001,13,-1024,-93,-1024,1024,1,0,-1,-1,-1,1,-1,-1,-1,0x0000000000000000,1003,1200,1934,1501,2012,1997,1500,988,1500,1500,1500,1500,1500,1500,1500,1500,1500,1500,1500,1500,1500,1500,1500,1500,1500,1500,1500,1500,1500,1500,1500,1500,8.0
2026-05-04,13:37:14.530,0.01,-0.01,-2.23,-90,0,95,7,0,5,50,-79,100,12,"ANGL",53.759697 -1.545216,60.4,225.20,34,8,11.6,11.0,149,65,3.2,2,-887,899,-597,13,-1024,-93,-1024,1024,1,0,-1,-1,-1,1,-1,-1,-1,0x0000000000000000,1222,1068,1949,1500,2012,1778,1500,988,1500,1500,1500,1500,1500,1500,1500,1500,1500,1500,1500,1500,1500,1500,1500,1500,1500,1500,1500,1500,1500,1500,1500,1500,8.0
2026-05-04,13:37:15.030,0.01,-0.01,-2.23,-79,0,97,12,0,5,50,-69,100,15,"ANGL",53.759697 -1.545216,60.4,225.20,34,8,11.6,11.0,149,65,3.2,-125,-864,866,-895,13,-1024,-93,-1024,1024,1,0,-1,-1,-1,1,-1,-1,-1,0x0000000000000000,1063,1081,1933,1451,2012,1937,1500,988,1500,1500,1500,1500,1500,1500,1500,1500,1500,1500,1500,1500,1500,1500,1500,1500,1500,1500,1500,1500,1500,1500,1500,1500,8.0
2026-05-04,13:37:15.530,-0.19,-1.05,-2.69,-83,0,95,9,0,5,50,-73,100,14,"ANGL",53.759697 -1.545216,60.4,225.20,34,8,11.6,11.0,149,65,3.2,-89,-422,871,-750,13,-1024,-93,-1024,1024,1,0,-1,-1,-1,1,-1,-1,-1,0x0000000000000000,1143,1307,1935,1469,2012,1857,1500,988,1500,1500,1500,1500,1500,1500,1500,1500,1500,1500,1500,1500,1500,1500,1500,1500,1500,1500,1500,1500,1500,1500,1500,1500,8.0
2026-05-04,13:37:16.030,-0.19,-1.05,-2.69,-88,0,96,8,0,5,50,-80,100,11,"ANGL",53.759697 -1.545216,60.4,225.20,34,8,11.6,11.0,149,65,3.2,-74,-206,829,-847,13,-1024,-93,-1024,1024,1,0,-1,-1,-1,1,-1,-1,-1,0x0000000000000000,1090,1402,1914,1474,2012,1910,1500,988,1500,1500,1500,1500,1500,1500,1500,1500,1500,1500,1500,1500,1500,1500,1500,1500,1500,1500,1500,1500,1500,1500,1500,1500,8.0
2026-05-04,13:37:16.530,-0.19,-1.05,-2.69,-79,0,96,11,0,5,50,-67,100,14,"ANGL",53.759697 -1.545216,60.4,225.20,34,8,11.6,11.0,149,65,3.2,-99,-576,810,-1024,13,-1024,-93,-1024,1024,1,0,-1,-1,-1,1,-1,-1,-1,0x0000000000000000,988,1232,1905,1465,2012,2012,1500,988,1500,1500,1500,1500,1500,1500,1500,1500,1500,1500,1500,1500,1500,1500,1500,1500,1500,1500,1500,1500,1500,1500,1500,1500,8.0
2026-05-04,13:37:17.030,-0.19,-1.05,-2.69,-85,0,98,11,0,5,50,-81,100,11,"ANGL",53.759697 -1.545216,60.4,225.20,34,8,11.6,11.0,149,65,2.1,-80,-781,807,-897,13,-1024,-93,-1024,1024,1,0,-1,-1,-1,1,-1,-1,-1,0x0000000000000000,1062,1126,1903,1472,2012,1938,1500,988,1500,1500,1500,1500,1500,1500,1500,1500,1500,1500,1500,1500,1500,1500,1500,1500,1500,1500,1500,1500,1500,1500,1500,1500,8.0
2026-05-04,13:37:17.530,-0.19,-1.05,-2.69,-76,0,98,13,0,5,50,-67,100,14,"ANGL",53.759697 -1.545216,60.4,225.20,34,8,11.6,11.0,149,65,2.1,-156,-945,799,-970,13,-1024,-93,-1024,1024,1,0,-1,-1,-1,1,-1,-1,-1,0x0000000000000000,1020,1035,1899,1445,2012,1980,1500,988,1500,1500,1500,1500,1500,1500,1500,1500,1500,1500,1500,1500,1500,1500,1500,1500,1500,1500,1500,1500,1500,1500,1500,1500,8.0
2026-05-04,13:37:18.030,-0.19,-1.05,-2.69,-78,0,99,13,0,5,50,-83,100,12,"ANGL",53.759697 -1.545216,60.4,225.20,34,8,11.6,11.0,149,65,2.1,-430,-751,774,-914,13,-1024,-93,-1024,1024,1,0,-1,-1,-1,1,-1,-1,-1,0x0000000000000000,1053,1142,1887,1339,2012,1947,1500,988,1500,1500,1500,1500,1500,1500,1500,1500,1500,1500,1500,1500,1500,1500,1500,1500,1500,1500,1500,1500,1500,1500,1500,1500,8.0
2026-05-04,13:37:18.530,-0.19,-1.05,-2.69,-77,0,98,11,0,5,50,-60,100,13,"ANGL",53.759007 -1.545648,48.9,173.30,41,8,11.6,11.0,149,65,2.1,-429,-639,740,-846,13,-1024,-93,-1024,1024,1,0,-1,-1,-1,1,-1,-1,-1,0x0000000000000000,1091,1201,1870,1339,2012,1909,1500,988,1500,1500,1500,1500,1500,1500,1500,1500,1500,1500,1500,1500,1500,1500,1500,1500,1500,1500,1500,1500,1500,1500,1500,1500,8.0
2026-05-04,13:37:19.030,-0.19,-1.05,-2.69,-69,0,98,14,0,5,50,-64,100,13,"ANGL",53.759007 -1.545648,48.9,173.30,41,8,11.6,11.0,149,65,2.1,-395,-577,748,-787,13,-1024,-93,-1024,1024,1,0,-1,-1,-1,1,-1,-1,-1,0x0000000000000000,1123,1232,1874,1353,2012,1877,1500,988,1500,1500,1500,1500,1500,1500,1500,1500,1500,1500,1500,1500,1500,1500,1500,1500,1500,1500,1500,1500,1500,1500,1500,1500,8.0
2026-05-04,13:37:19.530,-0.19,-1.05,-2.69,-74,0,98,13,0,5,50,-65,100,13,"ANGL",53.759007 -1.545648,48.9,173.30,41,8,11.6,11.0,149,65,2.1,-441,-598,741,-821,13,-1024,-93,-1024,1024,1,0,-1,-1,-1,1,-1,-1,-1,0x0000000000000000,1105,1221,1870,1334,2012,1895,1500,988,1500,1500,1500,1500,1500,1500,1500,1500,1500,1500,1500,1500,1500,1500,1500,1500,1500,1500,1500,1500,1500,1500,1500,1500,8.0
2026-05-04,13:37:20.030,-0.19,-1.05,-2.69,-71,0,98,13,0,5,50,-67,100,13,"ANGL",53.759007 -1.545648,48.9,173.30,41,8,11.6,9.5,166,66,2.1,-457,-601,738,-820,13,-1024,-93,-1024,1024,1,0,-1,-1,-1,1,-1,-1,-1,0x0000000000000000,1105,1220,1869,1327,2012,1895,1500,988,1500,1500,1500,1500,1500,1500,1500,1500,1500,1500,1500,1500,1500,1500,1500,1500,1500,1500,1500,1500,1500,1500,1500,1500,8.0
2026-05-04,13:37:20.530,-0.19,-1.05,-2.69,-77,0,99,12,0,5,50,-67,100,12,"ANGL",53.759007 -1.545648,48.9,173.30,41,8,11.6,9.5,166,66,2.1,-465,-559,741,-747,13,-1024,-93,-1024,1024,1,0,-1,-1,-1,1,-1,-1,-1,0x0000000000000000,1144,1241,1870,1323,2012,1856,1500,988,1500,1500,1500,1500,1500,1500,1500,1500,1500,1500,1500,1500,1500,1500,1500,1500,1500,1500,1500,1500,1500,1500,1500,1500,8.0
2026-05-04,13:37:21.030,-0.02,-0.76,1.08,-84,0,98,11,0,5,50,-86,100,7,"ANGL",53.759007 -1.545648,48.9,173.30,41,8,11.6,9.5,166,66,2.1,-1,-370,588,-508,13,-1024,-93,-1024,1024,1,0,-1,-1,-1,1,-1,-1,-1,0x0000000000000000,1266,1332,1794,1500,2012,1734,1500,988,1500,1500,1500,1500,1500,1500,1500,1500,1500,1500,1500,1500,1500,1500,1500,1500,1500,1500,1500,1500,1500,1500,1500,1500,8.0
2026-05-04,13:37:21.530,-0.02,-0.76,1.08,-79,0,99,11,0,5,50,-67,100,15,"ANGL",53.759007 -1.545648,48.9,173.30,41,8,11.6,9.5,166,66,2.1,3,1,588,-2,13,-1024,-93,-1024,1024,1,0,-1,-1,-1,1,-1,-1,-1,0x0000000000000000,1499,1500,1794,1501,2012,1501,1500,988,1500,1500,1500,1500,1500,1500,1500,1500,1500,1500,1500,1500,1500,1500,1500,1500,1500,1500,1500,1500,1500,1500,1500,1500,8.0
2026-05-04,13:37:22.030,-0.02,-0.76,1.08,-73,0,100,13,0,5,50,-65,100,14,"ANGL",53.759007 -1.545648,48.9,173.30,41,8,11.6,9.5,166,66,2.1,3,1,588,-2,12,-1024,-93,-1024,1024,1,0,-1,-1,-1,1,-1,-1,-1,0x0000000000000000,1499,1500,1794,1501,2012,1501,1500,988,1500,1500,1500,1500,1500,1500,1500,1500,1500,1500,1500,1500,1500,1500,1500,1500,1500,1500,1500,1500,1500,1500,1500,1500,8.0
2026-05-04,13:37:22.530,-0.02,-0.76,1.08,-67,0,100,13,0,5,50,-56,100,14,"ANGL",53.759007 -1.545648,48.9,173.30,41,8,11.6,9.5,166,66,0.1,3,2,589,-1,12,-1024,-93,-1024,1024,1,0,-1,-1,-1,1,-1,-1,-1,0x0000000000000000,1500,1501,1794,1501,2012,1500,1500,988,1500,1500,1500,1500,1500,1500,1500,1500,1500,1500,1500,1500,1500,1500,1500,1500,1500,1500,1500,1500,1500,1500,1500,1500,8.0
2026-05-04,13:37:23.030,-0.02,-0.76,1.08,-66,0,100,14,0,5,50,-59,100,14,"ANGL",53.759007 -1.545648,48.9,173.30,41,8,11.6,9.5,166,66,0.1,3,2,589,-1,12,-1024,-93,-1024,1024,1,0,-1,-1,-1,1,-1,-1,-1,0x0000000000000000,1500,1501,1794,1501,2012,1500,1500,988,1500,1500,1500,1500,1500,1500,1500,1500,1500,1500,1500,1500,1500,1500,1500,1500,1500,1500,1500,1500,1500,1500,1500,1500,8.0
2026-05-04,13:37:23.530,-0.02,-0.76,1.08,-68,0,100,14,0,5,50,-56,100,15,"ANGL",53.759007 -1.545648,48.9,173.30,41,8,11.6,9.5,166,66,0.1,3,1,606,139,12,-1024,-93,-1024,1024,1,0,-1,-1,-1,1,-1,-1,-1,0x0000000000000000,1562,1500,1803,1501,2012,1438,1500,988,1500,1500,1500,1500,1500,1500,1500,1500,1500,1500,1500,1500,1500,1500,1500,1500,1500,1500,1500,1500,1500,1500,1500,1500,8.0
2026-05-04,13:37:24.030,-0.02,-0.76,1.08,-63,0,100,14,0,5,50,-62,100,15,"ANGL",53.759107 -1.544849,55.9,-296.66,46,8,11.6,9.5,166,66,0.1,3,3,606,976,11,-1024,-93,-1024,1024,1,0,-1,-1,-1,1,-1,-1,-1,0x0000000000000000,1983,1501,1803,1501,2012,1017,1500,988,1500,1500,1500,1500,1500,1500,1500,1500,1500,1500,1500,1500,1500,1500,1500,1500,1500,1500,1500,1500,1500,1500,1500,1500,8.0
2026-05-04,13:37:24.530,-0.02,-0.76,1.08,-68,0,100,13,0,5,50,-53,100,14,"ANGL",53.759107 -1.544849,55.9,-296.66,46,8,11.6,9.5,166,66,0.1,3,-4,607,-732,13,-1024,-93,-1024,1024,1,0,-1,-1,-1,1,-1,-1,-1,0x0000000000000000,1152,1498,1803,1501,2012,1848,1500,988,1500,1500,1500,1500,1500,1500,1500,1500,1500,1500,1500,1500,1500,1500,1500,1500,1500,1500,1500,1500,1500,1500,1500,1500,8.0
2026-05-04,13:37:25.030,-0.02,-0.76,1.08,-61,0,100,14,0,5,50,-50,100,14,"ANGL",53.759107 -1.544849,55.9,-296.66,46,8,11.6,9.5,166,66,0.1,3,2,606,-2,12,-1024,-93,-1024,1024,1,0,-1,-1,-1,1,-1,-1,-1,0x0000000000000000,1499,1501,1803,1501,2012,1501,1500,988,1500,1500,1500,1500,1500,1500,1500,1500,1500,1500,1500,1500,1500,1500,1500,1500,1500,1500,1500,1500,1500,1500,1500,1500,8.0
2026-05-04,13:37:25.530,-0.02,-0.76,1.08,-58,0,100,14,0,5,50,-51,100,14,"ANGL",53.759107 -1.544849,55.9,-296.66,46,8,11.7,7.6,179,69,0.1,2,2,617,-2,12,-1024,-93,-1024,1024,1,0,-1,-1,-1,1,-1,-1,-1,0x0000000000000000,1499,1501,1808,1500,2012,1501,1500,988,1500,1500,1500,1500,1500,1500,1500,1500,1500,1500,1500,1500,1500,1500,1500,1500,1500,1500,1500,1500,1500,1500,1500,1500,8.0
2026-05-04,13:37:26.030,-0.02,-0.76,1.08,-59,0,100,14,0,5,50,-56,100,14,"ANGL",53.759107 -1.544849,55.9,-296.66,46,8,11.7,7.6,179,69,0.1,3,3,617,-2,12,-1024,-93,-1024,1024,1,0,-1,-1,-1,1,-1,-1,-1,0x0000000000000000,1499,1501,1808,1501,2012,1501,1500,988,1500,1500,1500,1500,1500,1500,1500,1500,1500,1500,1500,1500,1500,1500,1500,1500,1500,1500,1500,1500,1500,1500,1500,1500,8.0
2026-05-04,13:37:26.530,-0.02,-0.06,-0.09,-63,0,99,14,0,5,50,-51,100,14,"ANGL",53.759107 -1.544849,55.9,-296.66,46,8,11.7,7.6,179,69,0.1,3,0,617,3,13,-1024,-93,-1024,1024,1,0,-1,-1,-1,1,-1,-1,-1,0x0000000000000000,1501,1500,1808,1501,2012,1499,1500,988,1500,1500,1500,1500,1500,1500,1500,1500,1500,1500,1500,1500,1500,1500,1500,1500,1500,1500,1500,1500,1500,1500,1500,1500,8.0
2026-05-04,13:37:27.030,-0.02,-0.06,-0.09,-68,0,100,13,0,5,50,-55,100,15,"ANGL",53.759107 -1.544849,55.9,-296.66,46,8,11.7,7.6,179,69,0.1,2,1,617,1,12,-1024,-93,-1024,1024,1,0,-1,-1,-1,1,-1,-1,-1,0x0000000000000000,1500,1500,1808,1500,2012,1500,1500,988,1500,1500,1500,1500,1500,1500,1500,1500,1500,1500,1500,1500,1500,1500,1500,1500,1500,1500,1500,1500,1500,1500,1500,1500,8.0
2026-05-04,13:37:27.530,-0.02,-0.06,-0.09,-64,0,100,14,0,5,50,-56,100,14,"ANGL",53.759107 -1.544849,55.9,-296.66,46,8,11.7,7.6,179,69,0.1,3,-3,617,25,12,-1024,-93,-1024,1024,1,0,-1,-1,-1,1,-1,-1,-1,0x0000000000000000,1511,1499,1808,1501,2012,1489,1500,988,1500,1500,1500,1500,1500,1500,1500,1500,1500,1500,1500,1500,1500,1500,1500,1500,1500,1500,1500,1500,1500,1500,1500,1500,8.0
2026-05-04,13:37:28.030,-0.02,-0.06,-0.09,-68,0,100,14,0,5,50,-64,100,15,"ANGL",53.759107 -1.544849,55.9,-296.66,46,8,11.7,7.6,179,69,0.0,2,-16,616,144,12,-1024,-93,-1024,1024,1,0,-1,-1,-1,1,-1,-1,-1,0x0000000000000000,1565,1493,1808,1500,2012,1435,1500,988,1500,1500,1500,1500,1500,1500,1500,1500,1500,1500,1500,1500,1500,1500,1500,1500,1500,1500,1500,1500,1500,1500,1500,1500,8.0
2026-05-04,13:37:28.530,-0.02,-0.06,-0.09,-65,0,100,13,0,5,50,-60,100,15,"ANGL",53.759107 -1.544849,55.9,-296.66,46,8,11.7,7.6,179,69,0.0,2,-19,617,905,12,-1024,-93,-1024,1024,1,0,-1,-1,-1,1,-1,-1,-1,0x0000000000000000,1942,1492,1808,1500,2012,1058,1500,988,1500,1500,1500,1500,1500,1500,1500,1500,1500,1500,1500,1500,1500,1500,1500,1500,1500,1500,1500,1500,1500,1500,1500,1500,8.0
2026-05-04,13:37:29.030,-0.02,-0.06,-0.09,-74,0,99,13,0,5,50,-59,100,15,"ANGL",53.759107 -1.544849,55.9,-296.66,46,8,11.7,7.6,179,69,0.0,3,-37,617,1024,11,-1024,-93,-1024,1024,1,0,-1,-1,-1,1,-1,-1,-1,0x0000000000000000,2012,1484,1808,1501,2012,988,1500,988,1500,1500,1500,1500,1500,1500,1500,1500,1500,1500,1500,1500,1500,1500,1500,1500,1500,1500,1500,1500,1500,1500,1500,1500,8.0
2026-05-04,13:37:29.530,-0.02,-0.06,-0.09,-69,0,99,13,0,5,50,-81,100,12,"ANGL",53.759107 -1.544849,55.9,-296.66,46,8,11.7,7.6,179,69,0.0,3,-63,617,1024,11,-1024,-93,-1024,1024,1,0,-1,-1,-1,1,-1,-1,-1,0x0000000000000000,2012,1472,1808,1501,2012,988,1500,988,1500,1500,1500,1500,1500,1500,1500,1500,1500,1500,1500,1500,1500,1500,1500,1500,1500,1500,1500,1500,1500,1500,1500,1500,8.0
2026-05-04,13:37:30.030,-0.02,-0.06,-0.09,-72,0,100,13,0,5,50,-74,100,13,"ANGL",53.759953 -1.545001,63.3,-307.66,46,8,11.7,7.6,179,69,0.0,2,-263,310,930,12,-1024,-93,-1024,1024,1,0,-1,-1,-1,1,-1,-1,-1,0x0000000000000000,1956,1381,1655,1500,2012,1044,1500,988,1500,1500,1500,1500,1500,1500,1500,1500,1500,1500,1500,1500,1500,1500,1500,1500,1500,1500,1500,1500,1500,1500,1500,1500,8.0
2026-05-04,13:37:30.530,-0.02,-0.06,-0.09,-72,0,100,13,0,5,50,-61,100,15,"ANGL",53.759953 -1.545001,63.3,-307.66,46,8,11.7,7.6,179,69,0.0,3,-540,217,572,12,-1024,-93,-1024,1024,1,0,-1,-1,-1,1,-1,-1,-1,0x0000000000000000,1766,1250,1608,1501,2012,1234,1500,988,1500,1500,1500,1500,1500,1500,1500,1500,1500,1500,1500,1500,1500,1500,1500,1500,1500,1500,1500,1500,1500,1500,1500,1500,8.0
2026-05-04,13:37:31.030,-0.02,-0.06,-0.09,-67,0,100,14,0,5,50,-63,100,15,"ANGL",53.759953 -1.545001,63.3,-307.66,46,8,11.8,7.2,191,70,0.0,3,-4,267,944,11,-1024,-93,-1024,1024,1,0,-1,-1,-1,1,-1,-1,-1,0x0000000000000000,1965,1498,1633,1501,2012,1035,1500,988,1500,1500,1500,1500,1500,1500,1500,1500,1500,1500,1500,1500,1500,1500,1500,1500,1500,1500,1500,1500,1500,1500,1500,1500,8.0
2026-05-04,13:37:31.530,-0.02,-0.06,-0.09,-68,0,99,13,0,5,50,-60,100,15,"ANGL",53.759953 -1.545001,63.3,-307.66,46,8,11.8,7.2,191,70,0.0,4,-199,311,852,12,-1024,-93,-1024,1024,1,0,-1,-1,-1,1,-1,-1,-1,0x0000000000000000,1912,1410,1655,1501,2012,1088,1500,988,1500,1500,1500,1500,1500,1500,1500,1500,1500,1500,1500,1500,1500,1500,1500,1500,1500,1500,1500,1500,1500,1500,1500,1500,8.0
2026-05-04,13:37:32.030,-0.13,0.25,0.52,-76,0,97,13,0,5,50,-73,100,13,"ANGL",53.759953 -1.545001,63.3,-307.66,46,8,11.8,7.2,191,70,0.0,2,-266,299,611,12,-1024,-93,-1024,1024,1,0,-1,-1,-1,1,-1,-1,-1,0x0000000000000000,1785,1380,1649,1500,2012,1215,1500,988,1500,1500,1500,1500,1500,1500,1500,1500,1500,1500,1500,1500,1500,1500,1500,1500,1500,1500,1500,1500,1500,1500,1500,1500,8.0
2026-05-04,13:37:32.530,-0.13,0.25,0.52,-75,0,96,13,0,5,50,-66,100,14,"ANGL",53.759953 -1.545001,63.3,-307.66,46,8,11.8,7.2,191,70,0.0,3,2,289,-1,12,-1024,-93,-1024,1024,1,0,-1,-1,-1,1,-1,-1,-1,0x0000000000000000,1500,1501,1644,1501,2012,1500,1500,988,1500,1500,1500,1500,1500,1500,1500,1500,1500,1500,1500,1500,1500,1500,1500,1500,1500,1500,1500,1500,1500,1500,1500,1500,8.0
2026-05-04,13:37:33.030,-0.13,0.25,0.52,-68,0,98,14,0,5,50,-61,100,14,"ANGL",53.759953 -1.545001,63.3,-307.66,46,8,11.8,7.2,191,70,0.0,3,0,288,183,12,-1024,-93,-1024,1024,1,0,-1,-1,-1,1,-1,-1,-1,0x0000000000000000,1582,1500,1644,1501,2012,1418,1500,988,1500,1500,1500,1500,1500,1500,1500,1500,1500,1500,1500,1500,1500,1500,1500,1500,1500,1500,1500,1500,1500,1500,1500,1500,8.0
2026-05-04,13:37:33.530,-0.13,0.25,0.52,-72,0,98,14,0,5,50,-72,100,11,"ANGL",53.759953 -1.545001,63.3,-307.66,46,8,11.8,7.2,191,70,-0.1,56,-38,285,965,12,-1024,-93,-1024,1024,1,0,-1,-1,-1,1,-1,-1,-1,0x0000000000000000,1977,1483,1642,1519,2012,1023,1500,988,1500,1500,1500,1500,1500,1500,1500,1500,1500,1500,1500,1500,1500,1500,1500,1500,1500,1500,1500,1500,1500,1500,1500,1500,8.0
2026-05-04,13:37:34.030,-0.13,0.25,0.52,-67,0,100,13,0,5,50,-61,100,11,"ANGL",53.759953 -1.545001,63.3,-307.66,46,8,11.8,7.2,191,70,-0.1,148,-314,302,755,12,-1024,-93,-1024,1024,1,0,-1,-1,-1,1,-1,-1,-1,0x0000000000000000,1860,1358,1651,1552,2012,1140,1500,988,1500,1500,1500,1500,1500,1500,1500,1500,1500,1500,1500,1500,1500,1500,1500,1500,1500,1500,1500,1500,1500,1500,1500,1500,8.0
2026-05-04,13:37:34.530,-0.13,0.25,0.52,-71,0,100,14,0,5,50,-75,100,13,"ANGL",53.759953 -1.545001,63.3,-307.66,46,8,11.8,7.2,191,70,-0.1,114,-508,374,528,12,-1024,-93,-1024,1024,1,0,-1,-1,-1,1,-1,-1,-1,0x0000000000000000,1744,1266,1687,1540,2012,1256,1500,988,1500,1500,1500,1500,1500,1500,1500,1500,1500,1500,1500,1500,1500,1500,1500,1500,1500,1500,1500,1500,1500,1500,1500,1500,8.0
2026-05-04,13:37:35.030,-0.13,0.25,0.52,-77,0,100,11,0,5,50,-63,100,14,"ANGL",53.759953 -1.545001,63.3,-307.66,46,8,11.8,7.2,191,70,-0.1,242,-432,325,669,12,-1024,-93,-1024,1024,1,0,-1,-1,-1,1,-1,-1,-1,0x0000000000000000,1815,1302,1662,1586,2012,1185,1500,988,1500,1500,1500,1500,1500,1500,1500,1500,1500,1500,1500,1500,1500,1500,1500,1500,1500,1500,1500,1500,1500,1500,1500,1500,8.0
2026-05-04,13:37:35.530,-0.13,0.25,0.52,-71,0,99,13,0,5,50,-63,100,14,"ANGL",53.760772 -1.544594,61.1,36.70,37,8,11.8,7.2,191,70,-0.1,351,-358,312,817,12,-1024,-93,-1024,1024,1,0,-1,-1,-1,1,-1,-1,-1,0x0000000000000000,1893,1337,1656,1629,2012,1107,1500,988,1500,1500,1500,1500,1500,1500,1500,1500,1500,1500,1500,1500,1500,1500,1500,1500,1500,1500,1500,1500,1500,1500,1500,1500,8.0
2026-05-04,13:37:36.030,-0.13,0.25,0.52,-69,0,98,13,0,5,50,-63,100,15,"ANGL",53.760772 -1.544594,61.1,36.70,37,8,11.8,7.2,191,70,-0.1,336,-407,338,797,12,-1024,-93,-1024,1024,1,0,-1,-1,-1,1,-1,-1,-1,0x0000000000000000,1882,1314,1669,1623,2012,1118,1500,988,1500,1500,1500,1500,1500,1500,1500,1500,1500,1500,1500,1500,1500,1500,1500,1500,1500,1500,1500,1500,1500,1500,1500,1500,8.0
2026-05-04,13:37:36.530,-0.13,0.25,0.52,-70,0,99,14,0,5,50,-64,100,15,"ANGL",53.760772 -1.544594,61.1,36.70,37,8,11.9,4.7,197,75,-0.1,329,-443,332,757,12,-1024,-93,-1024,1024,1,0,-1,-1,-1,1,-1,-1,-1,0x0000000000000000,1861,1297,1666,1620,2012,1139,1500,988,1500,1500,1500,1500,1500,1500,1500,1500,1500,1500,1500,1500,1500,1500,1500,1500,1500,1500,1500,1500,1500,1500,1500,1500,8.0
2026-05-04,13:37:37.030,-0.13,0.25,0.52,-70,0,98,14,0,5,50,-64,100,13,"ANGL",53.760772 -1.544594,61.1,36.70,37,8,11.9,4.7,197,75,-0.1,321,-458,342,797,12,-1024,-93,-1024,1024,1,0,-1,-1,-1,1,-1,-1,-1,0x0000000000000000,1882,1290,1671,1617,2012,1118,1500,988,1500,1500,1500,1500,1500,1500,1500,1500,1500,1500,1500,1500,1500,1500,1500,1500,1500,1500,1500,1500,1500,1500,1500,1500,8.0
2026-05-04,13:37:37.530,0.04,0.63,1.40,-71,0,98,14,0,5,50,-67,100,13,"ANGL",53.760772 -1.544594,61.1,36.70,37,8,11.9,4.7,197,75,-0.1,298,-434,345,831,12,-1024,-93,-1024,1024,1,0,-1,-1,-1,1,-1,-1,-1,0x0000000000000000,1901,1301,1672,1608,2012,1099,1500,988,1500,1500,1500,1500,1500,1500,1500,1500,1500,1500,1500,1500,1500,1500,1500,1500,1500,1500,1500,1500,1500,1500,1500,1500,8.0
2026-05-04,13:37:38.030,0.04,0.63,1.40,-70,0,100,13,0,5,50,-62,100,16,"ANGL",53.760772 -1.544594,61.1,36.70,37,8,11.9,4.7,197,75,-0.1,295,-444,342,837,12,-1024,-93,-1024,1024,1,0,-1,-1,-1,1,-1,-1,-1,0x0000000000000000,1904,1297,1671,1607,2012,1096,1500,988,1500,1500,1500,1500,1500,1500,1500,1500,1500,1500,1500,1500,1500,1500,1500,1500,1500,1500,1500,1500,1500,1500,1500,1500,8.0
2026-05-04,13:37:38.530,0.04,0.63,1.40,-71,0,99,14,0,5,50,-67,100,14,"ANGL",53.760772 -1.544594,61.1,36.70,37,8,11.9,4.7,197,75,-0.1,291,-449,342,848,12,-1024,-93,-1024,1024,1,0,-1,-1,-1,1,-1,-1,-1,0x0000000000000000,1910,1294,1671,1605,2012,1090,1500,988,1500,1500,1500,1500,1500,1500,1500,1500,1500,1500,1500,1500,1500,1500,1500,1500,1500,1500,1500,1500,1500,1500,1500,1500,8.0
2026-05-04,13:37:39.030,0.04,0.63,1.40,-82,0,98,11,0,5,50,-84,100,10,"ANGL",53.760772 -1.544594,61.1,36.70,37,8,11.9,4.7,197,75,-0.8,275,-439,344,849,12,-1024,-93,-1024,1024,1,0,-1,-1,-1,1,-1,-1,-1,0x0000000000000000,1911,1299,1672,1599,2012,1089,1500,988,1500,1500,1500,1500,1500,1500,1500,1500,1500,1500,1500,1500,1500,1500,1500,1500,1500,1500,1500,1500,1500,1500,1500,1500,8.0
2026-05-04,13:37:39.530,0.04,0.63,1.40,-84,0,97,11,0,5,50,-82,100,11,"ANGL",53.760772 -1.544594,61.1,36.70,37,8,11.9,4.7,197,75,-0.8,256,-395,346,834,12,-1024,-93,-1024,1024,1,0,-1,-1,-1,1,-1,-1,-1,0x0000000000000000,1902,1320,1673,1592,2012,1098,1500,988,1500,1500,1500,1500,1500,1500,1500,1500,1500,1500,1500,1500,1500,1500,1500,1500,1500,1500,1500,1500,1500,1500,1500,1500,8.0
2026-05-04,13:37:40.030,0.04,0.63,1.40,-85,0,98,10,0,5,50,-87,100,8,"ANGL",53.760772 -1.544594,61.1,36.70,37,8,11.9,4.7,197,75,-0.8,10,-43,355,4,12,-1024,-93,-1024,1024,1,0,-1,-1,-1,1,-1,-1,-1,0x0000000000000000,1502,1481,1677,1503,2012,1498,1500,988,1500,1500,1500,1500,1500,1500,1500,1500,1500,1500,1500,1500,1500,1500,1500,1500,1500,1500,1500,1500,1500,1500,1500,1500,8.0
2026-05-04,13:37:40.530,0.04,0.63,1.40,-87,0,97,6,0,5,50,-66,100,14,"ANGL",53.760772 -1.544594,61.1,36.70,37,8,11.9,4.7,197,75,-0.8,4,-4,348,-1,12,-1024,-93,-1024,1024,1,0,-1,-1,-1,1,-1,-1,-1,0x0000000000000000,1500,1498,1674,1501,2012,1500,1500,988,1500,1500,1500,1500,1500,1500,1500,1500,1500,1500,1500,1500,1500,1500,1500,1500,1500,1500,1500,1500,1500,1500,1500,1500,8.0
2026-05-04,13:37:41.030,0.04,0.63,1.40,-77,0,97,13,0,5,50,-67,100,15,"ANGL",53.760971 -1.543574,49.2,150.80,30,8,11.9,4.7,197,75,-0.8,2,-2,344,-1,12,-1024,-93,-1024,1024,1,0,-1,-1,-1,1,-1,-1,-1,0x0000000000000000,1500,1499,1672,1500,2012,1500,1500,988,1500,1500,1500,1500,1500,1500,1500,1500,1500,1500,1500,1500,1500,1500,1500,1500,1500,1500,1500,1500,1500,1500,1500,1500,8.0
2026-05-04,13:37:41.530,0.04,0.63,1.40,-75,0,99,13,0,5,50,-67,100,14,"ANGL",53.760971 -1.543574,49.2,150.80,30,8,11.9,4.7,197,75,-0.8,2,-4,345,199,12,-1024,-93,-1024,1024,1,0,-1,-1,-1,1,-1,-1,-1,0x0000000000000000,1590,1498,1672,1500,2012,1410,1500,988,1500,1500,1500,1500,1500,1500,1500,1500,1500,1500,1500,1500,1500,1500,1500,1500,1500,1500,1500,1500,1500,1500,1500,1500,8.0
2026-05-04,13:37:42.030,0.04,0.63,1.40,-73,0,98,13,0,5,50,-66,100,15,"ANGL",53.760971 -1.543574,49.2,150.80,30,8,11.9,4.9,205,75,-0.8,2,-191,344,172,12,-1024,-93,-1024,1024,1,0,-1,-1,-1,1,-1,-1,-1,0x0000000000000000,1577,1414,1672,1500,2012,1423,1500,988,1500,1500,1500,1500,1500,1500,1500,1500,1500,1500,1500,1500,1500,1500,1500,1500,1500,1500,1500,1500,1500,1500,1500,1500,8.0
2026-05-04,13:37:42.530,0.04,0.63,1.40,-74,0,98,13,0,5,50,-72,100,14,"ANGL",53.760971 -1.543574,49.2,150.80,30,8,11.9,4.9,205,75,-0.8,2,-342,344,13,12,-1024,-93,-1024,1024,1,0,-1,-1,-1,1,-1,-1,-1,0x0000000000000000,1506,1345,1672,1500,2012,1494,1500,988,1500,1500,1500,1500,1500,1500,1500,1500,1500,1500,1500,1500,1500,1500,1500,1500,1500,1500,1500,1500,1500,1500,1500,1500,8.0
2026-05-04,13:37:43.030,-0.01,0.03,-2.75,-79,0,100,12,0,5,50,-63,100,15,"ANGL",53.760971 -1.543574,49.2,150.80,30,8,11.9,4.9,205,75,-0.8,3,-210,345,-4,12,-1024,-93,-1024,1024,1,0,-1,-1,-1,1,-1,-1,-1,0x0000000000000000,1498,1405,1672,1501,2012,1502,1500,988,1500,1500,1500,1500,1500,1500,1500,1500,1500,1500,1500,1500,1500,1500,1500,1500,1500,1500,1500,1500,1500,1500,1500,1500,8.0
2026-05-04,13:37:43.530,-0.01,0.03,-2.75,-70,0,98,14,0,5,50,-61,100,15,"ANGL",53.760971 -1.543574,49.2,150.80,30,8,11.9,4.9,205,75,-0.8,3,-315,227,1,12,-1024,-93,-1024,1024,1,1,-1,-1,-1,1,-1,-1,-1,0x0000000000000000,1500,1357,1613,1501,2012,1500,2012,988,1500,1500,1500,1500,1500,1500,1500,1500,1500,1500,1500,1500,1500,1500,1500,1500,1500,1500,1500,1500,1500,1500,1500,1500,8.0
2026-05-04,13:37:44.030,-0.01,0.03,-2.75,-69,0,98,14,0,5,50,-61,100,14,"ANGL",53.760971 -1.543574,49.2,150.80,30,8,11.9,4.9,205,75,-0.8,101,-397,490,59,12,-1024,-93,-1024,1024,1,1,-1,-1,-1,1,-1,-1,-1,0x0000000000000000,1526,1319,1745,1535,2012,1474,2012,988,1500,1500,1500,1500,1500,1500,1500,1500,1500,1500,1500,1500,1500,1500,1500,1500,1500,1500,1500,1500,1500,1500,1500,1500,8.0
2026-05-04,13:37:44.530,-0.01,0.03,-2.75,-74,0,98,12,0,5,50,-65,100,15,"ANGL",53.760971 -1.543574,49.2,150.80,30,8,11.9,4.9,205,75,0.2,37,-151,1024,177,12,-1024,-93,-1024,1024,1,1,-1,-1,-1,1,-1,-1,-1,0x0000000000000000,1589,1437,2012,1508,2012,1411,2012,988,1500,1500,1500,1500,1500,1500,1500,1500,1500,1500,1500,1500,1500,1500,1500,1500,1500,1500,1500,1500,1500,1500,1500,1500,8.0
2026-05-04,13:37:45.030,-0.01,0.03,-2.75,-68,0,100,13,0,5,50,-57,100,14,"ANGL",53.760971 -1.543574,49.2,150.80,30,8,11.9,4.9,205,75,0.2,61,-3,1024,-13,12,-1024,-93,-1024,1024,1,1,-1,-1,-1,1,-1,-1,-1,0x0000000000000000,1494,1499,2012,1521,2012,1506,2012,988,1500,1500,1500,1500,1500,1500,1500,1500,1500,1500,1500,1500,1500,1500,1500,1500,1500,1500,1500,1500,1500,1500,1500,1500,8.0
2026-05-04,13:37:45.530,-0.01,0.03,-2.75,-69,0,100,14,0,5,50,-63,100,15,"ANGL",53.760971 -1.543574,49.2,150.80,30,8,11.9,4.9,205,75,0.2,8,-56,1024,-284,12,-1024,-93,-1024,1024,1,1,-1,-1,-1,1,-1,-1,-1,0x0000000000000000,1372,1475,2012,1503,2012,1628,2012,988,1500,1500,1500,1500,1500,1500,1500,1500,1500,1500,1500,1500,1500,1500,1500,1500,1500,1500,1500,1500,1500,1500,1500,1500,8.0
2026-05-04,13:37:46.030,-0.01,0.03,-2.75,-70,0,100,13,0,5,50,-67,100,14,"ANGL",53.760971 -1.543574,49.2,150.80,30,8,11.9,4.9,205,75,0.2,188,-3,908,-598,13,-1024,-93,-1024,1024,1,1,-1,-1,-1,1,-1,-1,-1,0x0000000000000000,1221,1499,1954,1566,2012,1779,2012,988,1500,1500,1500,1500,1500,1500,1500,1500,1500,1500,1500,1500,1500,1500,1500,1500,1500,1500,1500,1500,1500,1500,1500,1500,8.0
2026-05-04,13:37:46.530,-0.01,0.03,-2.75,-77,0,100,12,0,5,50,-64,100,14,"ANGL",53.760398 -1.543971,41.8,207.90,31,8,11.9,4.9,205,75,0.2,374,0,644,-1022,13,-1024,-93,-1024,1024,1,1,-1,-1,-1,1,-1,-1,-1,0x0000000000000000,989,1500,1822,1638,2012,2011,2012,988,1500,1500,1500,1500,1500,1500,1500,1500,1500,1500,1500,1500,1500,1500,1500,1500,1500,1500,1500,1500,1500,1500,1500,1500,8.0
2026-05-04,13:37:47.030,-0.01,0.03,-2.75,-69,0,99,13,0,5,50,-62,100,14,"ANGL",53.760398 -1.543971,41.8,207.90,31,8,11.9,4.9,205,75,0.2,10,26,663,0,13,-1024,-93,-1024,1024,1,1,-1,-1,-1,1,-1,-1,-1,0x0000000000000000,1500,1511,1831,1503,2012,1500,2012,988,1500,1500,1500,1500,1500,1500,1500,1500,1500,1500,1500,1500,1500,1500,1500,1500,1500,1500,1500,1500,1500,1500,1500,1500,8.0
2026-05-04,13:37:47.530,-0.01,0.03,-2.75,-68,0,100,13,0,5,50,-61,100,14,"ANGL",53.760398 -1.543971,41.8,207.90,31,8,11.5,11.6,217,62,0.2,4,-34,753,364,12,-1024,-93,-1024,1024,1,1,-1,-1,-1,1,-1,-1,-1,0x0000000000000000,1666,1485,1876,1501,2012,1334,2012,988,1500,1500,1500,1500,1500,1500,1500,1500,1500,1500,1500,1500,1500,1500,1500,1500,1500,1500,1500,1500,1500,1500,1500,1500,8.0
2026-05-04,13:37:48.030,-0.01,0.03,-2.75,-64,0,99,14,0,5,50,-60,100,14,"ANGL",53.760398 -1.543971,41.8,207.90,31,8,11.5,11.6,217,62,0.2,7,-1,1023,647,12,-1024,-93,-1024,1024,1,1,-1,-1,-1,1,-1,-1,-1,0x0000000000000000,1804,1500,2011,1502,2012,1196,2012,988,1500,1500,1500,1500,1500,1500,1500,1500,1500,1500,1500,1500,1500,1500,1500,1500,1500,1500,1500,1500,1500,1500,1500,1500,8.0
2026-05-04,13:37:48.530,-0.42,-0.48,-2.45,-63,0,100,14,0,5,50,-60,100,15,"ANGL",53.760398 -1.543971,41.8,207.90,31,8,11.5,11.6,217,62,0.2,6,-7,1024,-198,12,-1024,-93,-1024,1024,1,1,-1,-1,-1,1,-1,-1,-1,0x0000000000000000,1411,1497,2012,1502,2012,1589,2012,988,1500,1500,1500,1500,1500,1500,1500,1500,1500,1500,1500,1500,1500,1500,1500,1500,1500,1500,1500,1500,1500,1500,1500,1500,8.0
2026-05-04,13:37:49.030,-0.42,-0.48,-2.45,-70,0,99,13,0,5,50,-69,100,14,"ANGL",53.760398 -1.543971,41.8,207.90,31,8,11.5,11.6,217,62,0.2,59,-4,979,-491,13,-1024,-93,-1024,1024,1,1,-1,-1,-1,1,-1,-1,-1,0x0000000000000000,1274,1498,1989,1520,2012,1726,2012,988,1500,1500,1500,1500,1500,1500,1500,1500,1500,1500,1500,1500,1500,1500,1500,1500,1500,1500,1500,1500,1500,1500,1500,1500,8.0
2026-05-04,13:37:49.530,-0.42,-0.48,-2.45,-68,0,98,14,0,5,50,-60,100,15,"AIR",53.760398 -1.543971,41.8,207.90,31,8,11.5,11.6,217,62,0.2,239,-1,913,-371,13,-1024,-93,-1024,1024,1,1,-1,-1,-1,1,-1,-1,-1,0x0000000000000000,1331,1500,1956,1585,2012,1669,2012,988,1500,1500,1500,1500,1500,1500,1500,1500,1500,1500,1500,1500,1500,1500,1500,1500,1500,1500,1500,1500,1500,1500,1500,1500,8.0
2026-05-04,13:37:50.030,-0.42,-0.48,-2.45,-76,0,98,13,0,5,50,-61,100,15,"AIR",53.760398 -1.543971,41.8,207.90,31,8,11.5,11.6,217,62,0.2,241,2,971,-3,12,-1024,-93,-1024,1024,1,1,-1,-1,-1,1,-1,-1,-1,0x0000000000000000,1499,1501,1985,1586,2012,1501,2012,988,1500,1500,1500,1500,1500,1500,1500,1500,1500,1500,1500,1500,1500,1500,1500,1500,1500,1500,1500,1500,1500,1500,1500,1500,8.0
2026-05-04,13:37:50.530,-0.42,-0.48,-2.45,-70,0,98,12,0,5,50,-63,100,14,"AIR",53.760398 -1.543971,41.8,207.90,31,8,11.5,11.6,217,62,2.8,240,-578,958,6,12,-1024,-93,-1024,1024,1,1,-1,-1,-1,1,-1,-1,-1,0x0000000000000000,1502,1231,1979,1586,2012,1498,2012,988,1500,1500,1500,1500,1500,1500,1500,1500,1500,1500,1500,1500,1500,1500,1500,1500,1500,1500,1500,1500,1500,1500,1500,1500,8.0
2026-05-04,13:37:51.030,-0.42,-0.48,-2.45,-66,0,100,13,0,5,50,-56,100,14,"AIR",53.760398 -1.543971,41.8,207.90,31,8,11.5,11.6,217,62,2.8,5,-167,1022,1024,12,-1024,-93,-1024,1024,1,1,-1,-1,-1,1,-1,-1,-1,0x0000000000000000,2012,1425,2011,1501,2012,988,2012,988,1500,1500,1500,1500,1500,1500,1500,1500,1500,1500,1500,1500,1500,1500,1500,1500,1500,1500,1500,1500,1500,1500,1500,1500,8.0
2026-05-04,13:37:51.530,-0.42,-0.48,-2.45,-72,0,97,13,0,5,50,-66,100,14,"AIR",53.760398 -1.543971,41.8,207.90,31,8,11.5,11.6,217,62,2.8,2,5,224,1024,12,-1024,-93,-1024,1024,1,1,-1,-1,-1,1,-1,-1,-1,0x0000000000000000,2012,1502,1612,1500,2012,988,2012,988,1500,1500,1500,1500,1500,1500,1500,1500,1500,1500,1500,1500,1500,1500,1500,1500,1500,1500,1500,1500,1500,1500,1500,1500,8.0
2026-05-04,13:37:52.030,-0.42,-0.48,-2.45,-71,0,97,14,0,5,50,-62,100,14,"AIR",53.759979 -1.544554,39.7,230.10,47,8,11.5,11.6,217,62,2.8,3,3,-196,1024,12,-1024,-93,-1024,1024,1,1,-1,-1,-1,1,-1,-1,-1,0x0000000000000000,2012,1501,1402,1501,2012,988,2012,988,1500,1500,1500,1500,1500,1500,1500,1500,1500,1500,1500,1500,1500,1500,1500,1500,1500,1500,1500,1500,1500,1500,1500,1500,8.0
2026-05-04,13:37:52.530,-0.42,-0.48,-2.45,-68,0,100,14,0,5,50,-53,100,14,"AIR",53.759979 -1.544554,39.7,230.10,47,8,11.5,11.6,217,62,2.8,0,-136,-246,1024,12,-1024,-93,-1024,1024,1,1,-1,-1,-1,1,-1,-1,-1,0x0000000000000000,2012,1439,1377,1500,2012,988,2012,988,1500,1500,1500,1500,1500,1500,1500,1500,1500,1500,1500,1500,1500,1500,1500,1500,1500,1500,1500,1500,1500,1500,1500,1500,8.0
2026-05-04,13:37:53.030,-0.42,-0.48,-2.45,-62,0,100,14,0,5,50,-71,100,13,"AIR",53.759979 -1.544554,39.7,230.10,47,8,11.5,11.6,217,62,2.8,-32,-975,11,938,12,-1024,-93,-1024,1024,1,1,-1,-1,-1,1,-1,-1,-1,0x0000000000000000,1961,1017,1505,1489,2012,1039,2012,988,1500,1500,1500,1500,1500,1500,1500,1500,1500,1500,1500,1500,1500,1500,1500,1500,1500,1500,1500,1500,1500,1500,1500,1500,8.0
2026-05-04,13:37:53.530,-0.42,-0.48,-2.45,-72,0,99,13,0,5,50,-72,100,13,"AIR",53.759979 -1.544554,39.7,230.10,47,8,11.8,4.4,235,71,2.8,-11,-897,161,-343,13,-1024,-93,-1024,1024,1,1,-1,-1,-1,1,-1,-1,-1,0x0000000000000000,1344,1062,1580,1496,2012,1656,2012,988,1500,1500,1500,1500,1500,1500,1500,1500,1500,1500,1500,1500,1500,1500,1500,1500,1500,1500,1500,1500,1500,1500,1500,1500,8.0
2026-05-04,13:37:54.030,0.57,-0.21,-1.79,-73,0,100,13,0,5,50,-71,100,13,"AIR",53.759979 -1.544554,39.7,230.10,47,8,11.8,4.4,235,71,2.8,-140,-78,189,-783,13,-1024,-93,-1024,1024,1,1,-1,-1,-1,1,-1,-1,-1,0x0000000000000000,1125,1465,1594,1451,2012,1875,2012,988,1500,1500,1500,1500,1500,1500,1500,1500,1500,1500,1500,1500,1500,1500,1500,1500,1500,1500,1500,1500,1500,1500,1500,1500,8.0
2026-05-04,13:37:54.530,0.57,-0.21,-1.79,-75,0,98,12,0,5,50,-69,100,14,"AIR",53.759979 -1.544554,39.7,230.10,47,8,11.8,4.4,235,71,2.8,-10,-3,160,-978,13,-1024,-93,-1024,1024,1,1,-1,-1,-1,1,-1,-1,-1,0x0000000000000000,1016,1499,1580,1497,2012,1984,2012,988,1500,1500,1500,1500,1500,1500,1500,1500,1500,1500,1500,1500,1500,1500,1500,1500,1500,1500,1500,1500,1500,1500,1500,1500,8.0
2026-05-04,13:37:55.030,0.57,-0.21,-1.79,-76,0,99,13,0,5,50,-71,100,13,"AIR",53.759979 -1.544554,39.7,230.10,47,8,11.8,4.4,235,71,2.8,-178,-6,102,-164,13,-1024,-93,-1024,1024,1,1,-1,-1,-1,1,-1,-1,-1,0x0000000000000000,1440,1498,1551,1444,2012,1560,2012,988,1500,1500,1500,1500,1500,1500,1500,1500,1500,1500,1500,1500,1500,1500,1500,1500,1500,1500,1500,1500,1500,1500,1500,1500,8.0
2026-05-04,13:37:55.530,0.57,-0.21,-1.79,-80,0,99,12,0,5,50,-70,100,13,"AIR",53.759979 -1.544554,39.7,230.10,47,8,11.8,4.4,235,71,2.8,-151,-290,161,-178,12,-1024,-93,-1024,1024,1,1,-1,-1,-1,1,-1,-1,-1,0x0000000000000000,1420,1369,1580,1447,2012,1580,2012,988,1500,1500,1500,1500,1500,1500,1500,1500,1500,1500,1500,1500,1500,1500,1500,1500,1500,1500,1500,1500,1500,1500,1500,1500,8.0
2026-05-04,13:37:56.030,0.57,-0.21,-1.79,-80,0,98,12,0,5,50,-75,100,13,"AIR",53.759979 -1.544554,39.7,230.10,47,8,11.8,4.4,235,71,3.8,-3,-556,177,4,12,-1024,-93,-1024,1024,1,1,-1,-1,-1,1,-1,-1,-1,0x0000000000000000,1502,1258,1588,1499,2012,1498,2012,988,1500,1500,1500,1500,1500,1500,1500,1500,1500,1500,1500,1500,1500,1500,1500,1500,1500,1500,1500,1500,1500,1500,1500,1500,8.0
2026-05-04,13:37:56.530,0.57,-0.21,-1.79,-77,0,99,13,0,5,50,-72,100,14,"AIR",53.759979 -1.544554,39.7,230.10,47,8,11.8,4.4,235,71,3.8,0,-479,249,2,12,-1024,-93,-1024,1024,1,1,-1,-1,-1,1,-1,-1,-1,0x0000000000000000,1501,1280,1624,1500,2012,1499,2012,988,1500,1500,1500,1500,1500,1500,1500,1500,1500,1500,1500,1500,1500,1500,1500,1500,1500,1500,1500,1500,1500,1500,1500,1500,8.0
2026-05-04,13:37:57.030,0.57,-0.21,-1.79,-67,0,100,14,0,5,50,-53,100,15,"AIR",53.759979 -1.544554,39.7,230.10,47,8,11.8,4.4,235,71,3.8,-65,-125,307,-271,13,-1024,-93,-1024,1024,1,1,-1,-1,-1,1,-1,-1,-1,0x0000000000000000,1378,1444,1653,1477,2012,1622,2012,988,1500,1500,1500,1500,1500,1500,1500,1500,1500,1500,1500,1500,1500,1500,1500,1500,1500,1500,1500,1500,1500,1500,1500,1500,8.0
2026-05-04,13:37:57.530,0.57,-0.21,-1.79,-65,0,100,13,0,5,50,-66,100,15,"AIR",53.760111 -1.545336,27.8,281.10,54,8,11.8,4.4,235,71,3.8,0,-104,268,-321,13,-1024,-93,-1024,1024,1,1,-1,-1,-1,1,-1,-1,-1,0x0000000000000000,1354,1453,1634,1500,2012,1646,2012,988,1500,1500,1500,1500,1500,1500,1500,1500,1500,1500,1500,1500,1500,1500,1500,1500,1500,1500,1500,1500,1500,1500,1500,1500,8.0
2026-05-04,13:37:58.030,0.57,-0.21,-1.79,-69,0,100,13,0,5,50,-56,100,14,"AIR",53.760111 -1.545336,27.8,281.10,54,8,11.8,4.4,235,71,3.8,1,-266,284,-45,12,-1024,-93,-1024,1024,1,1,-1,-1,-1,1,-1,-1,-1,0x0000000000000000,1480,1371,1642,1500,2012,1520,2012,988,1500,1500,1500,1500,1500,1500,1500,1500,1500,1500,1500,1500,1500,1500,1500,1500,1500,1500,1500,1500,1500,1500,1500,1500,8.0
2026-05-04,13:37:58.530,0.57,-0.21,-1.79,-66,0,98,14,0,5,50,-51,100,13,"AIR",53.760111 -1.545336,27.8,281.10,54,8,11.8,4.4,235,71,3.8,1,-426,321,163,12,-1024,-93,-1024,1024,1,1,-1,-1,-1,1,-1,-1,-1,0x0000000000000000,1573,1305,1660,1500,2012,1427,2012,988,1500,1500,1500,1500,1500,1500,1500,1500,1500,1500,1500,1500,1500,1500,1500,1500,1500,1500,1500,1500,1500,1500,1500,1500,8.0
2026-05-04,13:37:59.030,0.57,-0.21,-1.79,-59,0,100,14,0,5,50,-53,100,14,"AIR",53.760111 -1.545336,27.8,281.10,54,8,11.8,4.6,241,73,3.8,0,-312,323,1,12,-1024,-93,-1024,1024,1,1,-1,-1,-1,1,-1,-1,-1,0x0000000000000000,1500,1359,1661,1500,2012,1500,2012,988,1500,1500,1500,1500,1500,1500,1500,1500,1500,1500,1500,1500,1500,1500,1500,1500,1500,1500,1500,1500,1500,1500,1500,1500,8.0
2026-05-04,13:37:59.530,0.00,-0.83,2.67,-66,0,100,14,0,5,50,-64,100,14,"AIR",53.760111 -1.545336,27.8,281.10,54,8,11.8,4.6,241,73,3.8,-77,-2,323,-7,12,-1024,-93,-1024,1024,1,1,-1,-1,-1,1,-1,-1,-1,0x0000000000000000,1498,1499,1661,1473,2012,1502,2012,988,1500,1500,1500,1500,1500,1500,1500,1500,1500,1500,1500,1500,1500,1500,1500,1500,1500,1500,1500,1500,1500,1500,1500,1500,8.0
2026-05-04,13:38:00.030,0.00,-0.83,2.67,-68,0,100,14,0,5,50,-60,100,14,"AIR",53.760111 -1.545336,27.8,281.10,54,8,11.8,4.6,241,73,3.8,-58,-201,332,20,12,-1024,-93,-1024,1024,1,1,-1,-1,-1,1,-1,-1,-1,0x0000000000000000,1504,1409,1666,1480,2012,1496,2012,988,1500,1500,1500,1500,1500,1500,1500,1500,1500,1500,1500,1500,1500,1500,1500,1500,1500,1500,1500,1500,1500,1500,1500,1500,8.0
2026-05-04,13:38:00.530,0.00,-0.83,2.67,-69,0,100,14,0,5,50,-57,100,15,"AIR",53.760111 -1.545336,27.8,281.10,54,8,11.8,4.6,241,73,3.8,-105,-143,375,153,12,-1024,-93,-1024,1024,1,1,-1,-1,-1,1,-1,-1,-1,0x0000000000000000,1569,1436,1687,1463,2012,1431,2012,988,1500,1500,1500,1500,1500,1500,1500,1500,1500,1500,1500,1500,1500,1500,1500,1500,1500,1500,1500,1500,1500,1500,1500,1500,8.0
2026-05-04,13:38:01.030,0.00,-0.83,2.67,-67,0,100,13,0,5,50,-60,100,14,"AIR",53.760111 -1.545336,27.8,281.10,54,8,11.8,4.6,241,73,3.8,-145,-183,369,467,12,-1024,-93,-1024,1024,1,1,-1,-1,-1,1,-1,-1,-1,0x0000000000000000,1714,1418,1684,1449,2012,1286,2012,988,1500,1500,1500,1500,1500,1500,1500,1500,1500,1500,1500,1500,1500,1500,1500,1500,1500,1500,1500,1500,1500,1500,1500,1500,8.0
2026-05-04,13:38:01.530,0.00,-0.83,2.67,-68,0,100,14,0,5,50,-59,100,13,"AIR",53.760111 -1.545336,27.8,281.10,54,8,11.8,4.6,241,73,-0.3,-158,-198,393,2,12,-1024,-93,-1024,1024,1,1,-1,-1,-1,1,-1,-1,-1,0x0000000000000000,1501,1411,1696,1444,2012,1499,2012,988,1500,1500,1500,1500,1500,1500,1500,1500,1500,1500,1500,1500,1500,1500,1500,1500,1500,1500,1500,1500,1500,1500,1500,1500,8.0
2026-05-04,13:38:02.030,0.00,-0.83,2.67,-67,0,99,14,0,5,50,-58,100,14,"AIR",53.760111 -1.545336,27.8,281.10,54,8,11.8,4.6,241,73,-0.3,-221,-207,520,2,12,-1024,-93,-1024,1024,1,1,-1,-1,-1,1,-1,-1,-1,0x0000000000000000,1501,1407,1760,1422,2012,1499,2012,988,1500,1500,1500,1500,1500,1500,1500,1500,1500,1500,1500,1500,1500,1500,1500,1500,1500,1500,1500,1500,1500,1500,1500,1500,8.0
2026-05-04,13:38:02.530,0.00,-0.83,2.67,-70,0,99,14,0,5,50,-65,100,13,"AIR",53.760111 -1.545336,27.8,281.10,54,8,11.8,4.6,241,73,-0.3,-144,-131,447,456,12,-1024,-93,-1024,1024,1,1,-1,-1,-1,1,-1,-1,-1,0x0000000000000000,1709,1441,1723,1449,2012,1291,2012,988,1500,1500,1500,1500,1500,1500,1500,1500,1500,1500,1500,1500,1500,1500,1500,1500,1500,1500,1500,1500,1500,1500,1500,1500,8.0
2026-05-04,13:38:03.030,0.00,-0.83,2.67,-81,0,99,10,0,5,50,-74,100,11,"AIR",53.759725 -1.544811,56.1,101.30,35,7,11.8,4.6,241,73,-0.3,-57,-166,397,111,12,-1024,-93,-1024,1024,1,1,-1,-1,-1,1,-1,-1,-1,0x0000000000000000,1550,1425,1698,1480,2012,1450,2012,988,1500,1500,1500,1500,1500,1500,1500,1500,1500,1500,1500,1500,1500,1500,1500,1500,1500,1500,1500,1500,1500,1500,1500,1500,8.0
2026-05-04,13:38:03.530,0.00,-0.83,2.67,-82,0,97,9,0,5,50,-65,100,13,"AIR",53.759725 -1.544811,56.1,101.30,35,7,11.8,4.6,241,73,-0.3,-41,-213,413,139,12,-1024,-93,-1024,1024,1,1,-1,-1,-1,1,-1,-1,-1,0x0000000000000000,1562,1404,1706,1486,2012,1438,2012,988,1500,1500,1500,1500,1500,1500,1500,1500,1500,1500,1500,1500,1500,1500,1500,1500,1500,1500,1500,1500,1500,1500,1500,1500,8.0
2026-05-04,13:38:04.030,0.00,-0.83,2.67,-72,0,97,12,0,5,50,-59,100,14,"AIR",53.759725 -1.544811,56.1,101.30,35,7,11.8,4.6,241,73,-0.3,-52,-499,414,114,12,-1024,-93,-1024,1024,1,1,-1,-1,-1,1,-1,-1,-1,0x0000000000000000,1551,1275,1707,1482,2012,1449,2012,988,1500,1500,1500,1500,1500,1500,1500,1500,1500,1500,1500,1500,1500,1500,1500,1500,1500,1500,1500,1500,1500,1500,1500,1500,8.0
2026-05-04,13:38:04.530,0.00,-0.83,2.67,-68,0,99,14,0,5,50,-61,100,13,"AIR",53.759725 -1.544811,56.1,101.30,35,7,11.8,5.5,249,72,-0.3,-2,-203,414,112,12,-1024,-93,-1024,1024,1,1,-1,-1,-1,1,-1,-1,-1,0x0000000000000000,1550,1409,1707,1500,2012,1450,2012,988,1500,1500,1500,1500,1500,1500,1500,1500,1500,1500,1500,1500,1500,1500,1500,1500,1500,1500,1500,1500,1500,1500,1500,1500,8.0
2026-05-04,13:38:05.030,-0.26,-0.48,1.21,-64,0,98,14,0,5,50,-55,100,14,"AIR",53.759725 -1.544811,56.1,101.30,35,7,11.8,5.5,249,72,-0.3,1,-1,398,-641,13,-1024,-93,-1024,1024,1,1,-1,-1,-1,1,-1,-1,-1,0x0000000000000000,1200,1500,1699,1500,2012,1800,2012,988,1500,1500,1500,1500,1500,1500,1500,1500,1500,1500,1500,1500,1500,1500,1500,1500,1500,1500,1500,1500,1500,1500,1500,1500,8.0
2026-05-04,13:38:05.530,-0.26,-0.48,1.21,-63,0,100,14,0,5,50,-53,100,14,"AIR",53.759725 -1.544811,56.1,101.30,35,7,11.8,5.5,249,72,-0.3,396,-2,726,-622,13,-1024,-93,-1024,1024,1,1,-1,-1,-1,1,-1,-1,-1,0x0000000000000000,1209,1499,1863,1647,2012,1791,2012,988,1500,1500,1500,1500,1500,1500,1500,1500,1500,1500,1500,1500,1500,1500,1500,1500,1500,1500,1500,1500,1500,1500,1500,1500,8.0
2026-05-04,13:38:06.030,-0.26,-0.48,1.21,-64,0,99,14,0,5,50,-67,100,14,"AIR",53.759725 -1.544811,56.1,101.30,35,7,11.8,5.5,249,72,-0.3,339,-3,802,-530,13,-1024,-93,-1024,1024,1,1,-1,-1,-1,1,-1,-1,-1,0x0000000000000000,1255,1499,1901,1624,2012,1752,2012,988,1500,1500,1500,1500,1500,1500,1500,1500,1500,1500,1500,1500,1500,1500,1500,1500,1500,1500,1500,1500,1500,1500,1500,1500,8.0
2026-05-04,13:38:06.530,-0.26,-0.48,1.21,-68,0,99,14,0,5,50,-66,100,14,"AIR",53.759725 -1.544811,56.1,101.30,35,7,11.8,5.5,249,72,-0.3,321,2,820,-787,13,-1024,-93,-1024,1024,1,1,-1,-1,-1,1,-1,-1,-1,0x0000000000000000,1123,1501,1910,1617,2012,1877,2012,988,1500,1500,1500,1500,1500,1500,1500,1500,1500,1500,1500,1500,1500,1500,1500,1500,1500,1500,1500,1500,1500,1500,1500,1500,8.0
2026-05-04,13:38:07.030,-0.26,-0.48,1.21,-68,0,96,14,0,5,50,-63,100,15,"AIR",53.759725 -1.544811,56.1,101.30,35,7,11.8,5.5,249,72,0.4,241,0,822,-837,13,-1024,-93,-1024,1024,1,1,-1,-1,-1,1,-1,-1,-1,0x0000000000000000,1096,1500,1911,1586,2012,1904,2012,988,1500,1500,1500,1500,1500,1500,1500,1500,1500,1500,1500,1500,1500,1500,1500,1500,1500,1500,1500,1500,1500,1500,1500,1500,8.0
2026-05-04,13:38:07.530,-0.26,-0.48,1.21,-76,0,97,13,0,5,50,-70,100,13,"AIR",53.759725 -1.544811,56.1,101.30,35,7,11.8,5.5,249,72,0.4,102,0,913,-814,13,-1024,-93,-1024,1024,1,1,-1,-1,-1,1,-1,-1,-1,0x0000000000000000,1108,1500,1956,1536,2012,1892,2012,988,1500,1500,1500,1500,1500,1500,1500,1500,1500,1500,1500,1500,1500,1500,1500,1500,1500,1500,1500,1500,1500,1500,1500,1500,8.0
2026-05-04,13:38:08.030,-0.26,-0.48,1.21,-77,0,98,12,0,5,50,-68,100,13,"AIR",53.759725 -1.544811,56.1,101.30,35,7,11.8,5.5,249,72,0.4,8,1,946,-786,13,-1024,-93,-1024,1024,1,1,-1,-1,-1,1,-1,-1,-1,0x0000000000000000,1124,1500,1973,1503,2012,1876,2012,988,1500,1500,1500,1500,1500,1500,1500,1500,1500,1500,1500,1500,1500,1500,1500,1500,1500,1500,1500,1500,1500,1500,1500,1500,8.0
2026-05-04,13:38:08.530,-0.26,-0.48,1.21,-77,0,98,13,0,5,50,-73,100,14,"AIR",53.759947 -1.543748,41.4,51.60,37,8,11.8,5.5,249,72,0.4,5,1,927,-717,13,-1024,-93,-1024,1024,1,1,-1,-1,-1,1,-1,-1,-1,0x0000000000000000,1160,1500,1963,1501,2012,1840,2012,988,1500,1500,1500,1500,1500,1500,1500,1500,1500,1500,1500,1500,1500,1500,1500,1500,1500,1500,1500,1500,1500,1500,1500,1500,8.0
2026-05-04,13:38:09.030,-0.26,-0.48,1.21,-73,0,100,11,0,5,50,-76,100,13,"AIR",53.759947 -1.543748,41.4,51.60,37,8,11.8,5.5,249,72,0.4,4,2,932,-708,13,-1024,-93,-1024,1024,1,1,-1,-1,-1,1,-1,-1,-1,0x0000000000000000,1165,1501,1966,1501,2012,1835,2012,988,1500,1500,1500,1500,1500,1500,1500,1500,1500,1500,1500,1500,1500,1500,1500,1500,1500,1500,1500,1500,1500,1500,1500,1500,8.0
2026-05-04,13:38:09.530,-0.26,-0.48,1.21,-77,0,99,12,0,5,50,-66,100,14,"AIR",53.759947 -1.543748,41.4,51.60,37,8,11.8,5.5,249,72,0.4,-331,-1,568,822,12,-1024,-93,-1024,1024,1,1,-1,-1,-1,1,-1,-1,-1,0x0000000000000000,1896,1500,1784,1379,2012,1104,2012,988,1500,1500,1500,1500,1500,1500,1500,1500,1500,1500,1500,1500,1500,1500,1500,1500,1500,1500,1500,1500,1500,1500,1500,1500,8.0
2026-05-04,13:38:10.030,-0.26,-0.48,1.21,-76,0,98,13,0,5,50,-82,100,11,"AIR",53.759947 -1.543748,41.4,51.60,37,8,11.4,13.4,263,58,0.4,-39,-36,378,0,12,-1024,-93,-1024,1024,1,1,-1,-1,-1,1,-1,-1,-1,0x0000000000000000,1500,1484,1689,1487,2012,1500,2012,988,1500,1500,1500,1500,1500,1500,1500,1500,1500,1500,1500,1500,1500,1500,1500,1500,1500,1500,1500,1500,1500,1500,1500,1500,8.0
2026-05-04,13:38:10.530,-0.26,-0.48,1.21,-81,0,99,12,0,5,50,-70,100,14,"AIR",53.759947 -1.543748,41.4,51.60,37,8,11.4,13.4,263,58,0.4,2,-237,384,55,12,-1024,-93,-1024,1024,1,1,-1,-1,-1,1,-1,-1,-1,0x0000000000000000,1524,1393,1692,1500,2012,1476,2012,988,1500,1500,1500,1500,1500,1500,1500,1500,1500,1500,1500,1500,1500,1500,1500,1500,1500,1500,1500,1500,1500,1500,1500,1500,8.0
2026-05-04,13:38:11.030,-0.40,-1.27,1.10,-80,0,100,12,0,5,50,-69,100,14,"AIR",53.759947 -1.543748,41.4,51.60,37,8,11.4,13.4,263,58,0.4,-148,-73,393,-433,13,-1024,-93,-1024,1024,1,1,-1,-1,-1,1,-1,-1,-1,0x0000000000000000,1302,1467,1696,1448,2012,1698,2012,988,1500,1500,1500,1500,1500,1500,1500,1500,1500,1500,1500,1500,1500,1500,1500,1500,1500,1500,1500,1500,1500,1500,1500,1500,8.0
2026-05-04,13:38:11.530,-0.40,-1.27,1.10,-76,0,99,13,0,5,50,-66,100,15,"AIR",53.759947 -1.543748,41.4,51.60,37,8,11.4,13.4,263,58,0.4,-334,-193,393,-418,13,-1024,-93,-1024,1024,1,1,-1,-1,-1,1,-1,-1,-1,0x0000000000000000,1309,1408,1696,1378,2012,1691,2012,988,1500,1500,1500,1500,1500,1500,1500,1500,1500,1500,1500,1500,1500,1500,1500,1500,1500,1500,1500,1500,1500,1500,1500,1500,8.0
2026-05-04,13:38:12.030,-0.40,-1.27,1.10,-79,0,99,12,0,5,50,-76,100,12,"AIR",53.759947 -1.543748,41.4,51.60,37,8,11.4,13.4,263,58,0.4,-168,-368,362,-313,13,-1024,-93,-1024,1024,1,1,-1,-1,-1,1,-1,-1,-1,0x0000000000000000,1358,1333,1681,1441,2012,1642,2012,988,1500,1500,1500,1500,1500,1500,1500,1500,1500,1500,1500,1500,1500,1500,1500,1500,1500,1500,1500,1500,1500,1500,1500,1500,8.0
2026-05-04,13:38:12.530,-0.40,-1.27,1.10,-88,0,99,7,0,5,50,-86,100,8,"AIR",53.759947 -1.543748,41.4,51.60,37,8,11.4,13.4,263,58,0.5,-55,-768,377,39,12,-1024,-93,-1024,1024,1,1,-1,-1,-1,1,-1,-1,-1,0x0000000000000000,1517,1133,1688,1481,2012,1483,2012,988,1500,1500,1500,1500,1500,1500,1500,1500,1500,1500,1500,1500,1500,1500,1500,1500,1500,1500,1500,1500,1500,1500,1500,1500,8.0
2026-05-04,13:38:13.030,-0.40,-1.27,1.10,-84,0,100,9,0,5,50,-75,100,13,"AIR",53.759947 -1.543748,41.4,51.60,37,8,11.4,13.4,263,58,0.5,-4,-696,383,4,12,-1024,-93,-1024,1024,1,1,-1,-1,-1,1,-1,-1,-1,0x0000000000000000,1502,1171,1691,1499,2012,1498,2012,988,1500,1500,1500,1500,1500,1500,1500,1500,1500,1500,1500,1500,1500,1500,1500,1500,1500,1500,1500,1500,1500,1500,1500,1500,8.0
2026-05-04,13:38:13.530,-0.40,-1.27,1.10,-78,0,100,12,0,5,50,-73,100,14,"AIR",53.759947 -1.543748,41.4,51.60,37,8,11.4,13.4,263,58,0.5,0,-836,383,33,12,-1024,-93,-1024,1024,1,1,-1,-1,-1,1,-1,-1,-1,0x0000000000000000,1514,1096,1691,1500,2012,1486,2012,988,1500,1500,1500,1500,1500,1500,1500,1500,1500,1500,1500,1500,1500,1500,1500,1500,1500,1500,1500,1500,1500,1500,1500,1500,8.0
2026-05-04,13:38:14.030,-0.40,-1.27,1.10,-84,0,100,11,0,5,50,-75,100,12,"AIR",53.760297 -1.542845,52.1,24.50,33,9,11.4,13.4,263,58,0.5,0,-385,384,-2,12,-1024,-93,-1024,1024,1,1,-1,-1,-1,1,-1,-1,-1,0x0000000000000000,1499,1325,1692,1500,2012,1501,2012,988,1500,1500,1500,1500,1500,1500,1500,1500,1500,1500,1500,1500,1500,1500,1500,1500,1500,1500,1500,1500,1500,1500,1500,1500,8.0
2026-05-04,13:38:14.530,-0.40,-1.27,1.10,-81,0,99,12,0,5,50,-67,100,14,"AIR",53.760297 -1.542845,52.1,24.50,33,9,11.4,13.4,263,58,0.5,1,-32,384,602,12,-1024,-93,-1024,1024,1,1,-1,-1,-1,1,-1,-1,-1,0x0000000000000000,1781,1486,1692,1500,2012,1219,2012,988,1500,1500,1500,1500,1500,1500,1500,1500,1500,1500,1500,1500,1500,1500,1500,1500,1500,1500,1500,1500,1500,1500,1500,1500,8.0
2026-05-04,13:38:15.030,-0.40,-1.27,1.10,-74,0,98,13,0,5,50,-63,100,15,"AIR",53.760297 -1.542845,52.1,24.50,33,9,11.4,13.4,263,58,0.5,3,6,383,879,11,-1024,-93,-1024,1024,1,1,-1,-1,-1,1,-1,-1,-1,0x0000000000000000,1928,1502,1691,1501,2012,1072,2012,988,1500,1500,1500,1500,1500,1500,1500,1500,1500,1500,1500,1500,1500,1500,1500,1500,1500,1500,1500,1500,1500,1500,1500,1500,8.0
2026-05-04,13:38:15.530,-0.40,-1.27,1.10,-69,0,98,13,0,5,50,-68,100,14,"AIR",53.760297 -1.542845,52.1,24.50,33,9,11.8,5.4,274,70,0.5,2,4,382,-204,12,-1024,-93,-1024,1024,1,1,-1,-1,-1,1,-1,-1,-1,0x0000000000000000,1408,1502,1691,1500,2012,1592,2012,988,1500,1500,1500,1500,1500,1500,1500,1500,1500,1500,1500,1500,1500,1500,1500,1500,1500,1500,1500,1500,1500,1500,1500,1500,8.0
2026-05-04,13:38:16.030,-0.40,-1.27,1.10,-76,0,98,13,0,5,50,-80,100,13,"AIR",53.760297 -1.542845,52.1,24.50,33,9,11.8,5.4,274,70,0.5,1,-3,340,-393,12,-1024,-93,-1024,1024,1,1,-1,-1,-1,1,-1,-1,-1,0x0000000000000000,1321,1499,1670,1500,2012,1679,2012,988,1500,1500,1500,1500,1500,1500,1500,1500,1500,1500,1500,1500,1500,1500,1500,1500,1500,1500,1500,1500,1500,1500,1500,1500,8.0
2026-05-04,13:38:16.530,-0.50,0.09,-1.92,-80,0,100,12,0,5,50,-74,100,13,"AIR",53.760297 -1.542845,52.1,24.50,33,9,11.8,5.4,274,70,0.5,5,-1024,340,-948,13,-1024,-93,-1024,1024,1,1,-1,-1,-1,1,-1,-1,-1,0x0000000000000000,1033,988,1670,1501,2012,1967,2012,988,1500,1500,1500,1500,1500,1500,1500,1500,1500,1500,1500,1500,1500,1500,1500,1500,1500,1500,1500,1500,1500,1500,1500,1500,8.0
2026-05-04,13:38:17.030,-0.50,0.09,-1.92,-76,0,98,12,0,5,50,-65,100,13,"AIR",53.760297 -1.542845,52.1,24.50,33,9,11.8,5.4,274,70,0.5,2,-602,360,-1014,13,-1024,-93,-1024,1024,1,1,-1,-1,-1,1,-1,-1,-1,0x0000000000000000,994,1219,1680,1500,2012,2006,2012,988,1500,1500,1500,1500,1500,1500,1500,1500,1500,1500,1500,1500,1500,1500,1500,1500,1500,1500,1500,1500,1500,1500,1500,1500,8.0
2026-05-04,13:38:17.530,-0.50,0.09,-1.92,-71,0,98,14,0,5,50,-64,100,15,"AIR",53.760297 -1.542845,52.1,24.50,33,9,11.8,5.4,274,70,0.5,-163,24,359,-591,13,-1024,-93,-1024,1024,1,1,-1,-1,-1,1,-1,-1,-1,0x0000000000000000,1253,1523,1679,1437,2012,1747,2012,988,1500,1500,1500,1500,1500,1500,1500,1500,1500,1500,1500,1500,1500,1500,1500,1500,1500,1500,1500,1500,1500,1500,1500,1500,8.0
2026-05-04,13:38:18.030,-0.50,0.09,-1.92,-72,0,100,13,0,5,50,-67,100,16,"AIR",53.760297 -1.542845,52.1,24.50,33,9,11.8,5.4,274,70,2.2,-1,-7,384,-973,13,-1024,-93,-1024,1024,1,1,-1,-1,-1,1,-1,-1,-1,0x0000000000000000,1019,1497,1692,1500,2012,1981,2012,988,1500,1500,1500,1500,1500,1500,1500,1500,1500,1500,1500,1500,1500,1500,1500,1500,1500,1500,1500,1500,1500,1500,1500,1500,8.0
2026-05-04,13:38:18.530,-0.50,0.09,-1.92,-80,0,98,12,0,5,50,-85,100,6,"AIR",53.760297 -1.542845,52.1,24.50,33,9,11.8,5.4,274,70,2.2,1,-717,415,-566,13,-1024,-93,-1024,1024,1,1,-1,-1,-1,1,-1,-1,-1,0x0000000000000000,1237,1160,1707,1500,2012,1763,2012,988,1500,1500,1500,1500,1500,1500,1500,1500,1500,1500,1500,1500,1500,1500,1500,1500,1500,1500,1500,1500,1500,1500,1500,1500,8.0
2026-05-04,13:38:19.030,-0.50,0.09,-1.92,-79,0,97,11,0,5,50,-76,100,14,"AIR",53.760297 -1.542845,52.1,24.50,33,9,11.8,5.4,274,70,2.2,2,-893,438,-126,12,-1024,-93,-1024,1024,1,1,-1,-1,-1,1,-1,-1,-1,0x0000000000000000,1444,1065,1719,1500,2012,1556,2012,988,1500,1500,1500,1500,1500,1500,1500,1500,1500,1500,1500,1500,1500,1500,1500,1500,1500,1500,1500,1500,1500,1500,1500,1500,8.0
2026-05-04,13:38:19.530,-0.50,0.09,-1.92,-77,0,100,12,0,5,50,-70,100,14,"AIR",53.760499 -1.543421,26.0,312.80,38,9,11.8,5.4,274,70,2.2,-60,-951,455,-236,13,-1024,-93,-1024,1024,1,1,-1,-1,-1,1,-1,-1,-1,0x0000000000000000,1394,1031,1727,1479,2012,1606,2012,988,1500,1500,1500,1500,1500,1500,1500,1500,1500,1500,1500,1500,1500,1500,1500,1500,1500,1500,1500,1500,1500,1500,1500,1500,8.0
2026-05-04,13:38:20.030,-0.50,0.09,-1.92,-72,0,100,13,0,5,50,-64,100,14,"AIR",53.760499 -1.543421,26.0,312.80,38,9,11.8,5.4,274,70,2.2,983,-446,-90,134,12,-1024,-93,-1024,1024,1,1,-1,-1,-1,1,-1,-1,-1,0x0000000000000000,1560,1296,1455,1980,2012,1440,2012,988,1500,1500,1500,1500,1500,1500,1500,1500,1500,1500,1500,1500,1500,1500,1500,1500,1500,1500,1500,1500,1500,1500,1500,1500,8.0
2026-05-04,13:38:20.530,-0.50,0.09,-1.92,-71,0,99,13,0,5,50,-69,100,14,"AIR",53.760499 -1.543421,26.0,312.80,38,9,11.8,5.4,274,70,2.2,4,-123,425,1023,11,-1024,-93,-1024,1024,1,1,-1,-1,-1,1,-1,-1,-1,0x0000000000000000,2011,1445,1712,1501,2012,989,2012,988,1500,1500,1500,1500,1500,1500,1500,1500,1500,1500,1500,1500,1500,1500,1500,1500,1500,1500,1500,1500,1500,1500,1500,1500,8.0
2026-05-04,13:38:21.030,-0.50,0.09,-1.92,-74,0,99,13,0,5,50,-69,100,14,"AIR",53.760499 -1.543421,26.0,312.80,38,9,11.7,7.3,284,67,2.2,7,-165,439,563,12,-1024,-93,-1024,1024,1,1,-1,-1,-1,1,-1,-1,-1,0x0000000000000000,1761,1426,1719,1502,2012,1239,2012,988,1500,1500,1500,1500,1500,1500,1500,1500,1500,1500,1500,1500,1500,1500,1500,1500,1500,1500,1500,1500,1500,1500,1500,1500,8.0
2026-05-04,13:38:21.530,-0.50,0.09,-1.92,-77,0,98,13,0,5,50,-72,100,14,"AIR",53.760499 -1.543421,26.0,312.80,38,9,11.7,7.3,284,67,2.2,78,-82,386,939,12,-1024,-93,-1024,1024,1,1,-1,-1,-1,1,-1,-1,-1,0x0000000000000000,1962,1463,1693,1527,2012,1038,2012,988,1500,1500,1500,1500,1500,1500,1500,1500,1500,1500,1500,1500,1500,1500,1500,1500,1500,1500,1500,1500,1500,1500,1500,1500,8.0
2026-05-04,13:38:22.030,0.00,-0.46,3.04,-89,0,98,6,0,5,50,-86,100,6,"AIR",53.760499 -1.543421,26.0,312.80,38,9,11.7,7.3,284,67,2.2,2,-385,325,-293,12,-1024,-93,-1024,1024,1,1,-1,-1,-1,1,-1,-1,-1,0x0000000000000000,1367,1325,1662,1500,2012,1633,2012,988,1500,1500,1500,1500,1500,1500,1500,1500,1500,1500,1500,1500,1500,1500,1500,1500,1500,1500,1500,1500,1500,1500,1500,1500,8.0
2026-05-04,13:38:22.530,0.00,-0.46,3.04,-88,0,96,7,0,5,50,-76,100,12,"AIR",53.760499 -1.543421,26.0,312.80,38,9,11.7,7.3,284,67,2.2,1,-1023,351,-657,13,-1024,-93,-1024,1024,1,1,-1,-1,-1,1,-1,-1,-1,0x0000000000000000,1191,989,1675,1500,2012,1809,2012,988,1500,1500,1500,1500,1500,1500,1500,1500,1500,1500,1500,1500,1500,1500,1500,1500,1500,1500,1500,1500,1500,1500,1500,1500,8.0
2026-05-04,13:38:23.030,0.00,-0.46,3.04,-79,0,98,12,0,5,50,-70,100,14,"AIR",53.760499 -1.543421,26.0,312.80,38,9,11.7,7.3,284,67,2.2,-13,-70,202,-977,13,-1024,-93,-1024,1024,1,1,-1,-1,-1,1,-1,-1,-1,0x0000000000000000,1016,1469,1601,1500,2012,1984,2012,988,1500,1500,1500,1500,1500,1500,1500,1500,1500,1500,1500,1500,1500,1500,1500,1500,1500,1500,1500,1500,1500,1500,1500,1500,8.0
2026-05-04,13:38:23.530,0.00,-0.46,3.04,-77,0,98,12,0,5,50,-62,100,15,"AIR",53.760499 -1.543421,26.0,312.80,38,9,11.7,7.3,284,67,-3.5,0,-415,332,-1018,13,-1024,-93,-1024,1024,1,1,-1,-1,-1,1,-1,-1,-1,0x0000000000000000,992,1310,1666,1500,2012,2008,2012,988,1500,1500,1500,1500,1500,1500,1500,1500,1500,1500,1500,1500,1500,1500,1500,1500,1500,1500,1500,1500,1500,1500,1500,1500,8.0
2026-05-04,13:38:24.030,0.00,-0.46,3.04,-70,0,99,14,0,5,50,-69,100,14,"AIR",53.760499 -1.543421,26.0,312.80,38,9,11.7,7.3,284,67,-3.5,2,-186,397,-264,13,-1024,-93,-1024,1024,1,1,-1,-1,-1,1,-1,-1,-1,0x0000000000000000,1381,1416,1698,1500,2012,1619,2012,988,1500,1500,1500,1500,1500,1500,1500,1500,1500,1500,1500,1500,1500,1500,1500,1500,1500,1500,1500,1500,1500,1500,1500,1500,8.0
2026-05-04,13:38:24.530,0.00,-0.46,3.04,-68,0,100,13,0,5,50,-60,100,14,"AIR",53.760499 -1.543421,26.0,312.80,38,9,11.7,7.3,284,67,-3.5,3,24,564,875,12,-1024,-93,-1024,1024,1,1,-1,-1,-1,1,-1,-1,-1,0x0000000000000000,1925,1511,1782,1501,2012,1075,2012,988,1500,1500,1500,1500,1500,1500,1500,1500,1500,1500,1500,1500,1500,1500,1500,1500,1500,1500,1500,1500,1500,1500,1500,1500,8.0
2026-05-04,13:38:25.030,0.00,-0.46,3.04,-63,0,100,14,0,5,50,-51,100,14,"AIR",53.760499 -1.543421,26.0,312.80,38,9,11.7,7.3,284,67,-3.5,4,-338,504,357,12,-1024,-93,-1024,1024,1,1,-1,-1,-1,1,-1,-1,-1,0x0000000000000000,1662,1347,1752,1501,2012,1338,2012,988,1500,1500,1500,1500,1500,1500,1500,1500,1500,1500,1500,1500,1500,1500,1500,1500,1500,1500,1500,1500,1500,1500,1500,1500,8.0
2026-05-04,13:38:25.530,0.00,-0.46,3.04,-61,0,100,14,0,5,50,-53,100,14,"AIR",53.760352 -1.543767,41.5,272.60,31,9,11.7,7.3,284,67,-3.5,3,-494,700,179,12,-1024,-93,-1024,1024,1,1,-1,-1,-1,1,-1,-1,-1,0x0000000000000000,1574,1272,1850,1501,2012,1426,2012,988,1500,1500,1500,1500,1500,1500,1500,1500,1500,1500,1500,1500,1500,1500,1500,1500,1500,1500,1500,1500,1500,1500,1500,1500,8.0
2026-05-04,13:38:26.030,0.00,-0.46,3.04,-66,0,100,14,0,5,50,-60,100,15,"AIR",53.760352 -1.543767,41.5,272.60,31,9,11.7,7.3,284,67,-3.5,2,-467,660,-247,12,-1024,-93,-1024,1024,1,1,-1,-1,-1,1,-1,-1,-1,0x0000000000000000,1389,1286,1830,1500,2012,1611,2012,988,1500,1500,1500,1500,1500,1500,1500,1500,1500,1500,1500,1500,1500,1500,1500,1500,1500,1500,1500,1500,1500,1500,1500,1500,8.0
2026-05-04,13:38:26.530,0.00,-0.46,3.04,-67,0,98,13,0,5,50,-58,100,14,"AIR",53.760352 -1.543767,41.5,272.60,31,9,11.7,7.1,293,67,-3.5,-259,-445,500,-342,13,-1024,-93,-1024,1024,1,1,-1,-1,-1,1,-1,-1,-1,0x0000000000000000,1345,1296,1750,1407,2012,1655,2012,988,1500,1500,1500,1500,1500,1500,1500,1500,1500,1500,1500,1500,1500,1500,1500,1500,1500,1500,1500,1500,1500,1500,1500,1500,8.0
2026-05-04,13:38:27.030,0.00,-0.46,3.04,-66,0,98,14,0,5,50,-62,100,13,"AIR",53.760352 -1.543767,41.5,272.60,31,9,11.7,7.1,293,67,-3.5,-1023,-31,-1024,-1024,13,-1024,-93,-1024,1024,1,1,-1,-1,-1,1,-1,-1,-1,0x0000000000000000,988,1486,988,989,2012,2012,2012,988,1500,1500,1500,1500,1500,1500,1500,1500,1500,1500,1500,1500,1500,1500,1500,1500,1500,1500,1500,1500,1500,1500,1500,1500,8.0
2026-05-04,13:38:27.530,-0.54,0.26,-1.95,-70,0,99,14,0,5,50,-60,100,15,"AIR",53.760352 -1.543767,41.5,272.60,31,9,11.7,7.1,293,67,-3.5,-1024,-5,-1024,-1024,13,-1024,-93,-1024,1024,1,1,-1,-1,-1,1,-1,-1,-1,0x0000000000000000,988,1498,988,988,2012,2012,2012,988,1500,1500,1500,1500,1500,1500,1500,1500,1500,1500,1500,1500,1500,1500,1500,1500,1500,1500,1500,1500,1500,1500,1500,1500,8.0
2026-05-04,13:38:28.030,-0.54,0.26,-1.95,-66,0,100,13,0,5,50,-59,100,14,"AIR",53.760352 -1.543767,41.5,272.60,31,9,11.7,7.1,293,67,-3.5,-1024,-8,-1024,-1024,13,-1024,-93,-1024,1024,1,1,-1,-1,-1,1,-1,-1,-1,0x0000000000000000,988,1497,988,988,2012,2012,2012,988,1500,1500,1500,1500,1500,1500,1500,1500,1500,1500,1500,1500,1500,1500,1500,1500,1500,1500,1500,1500,1500,1500,1500,1500,8.0
2026-05-04,13:38:28.530,-0.54,0.26,-1.95,-65,0,100,14,0,5,50,-55,100,15,"AIR",53.760352 -1.543767,41.5,272.60,31,9,11.7,7.1,293,67,-3.5,-444,-444,-1024,-1024,13,-1024,-93,-1024,1024,1,1,-1,-1,-1,1,-1,-1,-1,0x0000000000000000,988,1297,988,1332,2012,2012,2012,988,1500,1500,1500,1500,1500,1500,1500,1500,1500,1500,1500,1500,1500,1500,1500,1500,1500,1500,1500,1500,1500,1500,1500,1500,8.0
2026-05-04,13:38:29.030,-0.54,0.26,-1.95,-69,0,100,14,0,5,50,-58,100,13,"AIR",53.760352 -1.543767,41.5,272.60,31,9,11.7,7.1,293,67,-2.3,4,-769,-1008,982,12,-1024,-93,-1024,1024,1,1,-1,-1,-1,1,-1,-1,-1,0x0000000000000000,1987,1124,996,1501,2012,1013,2012,988,1500,1500,1500,1500,1500,1500,1500,1500,1500,1500,1500,1500,1500,1500,1500,1500,1500,1500,1500,1500,1500,1500,1500,1500,8.0
2026-05-04,13:38:29.530,-0.54,0.26,-1.95,-69,0,100,14,0,5,50,-69,100,14,"AIR",53.760352 -1.543767,41.5,272.60,31,9,11.7,7.1,293,67,-2.3,3,-891,-995,482,12,-1024,-93,-1024,1024,1,1,-1,-1,-1,1,-1,-1,-1,0x0000000000000000,1722,1066,1003,1501,2012,1278,2012,988,1500,1500,1500,1500,1500,1500,1500,1500,1500,1500,1500,1500,1500,1500,1500,1500,1500,1500,1500,1500,1500,1500,1500,1500,8.0
2026-05-04,13:38:30.030,-0.54,0.26,-1.95,-71,0,96,13,0,5,50,-58,100,14,"AIR",53.760352 -1.543767,41.5,272.60,31,9,11.7,7.1,293,67,-2.3,6,-385,-1011,947,12,-1024,-93,-1024,1024,1,1,-1,-1,-1,1,-1,-1,-1,0x0000000000000000,1966,1325,995,1502,2012,1034,2012,988,1500,1500,1500,1500,1500,1500,1500,1500,1500,1500,1500,1500,1500,1500,1500,1500,1500,1500,1500,1500,1500,1500,1500,1500,8.0
2026-05-04,13:38:30.530,-0.54,0.26,-1.95,-65,0,97,14,0,5,50,-56,100,16,"AIR",53.760352 -1.543767,41.5,272.60,31,9,11.7,7.1,293,67,-2.3,20,-927,-580,-205,12,-1024,-93,-1024,1024,1,1,-1,-1,-1,1,-1,-1,-1,0x0000000000000000,1408,1045,1210,1507,2012,1592,2012,988,1500,1500,1500,1500,1500,1500,1500,1500,1500,1500,1500,1500,1500,1500,1500,1500,1500,1500,1500,1500,1500,1500,1500,1500,8.0
2026-05-04,13:38:31.030,-0.54,0.26,-1.95,-71,0,99,14,0,5,50,-70,100,15,"AIR",53.760233 -1.544356,7.0,231.30,36,9,11.7,7.1,293,67,-2.3,4,-585,-561,8,12,-1024,-93,-1024,1024,1,1,-1,-1,-1,1,-1,-1,-1,0x0000000000000000,1503,1233,1220,1501,2012,1497,2012,988,1500,1500,1500,1500,1500,1500,1500,1500,1500,1500,1500,1500,1500,1500,1500,1500,1500,1500,1500,1500,1500,1500,1500,1500,8.0
2026-05-04,13:38:31.530,-0.54,0.26,-1.95,-77,0,99,12,0,5,50,-65,100,13,"AIR",53.760233 -1.544356,7.0,231.30,36,9,11.7,7.1,293,67,-2.3,4,-562,-529,-3,12,-1024,-93,-1024,1024,1,1,-1,-1,-1,1,-1,-1,-1,0x0000000000000000,1499,1239,1236,1501,2012,1501,2012,988,1500,1500,1500,1500,1500,1500,1500,1500,1500,1500,1500,1500,1500,1500,1500,1500,1500,1500,1500,1500,1500,1500,1500,1500,8.0
2026-05-04,13:38:32.030,-0.54,0.26,-1.95,-74,0,98,13,0,5,50,-68,100,13,"AIR",53.760233 -1.544356,7.0,231.30,36,9,12.0,1.1,298,78,-2.3,4,-144,-246,2,12,-1024,-93,-1024,1024,1,1,-1,-1,-1,1,-1,-1,-1,0x0000000000000000,1501,1435,1377,1501,2012,1499,2012,988,1500,1500,1500,1500,1500,1500,1500,1500,1500,1500,1500,1500,1500,1500,1500,1500,1500,1500,1500,1500,1500,1500,1500,1500,8.0
2026-05-04,13:38:32.530,-0.54,0.26,-1.95,-72,0,100,12,0,5,50,-62,100,15,"AIR",53.760233 -1.544356,7.0,231.30,36,9,12.0,1.1,298,78,-2.3,6,-1,266,33,12,-1024,-93,-1024,1024,1,1,-1,-1,-1,1,-1,-1,-1,0x0000000000000000,1515,1500,1633,1502,2012,1485,2012,988,1500,1500,1500,1500,1500,1500,1500,1500,1500,1500,1500,1500,1500,1500,1500,1500,1500,1500,1500,1500,1500,1500,1500,1500,8.0
2026-05-04,13:38:33.030,-0.32,0.68,3.13,-72,0,98,13,0,5,50,-62,100,14,"AIR",53.760233 -1.544356,7.0,231.30,36,9,12.0,1.1,298,78,-2.3,2,-155,318,13,12,-1024,-93,-1024,1024,1,1,-1,-1,-1,1,-1,-1,-1,0x0000000000000000,1506,1430,1654,1500,2012,1494,2012,988,1500,1500,1500,1500,1500,1500,1500,1500,1500,1500,1500,1500,1500,1500,1500,1500,1500,1500,1500,1500,1500,1500,1500,1500,8.0
2026-05-04,13:38:33.530,-0.32,0.68,3.13,-73,0,99,14,0,5,50,-66,100,14,"AIR",53.760233 -1.544356,7.0,231.30,36,9,12.0,1.1,298,78,-2.3,3,-336,245,1,12,-1024,-93,-1024,1024,1,1,-1,-1,-1,1,-1,-1,-1,0x0000000000000000,1500,1347,1622,1501,2012,1500,2012,988,1500,1500,1500,1500,1500,1500,1500,1500,1500,1500,1500,1500,1500,1500,1500,1500,1500,1500,1500,1500,1500,1500,1500,1500,8.0
2026-05-04,13:38:34.030,-0.32,0.68,3.13,-69,0,99,14,0,5,50,-60,100,15,"AIR",53.760233 -1.544356,7.0,231.30,36,9,12.0,1.1,298,78,-2.3,5,-458,123,1,12,-1024,-93,-1024,1024,1,1,-1,-1,-1,1,-1,-1,-1,0x0000000000000000,1500,1290,1561,1502,2012,1500,2012,988,1500,1500,1500,1500,1500,1500,1500,1500,1500,1500,1500,1500,1500,1500,1500,1500,1500,1500,1500,1500,1500,1500,1500,1500,8.0
2026-05-04,13:38:34.530,-0.32,0.68,3.13,-71,0,98,13,0,5,50,-63,100,15,"AIR",53.760233 -1.544356,7.0,231.30,36,9,12.0,1.1,298,78,0.2,5,-7,449,-698,13,-1024,-93,-1024,1024,1,1,-1,-1,-1,1,-1,-1,-1,0x0000000000000000,1170,1497,1724,1501,2012,1830,2012,988,1500,1500,1500,1500,1500,1500,1500,1500,1500,1500,1500,1500,1500,1500,1500,1500,1500,1500,1500,1500,1500,1500,1500,1500,8.0
2026-05-04,13:38:35.030,-0.32,0.68,3.13,-69,0,97,13,0,5,50,-51,100,14,"AIR",53.760233 -1.544356,7.0,231.30,36,9,12.0,1.1,298,78,0.2,3,5,901,-435,13,-1024,-93,-1024,1024,1,1,-1,-1,-1,1,-1,-1,-1,0x0000000000000000,1310,1502,1955,1501,2012,1690,2012,988,1500,1500,1500,1500,1500,1500,1500,1500,1500,1500,1500,1500,1500,1500,1500,1500,1500,1500,1500,1500,1500,1500,1500,1500,8.0
2026-05-04,13:38:35.530,-0.32,0.68,3.13,-57,0,99,14,0,5,50,-51,100,14,"AIR",53.760233 -1.544356,7.0,231.30,36,9,12.0,1.1,298,78,0.2,3,0,608,608,12,-1024,-93,-1024,1024,1,1,-1,-1,-1,1,-1,-1,-1,0x0000000000000000,1793,1500,1804,1501,2012,1207,2012,988,1500,1500,1500,1500,1500,1500,1500,1500,1500,1500,1500,1500,1500,1500,1500,1500,1500,1500,1500,1500,1500,1500,1500,1500,8.0
2026-05-04,13:38:36.030,-0.32,0.68,3.13,-57,0,99,14,0,5,50,-47,100,14,"AIR",53.760233 -1.544356,7.0,231.30,36,9,12.0,1.1,298,78,0.2,5,2,549,529,12,-1024,-93,-1024,1024,1,1,-1,-1,-1,1,-1,-1,-1,0x0000000000000000,1729,1501,1774,1501,2012,1271,2012,988,1500,1500,1500,1500,1500,1500,1500,1500,1500,1500,1500,1500,1500,1500,1500,1500,1500,1500,1500,1500,1500,1500,1500,1500,8.0
2026-05-04,13:38:36.530,-0.32,0.68,3.13,-60,0,99,14,0,5,50,-60,100,15,"AIR",53.759897 -1.544217,30.3,236.80,19,8,12.0,1.1,298,78,0.2,3,3,554,425,12,-1024,-93,-1024,1024,1,1,-1,-1,-1,1,-1,-1,-1,0x0000000000000000,1694,1501,1777,1501,2012,1306,2012,988,1500,1500,1500,1500,1500,1500,1500,1500,1500,1500,1500,1500,1500,1500,1500,1500,1500,1500,1500,1500,1500,1500,1500,1500,8.0
2026-05-04,13:38:37.030,-0.32,0.68,3.13,-63,0,100,14,0,5,50,-51,100,14,"AIR",53.759897 -1.544217,30.3,236.80,19,8,12.0,1.1,298,78,0.2,3,-412,336,-312,12,-1024,-93,-1024,1024,1,1,-1,-1,-1,1,-1,-1,-1,0x0000000000000000,1359,1312,1668,1501,2012,1641,2012,988,1500,1500,1500,1500,1500,1500,1500,1500,1500,1500,1500,1500,1500,1500,1500,1500,1500,1500,1500,1500,1500,1500,1500,1500,8.0
2026-05-04,13:38:37.530,-0.32,0.68,3.13,-64,0,100,14,0,5,50,-61,100,15,"AIR",53.759897 -1.544217,30.3,236.80,19,8,11.6,8.1,306,65,0.2,3,-1,335,-480,13,-1024,-93,-1024,1024,1,1,-1,-1,-1,1,-1,-1,-1,0x0000000000000000,1279,1500,1667,1501,2012,1721,2012,988,1500,1500,1500,1500,1500,1500,1500,1500,1500,1500,1500,1500,1500,1500,1500,1500,1500,1500,1500,1500,1500,1500,1500,1500,8.0
2026-05-04,13:38:38.030,-0.32,0.68,3.13,-64,0,100,14,0,5,50,-49,100,15,"AIR",53.759897 -1.544217,30.3,236.80,19,8,11.6,8.1,306,65,0.2,4,5,451,-319,12,-1024,-93,-1024,1024,1,1,-1,-1,-1,1,-1,-1,-1,0x0000000000000000,1355,1502,1725,1501,2012,1645,2012,988,1500,1500,1500,1500,1500,1500,1500,1500,1500,1500,1500,1500,1500,1500,1500,1500,1500,1500,1500,1500,1500,1500,1500,1500,8.0
2026-05-04,13:38:38.530,-0.23,0.24,-2.67,-60,0,98,14,0,5,50,-53,100,14,"AIR",53.759897 -1.544217,30.3,236.80,19,8,11.6,8.1,306,65,0.2,2,3,432,-730,13,-1024,-93,-1024,1024,1,1,-1,-1,-1,1,-1,-1,-1,0x0000000000000000,1153,1501,1709,1500,2012,1847,2012,988,1500,1500,1500,1500,1500,1500,1500,1500,1500,1500,1500,1500,1500,1500,1500,1500,1500,1500,1500,1500,1500,1500,1500,1500,8.0
2026-05-04,13:38:39.030,-0.23,0.24,-2.67,-59,0,100,14,0,5,50,-53,100,14,"AIR",53.759897 -1.544217,30.3,236.80,19,8,11.6,8.1,306,65,0.2,3,2,340,668,12,-1024,-93,-1024,1024,1,1,-1,-1,-1,1,-1,-1,-1,0x0000000000000000,1814,1501,1670,1501,2012,1186,2012,988,1500,1500,1500,1500,1500,1500,1500,1500,1500,1500,1500,1500,1500,1500,1500,1500,1500,1500,1500,1500,1500,1500,1500,1500,8.0
2026-05-04,13:38:39.530,-0.23,0.24,-2.67,-56,0,100,14,0,5,50,-44,100,15,"AIR",53.759897 -1.544217,30.3,236.80,19,8,11.6,8.1,306,65,0.2,3,9,341,963,12,-1024,-93,-1024,1024,1,1,-1,-1,-1,1,-1,-1,-1,0x0000000000000000,1976,1504,1670,1501,2012,1024,2012,988,1500,1500,1500,1500,1500,1500,1500,1500,1500,1500,1500,1500,1500,1500,1500,1500,1500,1500,1500,1500,1500,1500,1500,1500,8.0
2026-05-04,13:38:40.030,-0.23,0.24,-2.67,-56,0,100,14,0,5,50,-54,100,13,"AIR",53.759897 -1.544217,30.3,236.80,19,8,11.6,8.1,306,65,2.0,4,-242,326,526,12,-1024,-93,-1024,1024,1,1,-1,-1,-1,1,-1,-1,-1,0x0000000000000000,1743,1391,1663,1501,2012,1257,2012,988,1500,1500,1500,1500,1500,1500,1500,1500,1500,1500,1500,1500,1500,1500,1500,1500,1500,1500,1500,1500,1500,1500,1500,1500,8.0
2026-05-04,13:38:40.530,-0.23,0.24,-2.67,-63,0,100,14,0,5,50,-61,100,14,"AIR",53.759897 -1.544217,30.3,236.80,19,8,11.6,8.1,306,65,2.0,7,-739,301,-572,13,-1024,-93,-1024,1024,1,1,-1,-1,-1,1,-1,-1,-1,0x0000000000000000,1234,1149,1650,1502,2012,1766,2012,988,1500,1500,1500,1500,1500,1500,1500,1500,1500,1500,1500,1500,1500,1500,1500,1500,1500,1500,1500,1500,1500,1500,1500,1500,8.0
2026-05-04,13:38:41.030,-0.23,0.24,-2.67,-63,0,99,14,0,5,50,-52,100,15,"AIR",53.759897 -1.544217,30.3,236.80,19,8,11.6,8.1,306,65,2.0,43,-634,210,19,12,-1024,-93,-1024,1024,1,1,-1,-1,-1,1,-1,-1,-1,0x0000000000000000,1508,1203,1605,1515,2012,1492,2012,988,1500,1500,1500,1500,1500,1500,1500,1500,1500,1500,1500,1500,1500,1500,1500,1500,1500,1500,1500,1500,1500,1500,1500,1500,8.0
2026-05-04,13:38:41.530,-0.23,0.24,-2.67,-65,0,99,14,0,5,50,-54,100,14,"AIR",53.759897 -1.544217,30.3,236.80,19,8,11.6,8.1,306,65,2.0,8,-674,209,276,12,-1024,-93,-1024,1024,1,1,-1,-1,-1,1,-1,-1,-1,0x0000000000000000,1625,1183,1604,1503,2012,1375,2012,988,1500,1500,1500,1500,1500,1500,1500,1500,1500,1500,1500,1500,1500,1500,1500,1500,1500,1500,1500,1500,1500,1500,1500,1500,8.0
2026-05-04,13:38:42.030,-0.23,0.24,-2.67,-77,0,99,12,0,5,50,-84,100,4,"AIR",53.759541 -1.544508,31.1,164.30,29,9,11.6,8.1,306,65,2.0,6,-430,212,379,12,-1024,-93,-1024,1024,1,1,-1,-1,-1,1,-1,-1,-1,0x0000000000000000,1673,1303,1606,1502,2012,1327,2012,988,1500,1500,1500,1500,1500,1500,1500,1500,1500,1500,1500,1500,1500,1500,1500,1500,1500,1500,1500,1500,1500,1500,1500,1500,8.0
2026-05-04,13:38:42.530,-0.23,0.24,-2.67,-76,0,99,12,0,5,50,-77,100,13,"AIR",53.759541 -1.544508,31.1,164.30,29,9,11.6,8.1,306,65,2.0,9,-678,211,456,12,-1024,-93,-1024,1024,1,1,-1,-1,-1,1,-1,-1,-1,0x0000000000000000,1709,1181,1605,1503,2012,1291,2012,988,1500,1500,1500,1500,1500,1500,1500,1500,1500,1500,1500,1500,1500,1500,1500,1500,1500,1500,1500,1500,1500,1500,1500,1500,8.0
2026-05-04,13:38:43.030,-0.23,0.24,-2.67,-67,0,100,14,0,5,50,-58,100,14,"AIR",53.759541 -1.544508,31.1,164.30,29,9,11.8,4.0,314,71,2.0,7,-965,211,223,12,-1024,-93,-1024,1024,1,1,-1,-1,-1,1,-1,-1,-1,0x0000000000000000,1600,1023,1605,1502,2012,1400,2012,988,1500,1500,1500,1500,1500,1500,1500,1500,1500,1500,1500,1500,1500,1500,1500,1500,1500,1500,1500,1500,1500,1500,1500,1500,8.0
2026-05-04,13:38:43.530,-0.23,0.24,-2.67,-64,0,99,14,0,5,50,-56,100,14,"AIR",53.759541 -1.544508,31.1,164.30,29,9,11.8,4.0,314,71,2.0,9,-633,211,719,12,-1024,-93,-1024,1024,1,1,-1,-1,-1,1,-1,-1,-1,0x0000000000000000,1841,1204,1605,1503,2012,1159,2012,988,1500,1500,1500,1500,1500,1500,1500,1500,1500,1500,1500,1500,1500,1500,1500,1500,1500,1500,1500,1500,1500,1500,1500,1500,8.0
2026-05-04,13:38:44.030,-0.52,0.95,-1.28,-68,0,99,13,0,5,50,-55,100,14,"AIR",53.759541 -1.544508,31.1,164.30,29,9,11.8,4.0,314,71,2.0,12,-971,252,-72,12,-1024,-93,-1024,1024,1,1,-1,-1,-1,1,-1,-1,-1,0x0000000000000000,1468,1020,1626,1504,2012,1532,2012,988,1500,1500,1500,1500,1500,1500,1500,1500,1500,1500,1500,1500,1500,1500,1500,1500,1500,1500,1500,1500,1500,1500,1500,1500,8.0
2026-05-04,13:38:44.530,-0.52,0.95,-1.28,-64,0,100,14,0,5,50,-54,100,12,"AIR",53.759541 -1.544508,31.1,164.30,29,9,11.8,4.0,314,71,2.0,6,-742,268,-705,13,-1024,-93,-1024,1024,1,1,-1,-1,-1,1,-1,-1,-1,0x0000000000000000,1167,1147,1634,1502,2012,1833,2012,988,1500,1500,1500,1500,1500,1500,1500,1500,1500,1500,1500,1500,1500,1500,1500,1500,1500,1500,1500,1500,1500,1500,1500,1500,8.0
2026-05-04,13:38:45.030,-0.52,0.95,-1.28,-64,0,99,14,0,5,50,-52,100,13,"AIR",53.759541 -1.544508,31.1,164.30,29,9,11.8,4.0,314,71,2.0,3,-434,243,-816,13,-1024,-93,-1024,1024,1,1,-1,-1,-1,1,-1,-1,-1,0x0000000000000000,1107,1301,1621,1501,2012,1893,2012,988,1500,1500,1500,1500,1500,1500,1500,1500,1500,1500,1500,1500,1500,1500,1500,1500,1500,1500,1500,1500,1500,1500,1500,1500,8.0
2026-05-04,13:38:45.530,-0.52,0.95,-1.28,-67,0,100,14,0,5,50,-59,100,15,"AIR",53.759541 -1.544508,31.1,164.30,29,9,11.8,4.0,314,71,-4.2,2,-8,372,0,12,-1024,-93,-1024,1024,1,1,-1,-1,-1,1,-1,-1,-1,0x0000000000000000,1500,1497,1686,1500,2012,1500,2012,988,1500,1500,1500,1500,1500,1500,1500,1500,1500,1500,1500,1500,1500,1500,1500,1500,1500,1500,1500,1500,1500,1500,1500,1500,8.0
2026-05-04,13:38:46.030,-0.52,0.95,-1.28,-66,0,99,14,0,5,50,-55,100,14,"AIR",53.759541 -1.544508,31.1,164.30,29,9,11.8,4.0,314,71,-4.2,-229,-126,626,0,12,-1024,-93,-1024,1024,1,1,-1,-1,-1,1,-1,-1,-1,0x0000000000000000,1500,1444,1813,1418,2012,1500,2012,988,1500,1500,1500,1500,1500,1500,1500,1500,1500,1500,1500,1500,1500,1500,1500,1500,1500,1500,1500,1500,1500,1500,1500,1500,8.0
2026-05-04,13:38:46.530,-0.52,0.95,-1.28,-65,0,99,14,0,5,50,-55,100,14,"AIR",53.759541 -1.544508,31.1,164.30,29,9,11.8,4.0,314,71,-4.2,-226,-280,477,59,12,-1024,-93,-1024,1024,1,1,-1,-1,-1,1,-1,-1,-1,0x0000000000000000,1526,1373,1738,1420,2012,1474,2012,988,1500,1500,1500,1500,1500,1500,1500,1500,1500,1500,1500,1500,1500,1500,1500,1500,1500,1500,1500,1500,1500,1500,1500,1500,8.0
2026-05-04,13:38:47.030,-0.52,0.95,-1.28,-59,0,100,14,0,5,50,-48,100,13,"AIR",53.759541 -1.544508,31.1,164.30,29,9,11.8,4.0,314,71,-4.2,28,-255,161,351,12,-1024,-93,-1024,1024,1,1,-1,-1,-1,1,-1,-1,-1,0x0000000000000000,1660,1385,1580,1510,2012,1340,2012,988,1500,1500,1500,1500,1500,1500,1500,1500,1500,1500,1500,1500,1500,1500,1500,1500,1500,1500,1500,1500,1500,1500,1500,1500,8.0
2026-05-04,13:38:47.530,-0.52,0.95,-1.28,-57,0,99,14,0,5,50,-53,100,14,"AIR",53.759536 -1.544701,47.0,61.30,23,9,11.8,4.0,314,71,-4.2,-235,-227,-106,954,12,-1024,-93,-1024,1024,1,1,-1,-1,-1,1,-1,-1,-1,0x0000000000000000,1970,1398,1447,1416,2012,1030,2012,988,1500,1500,1500,1500,1500,1500,1500,1500,1500,1500,1500,1500,1500,1500,1500,1500,1500,1500,1500,1500,1500,1500,1500,1500,8.0
2026-05-04,13:38:48.030,-0.52,0.95,-1.28,-56,0,99,14,0,5,50,-50,100,14,"AIR",53.759536 -1.544701,47.0,61.30,23,9,11.8,4.0,314,71,-4.2,-1024,-907,-1024,1024,12,-1024,-93,-1024,1024,1,1,-1,-1,-1,1,-1,-1,-1,0x0000000000000000,2012,1057,988,988,2012,988,2012,988,1500,1500,1500,1500,1500,1500,1500,1500,1500,1500,1500,1500,1500,1500,1500,1500,1500,1500,1500,1500,1500,1500,1500,1500,8.0
2026-05-04,13:38:48.530,-0.52,0.95,-1.28,-58,0,99,14,0,5,50,-51,100,14,"AIR",53.759536 -1.544701,47.0,61.30,23,9,11.8,3.7,323,71,-4.2,-762,-639,-1022,1024,12,-1024,-93,-1024,1024,1,1,-1,-1,-1,1,-1,-1,-1,0x0000000000000000,2012,1201,989,1170,2012,988,2012,988,1500,1500,1500,1500,1500,1500,1500,1500,1500,1500,1500,1500,1500,1500,1500,1500,1500,1500,1500,1500,1500,1500,1500,1500,8.0
2026-05-04,13:38:49.030,-0.52,0.95,-1.28,-56,0,100,14,0,5,50,-48,100,13,"AIR",53.759536 -1.544701,47.0,61.30,23,9,11.8,3.7,323,71,-4.2,-24,-380,-247,-1022,13,-1024,-93,-1024,1024,1,1,-1,-1,-1,1,-1,-1,-1,0x0000000000000000,989,1327,1377,1492,2012,2011,2012,988,1500,1500,1500,1500,1500,1500,1500,1500,1500,1500,1500,1500,1500,1500,1500,1500,1500,1500,1500,1500,1500,1500,1500,1500,8.0
2026-05-04,13:38:49.530,-0.79,0.97,0.60,-56,0,100,14,0,5,50,-45,100,15,"AIR",53.759536 -1.544701,47.0,61.30,23,9,11.8,3.7,323,71,-4.2,0,-856,-118,117,12,-1024,-93,-1024,1024,1,1,-1,-1,-1,1,-1,-1,-1,0x0000000000000000,1552,1085,1441,1500,2012,1448,2012,988,1500,1500,1500,1500,1500,1500,1500,1500,1500,1500,1500,1500,1500,1500,1500,1500,1500,1500,1500,1500,1500,1500,1500,1500,8.0
2026-05-04,13:38:50.030,-0.79,0.97,0.60,-53,0,100,14,0,5,50,-48,100,14,"AIR",53.759536 -1.544701,47.0,61.30,23,9,11.8,3.7,323,71,-4.2,0,-257,-252,1,12,-1024,-93,-1024,1024,1,1,-1,-1,-1,1,-1,-1,-1,0x0000000000000000,1500,1384,1374,1500,2012,1500,2012,988,1500,1500,1500,1500,1500,1500,1500,1500,1500,1500,1500,1500,1500,1500,1500,1500,1500,1500,1500,1500,1500,1500,1500,1500,8.0
2026-05-04,13:38:50.530,-0.79,0.97,0.60,-52,0,100,14,0,5,50,-50,100,14,"AIR",53.759536 -1.544701,47.0,61.30,23,9,11.8,3.7,323,71,-4.2,4,-146,-555,1023,12,-1024,-93,-1024,1024,1,1,-1,-1,-1,1,-1,-1,-1,0x0000000000000000,2011,1435,1223,1501,2012,989,2012,988,1500,1500,1500,1500,1500,1500,1500,1500,1500,1500,1500,1500,1500,1500,1500,1500,1500,1500,1500,1500,1500,1500,1500,1500,8.0
2026-05-04,13:38:51.030,-0.79,0.97,0.60,-57,0,99,14,0,5,50,-48,100,14,"AIR",53.759536 -1.544701,47.0,61.30,23,9,11.8,3.7,323,71,-4.2,3,-696,-441,383,12,-1024,-93,-1024,1024,1,1,-1,-1,-1,1,-1,-1,-1,0x0000000000000000,1675,1171,1280,1501,2012,1325,2012,988,1500,1500,1500,1500,1500,1500,1500,1500,1500,1500,1500,1500,1500,1500,1500,1500,1500,1500,1500,1500,1500,1500,1500,1500,8.0
2026-05-04,13:38:51.530,-0.79,0.97,0.60,-55,0,100,14,0,5,50,-52,100,14,"AIR",53.759536 -1.544701,47.0,61.30,23,9,11.8,3.7,323,71,0.0,1,-2,-329,-2,12,-1024,-93,-1024,1024,1,1,-1,-1,-1,1,-1,-1,-1,0x0000000000000000,1499,1499,1336,1500,2012,1501,2012,988,1500,1500,1500,1500,1500,1500,1500,1500,1500,1500,1500,1500,1500,1500,1500,1500,1500,1500,1500,1500,1500,1500,1500,1500,8.0
2026-05-04,13:38:52.030,-0.79,0.97,0.60,-61,0,100,14,0,5,50,-59,100,15,"AIR",53.759536 -1.544701,47.0,61.30,23,9,11.8,3.7,323,71,0.0,-42,-5,-236,-752,13,-1024,-93,-1024,1024,1,1,-1,-1,-1,1,-1,-1,-1,0x0000000000000000,1142,1498,1382,1486,2012,1858,2012,988,1500,1500,1500,1500,1500,1500,1500,1500,1500,1500,1500,1500,1500,1500,1500,1500,1500,1500,1500,1500,1500,1500,1500,1500,8.0
2026-05-04,13:38:52.530,-0.79,0.97,0.60,-63,0,99,14,0,5,50,-56,100,16,"AIR",53.759536 -1.544701,47.0,61.30,23,9,11.8,3.7,323,71,0.0,-172,-8,-39,-836,13,-1024,-93,-1024,1024,1,1,-1,-1,-1,1,-1,-1,-1,0x0000000000000000,1096,1497,1481,1439,2012,1904,2012,988,1500,1500,1500,1500,1500,1500,1500,1500,1500,1500,1500,1500,1500,1500,1500,1500,1500,1500,1500,1500,1500,1500,1500,1500,8.0
2026-05-04,13:38:53.030,-0.79,0.97,0.60,-64,0,99,13,0,5,50,-59,100,14,"AIR",53.759870 -1.543999,41.8,56.20,23,9,11.8,3.7,323,71,0.0,-244,-4,220,-567,13,-1024,-93,-1024,1024,1,1,-1,-1,-1,1,-1,-1,-1,0x0000000000000000,1237,1498,1610,1413,2012,1763,2012,988,1500,1500,1500,1500,1500,1500,1500,1500,1500,1500,1500,1500,1500,1500,1500,1500,1500,1500,1500,1500,1500,1500,1500,1500,8.0
2026-05-04,13:38:53.530,-0.79,0.97,0.60,-65,0,100,13,0,5,50,-63,100,14,"AIR",53.759870 -1.543999,41.8,56.20,23,9,11.8,3.7,323,71,0.0,-321,-377,236,2,12,-1024,-93,-1024,1024,1,1,-1,-1,-1,1,-1,-1,-1,0x0000000000000000,1501,1328,1618,1383,2012,1499,2012,988,1500,1500,1500,1500,1500,1500,1500,1500,1500,1500,1500,1500,1500,1500,1500,1500,1500,1500,1500,1500,1500,1500,1500,1500,8.0
2026-05-04,13:38:54.030,-0.79,0.97,0.60,-71,0,99,14,0,5,50,-64,100,15,"AIR",53.759870 -1.543999,41.8,56.20,23,9,11.8,3.7,323,71,0.0,-258,-786,235,226,12,-1024,-93,-1024,1024,1,1,-1,-1,-1,1,-1,-1,-1,0x0000000000000000,1602,1124,1617,1408,2012,1398,2012,988,1500,1500,1500,1500,1500,1500,1500,1500,1500,1500,1500,1500,1500,1500,1500,1500,1500,1500,1500,1500,1500,1500,1500,1500,8.0
2026-05-04,13:38:54.530,-0.79,0.97,0.60,-79,0,100,13,0,5,50,-76,100,13,"AIR",53.759870 -1.543999,41.8,56.20,23,9,11.8,3.5,326,72,0.0,-256,-722,310,22,12,-1024,-93,-1024,1024,1,1,-1,-1,-1,1,-1,-1,-1,0x0000000000000000,1510,1158,1655,1408,2012,1490,2012,988,1500,1500,1500,1500,1500,1500,1500,1500,1500,1500,1500,1500,1500,1500,1500,1500,1500,1500,1500,1500,1500,1500,1500,1500,8.0
2026-05-04,13:38:55.030,0.06,-0.80,1.23,-82,0,99,10,0,5,50,-79,100,11,"AIR",53.759870 -1.543999,41.8,56.20,23,9,11.8,3.5,326,72,0.0,-207,-716,282,46,12,-1024,-93,-1024,1024,1,1,-1,-1,-1,1,-1,-1,-1,0x0000000000000000,1520,1161,1641,1427,2012,1480,2012,988,1500,1500,1500,1500,1500,1500,1500,1500,1500,1500,1500,1500,1500,1500,1500,1500,1500,1500,1500,1500,1500,1500,1500,1500,8.0
2026-05-04,13:38:55.530,0.06,-0.80,1.23,-87,0,97,10,0,5,50,-85,100,11,"AIR",53.759870 -1.543999,41.8,56.20,23,9,11.8,3.5,326,72,0.0,-246,-759,313,4,12,-1024,-93,-1024,1024,1,1,-1,-1,-1,1,-1,-1,-1,0x0000000000000000,1502,1138,1656,1412,2012,1498,2012,988,1500,1500,1500,1500,1500,1500,1500,1500,1500,1500,1500,1500,1500,1500,1500,1500,1500,1500,1500,1500,1500,1500,1500,1500,8.0
2026-05-04,13:38:56.030,0.06,-0.80,1.23,-86,0,97,10,0,5,50,-87,100,3,"AIR",53.759870 -1.543999,41.8,56.20,23,9,11.8,3.5,326,72,0.0,-235,-315,392,140,12,-1024,-93,-1024,1024,1,1,-1,-1,-1,1,-1,-1,-1,0x0000000000000000,1578,1357,1696,1416,2012,1422,2012,988,1500,1500,1500,1500,1500,1500,1500,1500,1500,1500,1500,1500,1500,1500,1500,1500,1500,1500,1500,1500,1500,1500,1500,1500,8.0
2026-05-04,13:38:56.530,0.06,-0.80,1.23,-78,0,98,13,0,5,50,-71,100,13,"AIR",53.759870 -1.543999,41.8,56.20,23,9,11.8,3.5,326,72,0.0,-172,-302,435,482,12,-1024,-93,-1024,1024,1,1,-1,-1,-1,1,-1,-1,-1,0x0000000000000000,1722,1363,1717,1439,2012,1278,2012,988,1500,1500,1500,1500,1500,1500,1500,1500,1500,1500,1500,1500,1500,1500,1500,1500,1500,1500,1500,1500,1500,1500,1500,1500,8.0
2026-05-04,13:38:57.030,0.06,-0.80,1.23,-76,0,96,13,0,5,50,-66,100,13,"AIR",53.759870 -1.543999,41.8,56.20,23,9,11.8,3.5,326,72,-0.6,-96,-682,612,3,12,-1024,-93,-1024,1024,1,1,-1,-1,-1,1,-1,-1,-1,0x0000000000000000,1501,1179,1806,1467,2012,1499,2012,988,1500,1500,1500,1500,1500,1500,1500,1500,1500,1500,1500,1500,1500,1500,1500,1500,1500,1500,1500,1500,1500,1500,1500,1500,8.0
2026-05-04,13:38:57.530,0.06,-0.80,1.23,-70,0,98,13,0,5,50,-63,100,15,"AIR",53.759870 -1.543999,41.8,56.20,23,9,11.8,3.5,326,72,-0.6,-113,-425,596,-4,12,-1024,-93,-1024,1024,1,1,-1,-1,-1,1,-1,-1,-1,0x0000000000000000,1498,1306,1798,1461,2012,1502,2012,988,1500,1500,1500,1500,1500,1500,1500,1500,1500,1500,1500,1500,1500,1500,1500,1500,1500,1500,1500,1500,1500,1500,1500,1500,8.0
2026-05-04,13:38:58.030,0.06,-0.80,1.23,-69,0,99,14,0,5,50,-64,100,14,"AIR",53.759870 -1.543999,41.8,56.20,23,9,11.8,3.5,326,72,-0.6,-67,-233,580,-357,12,-1024,-93,-1024,1024,1,1,-1,-1,-1,1,-1,-1,-1,0x0000000000000000,1338,1395,1790,1477,2012,1662,2012,988,1500,1500,1500,1500,1500,1500,1500,1500,1500,1500,1500,1500,1500,1500,1500,1500,1500,1500,1500,1500,1500,1500,1500,1500,8.0
2026-05-04,13:38:58.530,0.06,-0.80,1.23,-70,0,99,14,0,5,50,-69,100,14,"AIR",53.759996 -1.543546,41.0,283.70,16,9,11.8,3.5,326,72,-0.6,-3,131,1024,-272,12,-1024,-93,-1024,1024,1,1,-1,-1,-1,1,-1,-1,-1,0x0000000000000000,1377,1559,2012,1499,2012,1623,2012,988,1500,1500,1500,1500,1500,1500,1500,1500,1500,1500,1500,1500,1500,1500,1500,1500,1500,1500,1500,1500,1500,1500,1500,1500,8.0
2026-05-04,13:38:59.030,0.06,-0.80,1.23,-71,0,99,13,0,5,50,-64,100,13,"AIR",53.759996 -1.543546,41.0,283.70,16,9,11.8,3.5,326,72,-0.6,-29,-4,1024,-467,13,-1024,-93,-1024,1024,1,1,-1,-1,-1,1,-1,-1,-1,0x0000000000000000,1286,1498,2012,1490,2012,1714,2012,988,1500,1500,1500,1500,1500,1500,1500,1500,1500,1500,1500,1500,1500,1500,1500,1500,1500,1500,1500,1500,1500,1500,1500,1500,8.0
2026-05-04,13:38:59.530,0.06,-0.80,1.23,-71,0,100,14,0,5,50,-62,100,14,"AIR",53.759996 -1.543546,41.0,283.70,16,9,11.8,3.5,326,72,-0.6,-36,3,1024,3,12,-1024,-93,-1024,1024,1,1,-1,-1,-1,1,-1,-1,-1,0x0000000000000000,1501,1501,2012,1488,2012,1499,2012,988,1500,1500,1500,1500,1500,1500,1500,1500,1500,1500,1500,1500,1500,1500,1500,1500,1500,1500,1500,1500,1500,1500,1500,1500,8.0
2026-05-04,13:39:00.030,0.06,-0.80,1.23,-68,0,98,13,0,5,50,-62,100,16,"AIR",53.759996 -1.543546,41.0,283.70,16,9,11.5,10.4,335,60,-0.6,-59,3,1024,655,12,-1024,-93,-1024,1024,1,1,-1,-1,-1,1,-1,-1,-1,0x0000000000000000,1808,1501,2012,1480,2012,1192,2012,988,1500,1500,1500,1500,1500,1500,1500,1500,1500,1500,1500,1500,1500,1500,1500,1500,1500,1500,1500,1500,1500,1500,1500,1500,8.0
2026-05-04,13:39:00.530,-0.69,-0.56,-1.72,-65,0,100,14,0,5,50,-66,100,14,"AIR",53.759996 -1.543546,41.0,283.70,16,9,11.5,10.4,335,60,-0.6,-4,444,1024,193,12,-1024,-93,-1024,1024,1,1,-1,-1,-1,1,-1,-1,-1,0x0000000000000000,1587,1703,2012,1499,2012,1413,2012,988,1500,1500,1500,1500,1500,1500,1500,1500,1500,1500,1500,1500,1500,1500,1500,1500,1500,1500,1500,1500,1500,1500,1500,1500,8.0
2026-05-04,13:39:01.030,-0.69,-0.56,-1.72,-61,0,100,14,0,5,50,-54,100,14,"AIR",53.759996 -1.543546,41.0,283.70,16,9,11.5,10.4,335,60,-0.6,-41,89,1024,803,12,-1024,-93,-1024,1024,1,1,-1,-1,-1,1,-1,-1,-1,0x0000000000000000,1886,1540,2012,1486,2012,1114,2012,988,1500,1500,1500,1500,1500,1500,1500,1500,1500,1500,1500,1500,1500,1500,1500,1500,1500,1500,1500,1500,1500,1500,1500,1500,8.0
2026-05-04,13:39:01.530,-0.69,-0.56,-1.72,-64,0,100,14,0,5,50,-64,100,14,"AIR",53.759996 -1.543546,41.0,283.70,16,9,11.5,10.4,335,60,-0.6,0,-264,1013,-671,13,-1024,-93,-1024,1024,1,1,-1,-1,-1,1,-1,-1,-1,0x0000000000000000,1184,1381,2006,1500,2012,1816,2012,988,1500,1500,1500,1500,1500,1500,1500,1500,1500,1500,1500,1500,1500,1500,1500,1500,1500,1500,1500,1500,1500,1500,1500,1500,8.0
2026-05-04,13:39:02.030,-0.69,-0.56,-1.72,-66,0,100,13,0,5,50,-63,100,14,"AIR",53.759996 -1.543546,41.0,283.70,16,9,11.5,10.4,335,60,-0.6,0,5,982,-142,12,-1024,-93,-1024,1024,1,1,-1,-1,-1,1,-1,-1,-1,0x0000000000000000,1436,1502,1991,1500,2012,1564,2012,988,1500,1500,1500,1500,1500,1500,1500,1500,1500,1500,1500,1500,1500,1500,1500,1500,1500,1500,1500,1500,1500,1500,1500,1500,8.0
2026-05-04,13:39:02.530,-0.69,-0.56,-1.72,-66,0,99,14,0,5,50,-65,100,14,"AIR",53.759996 -1.543546,41.0,283.70,16,9,11.5,10.4,335,60,2.8,2,-342,1011,-2,12,-1024,-93,-1024,1024,1,1,-1,-1,-1,1,-1,-1,-1,0x0000000000000000,1499,1345,2005,1500,2012,1501,2012,988,1500,1500,1500,1500,1500,1500,1500,1500,1500,1500,1500,1500,1500,1500,1500,1500,1500,1500,1500,1500,1500,1500,1500,1500,8.0
2026-05-04,13:39:03.030,-0.69,-0.56,-1.72,-71,0,99,14,0,5,50,-67,100,14,"AIR",53.759996 -1.543546,41.0,283.70,16,9,11.5,10.4,335,60,2.8,3,-58,1007,-123,12,-1024,-93,-1024,1024,1,1,-1,-1,-1,1,-1,-1,-1,0x0000000000000000,1445,1474,2003,1501,2012,1555,2012,988,1500,1500,1500,1500,1500,1500,1500,1500,1500,1500,1500,1500,1500,1500,1500,1500,1500,1500,1500,1500,1500,1500,1500,1500,8.0
2026-05-04,13:39:03.530,-0.69,-0.56,-1.72,-67,0,99,13,0,5,50,-56,100,16,"AIR",53.759996 -1.543546,41.0,283.70,16,9,11.5,10.4,335,60,2.8,0,-9,1023,0,12,-1024,-93,-1024,1024,1,1,-1,-1,-1,1,-1,-1,-1,0x0000000000000000,1500,1496,2011,1500,2012,1500,2012,988,1500,1500,1500,1500,1500,1500,1500,1500,1500,1500,1500,1500,1500,1500,1500,1500,1500,1500,1500,1500,1500,1500,1500,1500,8.0
2026-05-04,13:39:04.030,-0.69,-0.56,-1.72,-67,0,99,13,0,5,50,-59,100,15,"AIR",53.759920 -1.544140,28.2,224.50,37,8,11.5,10.4,335,60,2.8,-24,207,1024,-10,12,-1024,-93,-1024,1024,1,1,-1,-1,-1,1,-1,-1,-1,0x0000000000000000,1496,1593,2012,1492,2012,1504,2012,988,1500,1500,1500,1500,1500,1500,1500,1500,1500,1500,1500,1500,1500,1500,1500,1500,1500,1500,1500,1500,1500,1500,1500,1500,8.0
2026-05-04,13:39:04.530,-0.69,-0.56,-1.72,-68,0,100,13,0,5,50,-60,100,15,"AIR",53.759920 -1.544140,28.2,224.50,37,8,11.5,10.4,335,60,2.8,-56,160,1024,-299,12,-1024,-93,-1024,1024,1,1,-1,-1,-1,1,-1,-1,-1,0x0000000000000000,1365,1572,2012,1481,2012,1635,2012,988,1500,1500,1500,1500,1500,1500,1500,1500,1500,1500,1500,1500,1500,1500,1500,1500,1500,1500,1500,1500,1500,1500,1500,1500,8.0
2026-05-04,13:39:05.030,-0.69,-0.56,-1.72,-67,0,99,14,0,5,50,-59,100,15,"AIR",53.759920 -1.544140,28.2,224.50,37,8,11.5,10.4,335,60,2.8,-38,-25,1024,-16,12,-1024,-93,-1024,1024,1,1,-1,-1,-1,1,-1,-1,-1,0x0000000000000000,1493,1489,2012,1487,2012,1507,2012,988,1500,1500,1500,1500,1500,1500,1500,1500,1500,1500,1500,1500,1500,1500,1500,1500,1500,1500,1500,1500,1500,1500,1500,1500,8.0
2026-05-04,13:39:05.530,-0.69,-0.56,-1.72,-66,0,99,14,0,5,50,-58,100,13,"AIR",53.759920 -1.544140,28.2,224.50,37,8,11.2,14.1,356,50,2.8,0,5,1020,141,12,-1024,-93,-1024,1024,1,1,-1,-1,-1,1,-1,-1,-1,0x0000000000000000,1563,1502,2010,1500,2012,1437,2012,988,1500,1500,1500,1500,1500,1500,1500,1500,1500,1500,1500,1500,1500,1500,1500,1500,1500,1500,1500,1500,1500,1500,1500,1500,8.0
2026-05-04,13:39:06.030,-0.49,-0.21,-1.96,-64,0,99,14,0,5,50,-55,100,14,"AIR",53.759920 -1.544140,28.2,224.50,37,8,11.2,14.1,356,50,2.8,3,7,1024,173,12,-1024,-93,-1024,1024,1,1,-1,-1,-1,1,-1,-1,-1,0x0000000000000000,1578,1503,2012,1501,2012,1422,2012,988,1500,1500,1500,1500,1500,1500,1500,1500,1500,1500,1500,1500,1500,1500,1500,1500,1500,1500,1500,1500,1500,1500,1500,1500,8.0
2026-05-04,13:39:06.530,-0.49,-0.21,-1.96,-65,0,98,14,0,5,50,-63,100,15,"AIR",53.759920 -1.544140,28.2,224.50,37,8,11.2,14.1,356,50,2.8,1,-44,690,214,12,-1024,-93,-1024,1024,1,1,-1,-1,-1,1,-1,-1,-1,0x0000000000000000,1596,1480,1845,1500,2012,1404,2012,988,1500,1500,1500,1500,1500,1500,1500,1500,1500,1500,1500,1500,1500,1500,1500,1500,1500,1500,1500,1500,1500,1500,1500,1500,8.0
2026-05-04,13:39:07.030,-0.49,-0.21,-1.96,-65,0,99,13,0,5,50,-63,100,13,"AIR",53.759920 -1.544140,28.2,224.50,37,8,11.2,14.1,356,50,2.8,1,556,615,1,12,-1024,-93,-1024,1024,1,1,-1,-1,-1,1,-1,-1,-1,0x0000000000000000,1500,1758,1807,1500,2012,1500,2012,988,1500,1500,1500,1500,1500,1500,1500,1500,1500,1500,1500,1500,1500,1500,1500,1500,1500,1500,1500,1500,1500,1500,1500,1500,8.0
2026-05-04,13:39:07.530,-0.49,-0.21,-1.96,-66,0,100,14,0,5,50,-58,100,13,"AIR",53.759920 -1.544140,28.2,224.50,37,8,11.2,14.1,356,50,2.8,2,191,676,35,12,-1024,-93,-1024,1024,1,1,-1,-1,-1,1,-1,-1,-1,0x0000000000000000,1515,1586,1838,1500,2012,1485,2012,988,1500,1500,1500,1500,1500,1500,1500,1500,1500,1500,1500,1500,1500,1500,1500,1500,1500,1500,1500,1500,1500,1500,1500,1500,8.0
2026-05-04,13:39:08.030,-0.49,-0.21,-1.96,-69,0,100,14,0,5,50,-63,100,15,"AIR",53.759920 -1.544140,28.2,224.50,37,8,11.2,14.1,356,50,2.7,3,7,654,98,12,-1024,-93,-1024,1024,1,1,-1,-1,-1,1,-1,-1,-1,0x0000000000000000,1544,1503,1827,1501,2012,1456,2012,988,1500,1500,1500,1500,1500,1500,1500,1500,1500,1500,1500,1500,1500,1500,1500,1500,1500,1500,1500,1500,1500,1500,1500,1500,8.0
2026-05-04,13:39:08.530,-0.49,-0.21,-1.96,-70,0,99,14,0,5,50,-66,100,14,"AIR",53.759920 -1.544140,28.2,224.50,37,8,11.2,14.1,356,50,2.7,-1024,-609,-1024,1024,12,-1024,-93,-1024,1024,1,1,-1,-1,-1,1,-1,-1,-1,0x0000000000000000,2012,1216,988,988,2012,988,2012,988,1500,1500,1500,1500,1500,1500,1500,1500,1500,1500,1500,1500,1500,1500,1500,1500,1500,1500,1500,1500,1500,1500,1500,1500,8.0
2026-05-04,13:39:09.030,-0.49,-0.21,-1.96,-67,0,99,14,0,5,50,-63,100,15,"AIR",53.759920 -1.544140,28.2,224.50,37,8,11.2,14.1,356,50,2.7,-1024,-443,-1024,1024,12,-1024,-93,-1024,1024,1,1,-1,-1,-1,1,-1,-1,-1,0x0000000000000000,2012,1297,988,988,2012,988,2012,988,1500,1500,1500,1500,1500,1500,1500,1500,1500,1500,1500,1500,1500,1500,1500,1500,1500,1500,1500,1500,1500,1500,1500,1500,8.0
2026-05-04,13:39:09.530,-0.49,-0.21,-1.96,-65,0,99,14,0,5,50,-60,100,14,"AIR",53.759714 -1.544702,33.6,223.80,57,9,11.2,14.1,356,50,2.7,0,-237,-1024,-1,12,-1024,-93,-1024,1024,1,1,-1,-1,-1,1,-1,-1,-1,0x0000000000000000,1500,1393,988,1500,2012,1500,2012,988,1500,1500,1500,1500,1500,1500,1500,1500,1500,1500,1500,1500,1500,1500,1500,1500,1500,1500,1500,1500,1500,1500,1500,1500,8.0
2026-05-04,13:39:10.030,-0.49,-0.21,-1.96,-68,0,99,14,0,5,50,-73,100,14,"AIR",53.759714 -1.544702,33.6,223.80,57,9,11.2,14.1,356,50,2.7,17,-130,-980,203,12,-1024,-93,-1024,1024,1,1,-1,-1,-1,1,-1,-1,-1,0x0000000000000000,1591,1442,1010,1506,2012,1409,2012,988,1500,1500,1500,1500,1500,1500,1500,1500,1500,1500,1500,1500,1500,1500,1500,1500,1500,1500,1500,1500,1500,1500,1500,1500,8.0
2026-05-04,13:39:10.530,-0.49,-0.21,-1.96,-79,0,98,11,0,5,50,-78,100,12,"AIR",53.759714 -1.544702,33.6,223.80,57,9,11.2,14.1,356,50,2.7,229,-787,-789,474,12,-1024,-93,-1024,1024,1,1,-1,-1,-1,1,-1,-1,-1,0x0000000000000000,1718,1123,1106,1582,2012,1282,2012,988,1500,1500,1500,1500,1500,1500,1500,1500,1500,1500,1500,1500,1500,1500,1500,1500,1500,1500,1500,1500,1500,1500,1500,1500,8.0
2026-05-04,13:39:11.030,-0.49,-0.21,-1.96,-76,0,100,12,0,5,50,-65,100,14,"AIR",53.759714 -1.544702,33.6,223.80,57,9,11.8,0.6,372,70,2.7,314,-943,-844,75,12,-1024,-93,-1024,1024,1,1,-1,-1,-1,1,-1,-1,-1,0x0000000000000000,1533,1036,1078,1614,2012,1467,2012,988,1500,1500,1500,1500,1500,1500,1500,1500,1500,1500,1500,1500,1500,1500,1500,1500,1500,1500,1500,1500,1500,1500,1500,1500,8.0
2026-05-04,13:39:11.530,-0.49,-0.21,-1.96,-71,0,100,14,0,5,50,-66,100,14,"AIR",53.759714 -1.544702,33.6,223.80,57,9,11.8,0.6,372,70,2.7,276,-855,-762,246,12,-1024,-93,-1024,1024,1,1,-1,-1,-1,1,-1,-1,-1,0x0000000000000000,1611,1086,1119,1599,2012,1389,2012,988,1500,1500,1500,1500,1500,1500,1500,1500,1500,1500,1500,1500,1500,1500,1500,1500,1500,1500,1500,1500,1500,1500,1500,1500,8.0
2026-05-04,13:39:12.030,0.24,1.24,-1.51,-72,0,100,13,0,5,50,-64,100,15,"AIR",53.759714 -1.544702,33.6,223.80,57,9,11.8,0.6,372,70,2.7,162,-665,-494,250,12,-1024,-93,-1024,1024,1,1,-1,-1,-1,1,-1,-1,-1,0x0000000000000000,1613,1187,1253,1557,2012,1387,2012,988,1500,1500,1500,1500,1500,1500,1500,1500,1500,1500,1500,1500,1500,1500,1500,1500,1500,1500,1500,1500,1500,1500,1500,1500,8.0
2026-05-04,13:39:12.530,0.24,1.24,-1.51,-69,0,100,13,0,5,50,-60,100,15,"AIR",53.759714 -1.544702,33.6,223.80,57,9,11.8,0.6,372,70,2.7,7,-506,-101,376,12,-1024,-93,-1024,1024,1,1,-1,-1,-1,1,-1,-1,-1,0x0000000000000000,1671,1267,1450,1502,2012,1329,2012,988,1500,1500,1500,1500,1500,1500,1500,1500,1500,1500,1500,1500,1500,1500,1500,1500,1500,1500,1500,1500,1500,1500,1500,1500,8.0
2026-05-04,13:39:13.030,0.24,1.24,-1.51,-64,0,100,14,0,5,50,-56,100,14,"AIR",53.759714 -1.544702,33.6,223.80,57,9,11.8,0.6,372,70,2.7,1,-172,53,23,12,-1024,-93,-1024,1024,1,1,-1,-1,-1,1,-1,-1,-1,0x0000000000000000,1510,1423,1526,1500,2012,1490,2012,988,1500,1500,1500,1500,1500,1500,1500,1500,1500,1500,1500,1500,1500,1500,1500,1500,1500,1500,1500,1500,1500,1500,1500,1500,8.0
2026-05-04,13:39:13.530,0.24,1.24,-1.51,-66,0,98,14,0,5,50,-62,100,14,"AIR",53.759714 -1.544702,33.6,223.80,57,9,11.8,0.6,372,70,-1.0,0,-98,109,-118,12,-1024,-93,-1024,1024,1,1,-1,-1,-1,1,-1,-1,-1,0x0000000000000000,1447,1456,1554,1500,2012,1553,2012,988,1500,1500,1500,1500,1500,1500,1500,1500,1500,1500,1500,1500,1500,1500,1500,1500,1500,1500,1500,1500,1500,1500,1500,1500,8.0
2026-05-04,13:39:14.030,0.24,1.24,-1.51,-67,0,100,14,0,5,50,-63,100,16,"AIR",53.759714 -1.544702,33.6,223.80,57,9,11.8,0.6,372,70,-1.0,-28,-5,1023,-798,13,-1024,-93,-1024,1024,1,1,-1,-1,-1,1,-1,-1,-1,0x0000000000000000,1117,1498,2011,1490,2012,1883,2012,988,1500,1500,1500,1500,1500,1500,1500,1500,1500,1500,1500,1500,1500,1500,1500,1500,1500,1500,1500,1500,1500,1500,1500,1500,8.0
2026-05-04,13:39:14.530,0.24,1.24,-1.51,-68,0,100,14,0,5,50,-59,100,14,"AIR",53.759714 -1.544702,33.6,223.80,57,9,11.8,0.6,372,70,-1.0,-191,0,1024,-911,13,-1024,-93,-1024,1024,1,1,-1,-1,-1,1,-1,-1,-1,0x0000000000000000,1054,1500,2012,1432,2012,1946,2012,988,1500,1500,1500,1500,1500,1500,1500,1500,1500,1500,1500,1500,1500,1500,1500,1500,1500,1500,1500,1500,1500,1500,1500,1500,8.0
2026-05-04,13:39:15.030,0.24,1.24,-1.51,-70,0,99,14,0,5,50,-75,100,13,"AIR",53.759800 -1.545015,44.3,53.80,46,9,11.8,0.6,372,70,-1.0,-416,3,962,-3,12,-1024,-93,-1024,1024,1,1,-1,-1,-1,1,-1,-1,-1,0x0000000000000000,1499,1501,1981,1344,2012,1501,2012,988,1500,1500,1500,1500,1500,1500,1500,1500,1500,1500,1500,1500,1500,1500,1500,1500,1500,1500,1500,1500,1500,1500,1500,1500,8.0
2026-05-04,13:39:15.530,0.24,1.24,-1.51,-69,0,99,14,0,5,50,-70,100,14,"AIR",53.759800 -1.545015,44.3,53.80,46,9,11.8,0.6,372,70,-1.0,1006,-1022,-1024,-1024,13,-1024,-93,-1024,1024,1,1,-1,-1,-1,1,-1,-1,-1,0x0000000000000000,988,989,988,1997,2012,2012,2012,988,1500,1500,1500,1500,1500,1500,1500,1500,1500,1500,1500,1500,1500,1500,1500,1500,1500,1500,1500,1500,1500,1500,1500,1500,8.0
2026-05-04,13:39:16.030,0.24,1.24,-1.51,-73,0,100,13,0,5,50,-67,100,14,"AIR",53.759800 -1.545015,44.3,53.80,46,9,11.8,0.6,372,70,-1.0,1013,-1024,-1024,-1024,13,-1024,-93,-1024,1024,1,1,-1,-1,-1,1,-1,-1,-1,0x0000000000000000,988,988,988,2003,2012,2012,2012,988,1500,1500,1500,1500,1500,1500,1500,1500,1500,1500,1500,1500,1500,1500,1500,1500,1500,1500,1500,1500,1500,1500,1500,1500,8.0
2026-05-04,13:39:16.530,0.24,1.24,-1.51,-71,0,100,12,0,5,50,-70,100,15,"AIR",53.759800 -1.545015,44.3,53.80,46,9,11.3,14.0,378,51,-1.0,1019,-1024,-1024,-1024,13,-1024,-93,-1024,1024,1,1,-1,-1,-1,1,-1,-1,-1,0x0000000000000000,988,988,988,2008,2012,2012,2012,988,1500,1500,1500,1500,1500,1500,1500,1500,1500,1500,1500,1500,1500,1500,1500,1500,1500,1500,1500,1500,1500,1500,1500,1500,8.0
2026-05-04,13:39:17.030,0.24,1.24,-1.51,-78,0,99,12,0,5,50,-78,100,12,"AIR",53.759800 -1.545015,44.3,53.80,46,9,11.3,14.0,378,51,-1.0,3,-304,-689,132,13,-1024,-93,-1024,1024,1,1,-1,-1,-1,1,-1,-1,-1,0x0000000000000000,1552,1357,1156,1501,2012,1448,2012,988,1500,1500,1500,1500,1500,1500,1500,1500,1500,1500,1500,1500,1500,1500,1500,1500,1500,1500,1500,1500,1500,1500,1500,1500,8.0
2026-05-04,13:39:17.530,-1.36,-0.97,1.05,-75,0,100,11,0,5,50,-72,100,14,"AIR",53.759800 -1.545015,44.3,53.80,46,9,11.3,14.0,378,51,-1.0,2,-553,-434,-803,13,-1024,-93,-1024,1024,1,1,-1,-1,-1,1,-1,-1,-1,0x0000000000000000,1114,1237,1283,1500,2012,1886,2012,988,1500,1500,1500,1500,1500,1500,1500,1500,1500,1500,1500,1500,1500,1500,1500,1500,1500,1500,1500,1500,1500,1500,1500,1500,8.0
2026-05-04,13:39:18.030,-1.36,-0.97,1.05,-70,0,97,14,0,5,50,-68,100,13,"AIR",53.759800 -1.545015,44.3,53.80,46,9,11.3,14.0,378,51,-1.0,3,-749,-460,5,13,-1024,-93,-1024,1024,1,1,-1,-1,-1,1,-1,-1,-1,0x0000000000000000,1502,1143,1270,1501,2012,1498,2012,988,1500,1500,1500,1500,1500,1500,1500,1500,1500,1500,1500,1500,1500,1500,1500,1500,1500,1500,1500,1500,1500,1500,1500,1500,8.0
2026-05-04,13:39:18.530,-1.36,-0.97,1.05,-69,0,97,13,0,5,50,-51,100,14,"AIR",53.759800 -1.545015,44.3,53.80,46,9,11.3,14.0,378,51,-1.0,5,-1024,-526,20,12,-1024,-93,-1024,1024,1,1,-1,-1,-1,1,-1,-1,-1,0x0000000000000000,1509,988,1237,1501,2012,1491,2012,988,1500,1500,1500,1500,1500,1500,1500,1500,1500,1500,1500,1500,1500,1500,1500,1500,1500,1500,1500,1500,1500,1500,1500,1500,8.0
2026-05-04,13:39:19.030,-1.36,-0.97,1.05,-62,0,100,14,0,5,50,-49,100,15,"AIR",53.759800 -1.545015,44.3,53.80,46,9,11.3,14.0,378,51,-12.1,28,-52,-536,835,12,-1024,-93,-1024,1024,1,1,-1,-1,-1,1,-1,-1,-1,0x0000000000000000,1914,1482,1232,1509,2012,1086,2012,988,1500,1500,1500,1500,1500,1500,1500,1500,1500,1500,1500,1500,1500,1500,1500,1500,1500,1500,1500,1500,1500,1500,1500,1500,8.0
2026-05-04,13:39:19.530,-1.36,-0.97,1.05,-65,0,99,14,0,5,50,-58,100,14,"AIR",53.759800 -1.545015,44.3,53.80,46,9,11.3,14.0,378,51,-12.1,46,-1,-205,919,12,-1024,-93,-1024,1024,1,1,-1,-1,-1,1,-1,-1,-1,0x0000000000000000,1943,1494,1398,1516,2012,1057,2012,988,1500,1500,1500,1500,1500,1500,1500,1500,1500,1500,1500,1500,1500,1500,1500,1500,1500,1500,1500,1500,1500,1500,1500,1500,8.0
2026-05-04,13:39:20.030,-1.36,-0.97,1.05,-65,0,99,14,0,5,50,-52,100,14,"AIR",53.759800 -1.545015,44.3,53.80,46,9,11.3,14.0,378,51,-12.1,211,-590,-157,22,12,-1024,-93,-1024,1024,1,1,-1,-1,-1,1,-1,-1,-1,0x0000000000000000,1510,1225,1422,1575,2012,1490,2012,988,1500,1500,1500,1500,1500,1500,1500,1500,1500,1500,1500,1500,1500,1500,1500,1500,1500,1500,1500,1500,1500,1500,1500,1500,8.0
2026-05-04,13:39:20.530,-1.36,-0.97,1.05,-67,0,98,14,0,5,50,-65,100,14,"AIR",53.759927 -1.544447,46.4,44.90,34,9,11.3,14.0,378,51,-12.1,281,-679,-150,-192,12,-1024,-93,-1024,1024,1,1,-1,-1,-1,1,-1,-1,-1,0x0000000000000000,1414,1180,1425,1601,2012,1586,2012,988,1500,1500,1500,1500,1500,1500,1500,1500,1500,1500,1500,1500,1500,1500,1500,1500,1500,1500,1500,1500,1500,1500,1500,1500,8.0
2026-05-04,13:39:21.030,-1.36,-0.97,1.05,-65,0,98,14,0,5,50,-66,100,16,"AIR",53.759927 -1.544447,46.4,44.90,34,9,11.3,14.0,378,51,-12.1,187,-591,-122,-517,13,-1024,-93,-1024,1024,1,1,-1,-1,-1,1,-1,-1,-1,0x0000000000000000,1261,1225,1439,1566,2012,1739,2012,988,1500,1500,1500,1500,1500,1500,1500,1500,1500,1500,1500,1500,1500,1500,1500,1500,1500,1500,1500,1500,1500,1500,1500,1500,8.0
2026-05-04,13:39:21.530,-1.36,-0.97,1.05,-65,0,99,14,0,5,50,-71,100,14,"AIR",53.759927 -1.544447,46.4,44.90,34,9,11.3,14.0,378,51,-12.1,89,-715,-80,-588,13,-1024,-93,-1024,1024,1,1,-1,-1,-1,1,-1,-1,-1,0x0000000000000000,1218,1154,1467,1527,2012,1782,2012,988,1500,1500,1500,1500,1500,1500,1500,1500,1500,1500,1500,1500,1500,1500,1500,1500,1500,1500,1500,1500,1500,1500,1500,1500,8.0
2026-05-04,13:39:22.030,-1.36,-0.97,1.05,-77,0,100,13,0,5,50,-61,100,15,"AIR",53.759927 -1.544447,46.4,44.90,34,9,11.7,2.6,382,69,-12.1,6,-37,44,1,12,-1024,-93,-1024,1024,1,1,-1,-1,-1,1,-1,-1,-1,0x0000000000000000,1500,1484,1522,1502,2012,1500,2012,988,1500,1500,1500,1500,1500,1500,1500,1500,1500,1500,1500,1500,1500,1500,1500,1500,1500,1500,1500,1500,1500,1500,1500,1500,8.0
2026-05-04,13:39:22.530,-1.36,-0.97,1.05,-69,0,99,13,0,5,50,-62,100,13,"AIR",53.759927 -1.544447,46.4,44.90,34,9,11.7,2.6,382,69,-12.1,10,8,-58,863,12,-1024,-93,-1024,1024,1,1,-1,-1,-1,1,-1,-1,-1,0x0000000000000000,1919,1503,1471,1503,2012,1081,2012,988,1500,1500,1500,1500,1500,1500,1500,1500,1500,1500,1500,1500,1500,1500,1500,1500,1500,1500,1500,1500,1500,1500,1500,1500,8.0
2026-05-04,13:39:23.030,0.04,0.33,3.00,-66,0,100,14,0,5,50,-61,100,14,"AIR",53.759927 -1.544447,46.4,44.90,34,9,11.7,2.6,382,69,-12.1,6,-10,-130,-97,12,-1024,-93,-1024,1024,1,1,-1,-1,-1,1,-1,-1,-1,0x0000000000000000,1457,1496,1435,1502,2012,1543,2012,988,1500,1500,1500,1500,1500,1500,1500,1500,1500,1500,1500,1500,1500,1500,1500,1500,1500,1500,1500,1500,1500,1500,1500,1500,8.0
2026-05-04,13:39:23.530,0.04,0.33,3.00,-72,0,100,13,0,5,50,-67,100,14,"AIR",53.759927 -1.544447,46.4,44.90,34,9,11.7,2.6,382,69,-12.1,7,-251,43,-557,13,-1024,-93,-1024,1024,1,1,-1,-1,-1,1,-1,-1,-1,0x0000000000000000,1232,1379,1522,1502,2012,1768,2012,988,1500,1500,1500,1500,1500,1500,1500,1500,1500,1500,1500,1500,1500,1500,1500,1500,1500,1500,1500,1500,1500,1500,1500,1500,8.0
2026-05-04,13:39:24.030,0.04,0.33,3.00,-75,0,99,12,0,5,50,-61,100,14,"AIR",53.759927 -1.544447,46.4,44.90,34,9,11.7,2.6,382,69,-12.1,4,-4,456,-572,13,-1024,-93,-1024,1024,1,1,-1,-1,-1,1,-1,-1,-1,0x0000000000000000,1234,1498,1728,1501,2012,1766,2012,988,1500,1500,1500,1500,1500,1500,1500,1500,1500,1500,1500,1500,1500,1500,1500,1500,1500,1500,1500,1500,1500,1500,1500,1500,8.0
2026-05-04,13:39:24.530,0.04,0.33,3.00,-70,0,100,13,0,5,50,-69,100,14,"AIR",53.759927 -1.544447,46.4,44.90,34,9,11.7,2.6,382,69,0.9,1,6,1006,-407,12,-1024,-93,-1024,1024,1,1,-1,-1,-1,1,-1,-1,-1,0x0000000000000000,1314,1502,2003,1500,2012,1686,2012,988,1500,1500,1500,1500,1500,1500,1500,1500,1500,1500,1500,1500,1500,1500,1500,1500,1500,1500,1500,1500,1500,1500,1500,1500,8.0
2026-05-04,13:39:25.030,0.04,0.33,3.00,-77,0,99,13,0,5,50,-58,100,13,"AIR",53.759927 -1.544447,46.4,44.90,34,9,11.7,2.6,382,69,0.9,0,546,987,-3,12,-1024,-93,-1024,1024,1,1,-1,-1,-1,1,-1,-1,-1,0x0000000000000000,1499,1753,1993,1500,2012,1501,2012,988,1500,1500,1500,1500,1500,1500,1500,1500,1500,1500,1500,1500,1500,1500,1500,1500,1500,1500,1500,1500,1500,1500,1500,1500,8.0
2026-05-04,13:39:25.530,0.04,0.33,3.00,-62,0,98,14,0,5,50,-54,100,13,"AIR",53.759927 -1.544447,46.4,44.90,34,9,11.7,2.6,382,69,0.9,2,152,200,870,12,-1024,-93,-1024,1024,1,1,-1,-1,-1,1,-1,-1,-1,0x0000000000000000,1922,1568,1600,1500,2012,1077,2012,988,1500,1500,1500,1500,1500,1500,1500,1500,1500,1500,1500,1500,1500,1500,1500,1500,1500,1500,1500,1500,1500,1500,1500,1500,8.0
2026-05-04,13:39:26.030,0.04,0.33,3.00,-65,0,98,14,0,5,50,-59,100,15,"AIR",53.759927 -1.544447,46.4,44.90,34,9,11.7,2.6,382,69,0.9,5,-5,213,3,12,-1024,-93,-1024,1024,1,1,-1,-1,-1,1,-1,-1,-1,0x0000000000000000,1501,1498,1606,1501,2012,1499,2012,988,1500,1500,1500,1500,1500,1500,1500,1500,1500,1500,1500,1500,1500,1500,1500,1500,1500,1500,1500,1500,1500,1500,1500,1500,8.0
2026-05-04,13:39:26.530,0.04,0.33,3.00,-67,0,100,14,0,5,50,-64,100,14,"AIR",53.759816 -1.544143,30.9,223.70,29,9,11.7,2.6,382,69,0.9,60,-317,218,2,12,-1024,-93,-1024,1024,1,1,-1,-1,-1,1,-1,-1,-1,0x0000000000000000,1500,1350,1608,1521,2012,1500,2012,988,1500,1500,1500,1500,1500,1500,1500,1500,1500,1500,1500,1500,1500,1500,1500,1500,1500,1500,1500,1500,1500,1500,1500,1500,8.0
2026-05-04,13:39:27.030,0.04,0.33,3.00,-69,0,100,14,0,5,50,-64,100,15,"AIR",53.759816 -1.544143,30.9,223.70,29,9,11.7,2.6,382,69,0.9,260,-645,311,-155,12,-1024,-93,-1024,1024,1,1,-1,-1,-1,1,-1,-1,-1,0x0000000000000000,1430,1198,1655,1593,2012,1570,2012,988,1500,1500,1500,1500,1500,1500,1500,1500,1500,1500,1500,1500,1500,1500,1500,1500,1500,1500,1500,1500,1500,1500,1500,1500,8.0
2026-05-04,13:39:27.530,0.04,0.33,3.00,-67,0,99,14,0,5,50,-67,100,13,"AIR",53.759816 -1.544143,30.9,223.70,29,9,11.6,4.2,390,66,0.9,3,-319,781,-640,13,-1024,-93,-1024,1024,1,1,-1,-1,-1,1,-1,-1,-1,0x0000000000000000,1200,1355,1890,1501,2012,1800,2012,988,1500,1500,1500,1500,1500,1500,1500,1500,1500,1500,1500,1500,1500,1500,1500,1500,1500,1500,1500,1500,1500,1500,1500,1500,8.0
2026-05-04,13:39:28.030,0.04,0.33,3.00,-69,0,98,14,0,5,50,-52,100,15,"AIR",53.759816 -1.544143,30.9,223.70,29,9,11.6,4.2,390,66,0.9,0,-133,1021,-290,12,-1024,-93,-1024,1024,1,1,-1,-1,-1,1,-1,-1,-1,0x0000000000000000,1369,1440,2010,1500,2012,1631,2012,988,1500,1500,1500,1500,1500,1500,1500,1500,1500,1500,1500,1500,1500,1500,1500,1500,1500,1500,1500,1500,1500,1500,1500,1500,8.0
2026-05-04,13:39:28.530,-0.21,0.50,-2.39,-62,0,99,14,0,5,50,-60,100,14,"AIR",53.759816 -1.544143,30.9,223.70,29,9,11.6,4.2,390,66,0.9,4,321,1024,87,12,-1024,-93,-1024,1024,1,1,-1,-1,-1,1,-1,-1,-1,0x0000000000000000,1539,1646,2012,1501,2012,1461,2012,988,1500,1500,1500,1500,1500,1500,1500,1500,1500,1500,1500,1500,1500,1500,1500,1500,1500,1500,1500,1500,1500,1500,1500,1500,8.0
2026-05-04,13:39:29.030,-0.21,0.50,-2.39,-66,0,100,14,0,5,50,-60,100,15,"AIR",53.759816 -1.544143,30.9,223.70,29,9,11.6,4.2,390,66,0.9,3,6,1024,14,12,-1024,-93,-1024,1024,1,1,-1,-1,-1,1,-1,-1,-1,0x0000000000000000,1513,1502,2012,1501,2012,1487,2012,988,1500,1500,1500,1500,1500,1500,1500,1500,1500,1500,1500,1500,1500,1500,1500,1500,1500,1500,1500,1500,1500,1500,1500,1500,8.0
2026-05-04,13:39:29.530,-0.21,0.50,-2.39,-69,0,100,14,0,5,50,-64,100,13,"AIR",53.759816 -1.544143,30.9,223.70,29,9,11.6,4.2,390,66,0.9,6,-82,1024,210,12,-1024,-93,-1024,1024,1,1,-1,-1,-1,1,-1,-1,-1,0x0000000000000000,1595,1463,2012,1502,2012,1405,2012,988,1500,1500,1500,1500,1500,1500,1500,1500,1500,1500,1500,1500,1500,1500,1500,1500,1500,1500,1500,1500,1500,1500,1500,1500,8.0
2026-05-04,13:39:30.030,-0.21,0.50,-2.39,-71,0,99,13,0,5,50,-64,100,13,"AIR",53.759816 -1.544143,30.9,223.70,29,9,11.6,4.2,390,66,4.1,5,550,1024,176,12,-1024,-93,-1024,1024,1,1,-1,-1,-1,1,-1,-1,-1,0x0000000000000000,1579,1755,2012,1501,2012,1421,2012,988,1500,1500,1500,1500,1500,1500,1500,1500,1500,1500,1500,1500,1500,1500,1500,1500,1500,1500,1500,1500,1500,1500,1500,1500,8.0
2026-05-04,13:39:30.530,-0.21,0.50,-2.39,-69,0,99,14,0,5,50,-56,100,14,"AIR",53.759816 -1.544143,30.9,223.70,29,9,11.6,4.2,390,66,4.1,4,599,1024,-2,12,-1024,-93,-1024,1024,1,1,-1,-1,-1,1,-1,-1,-1,0x0000000000000000,1499,1779,2012,1501,2012,1501,2012,988,1500,1500,1500,1500,1500,1500,1500,1500,1500,1500,1500,1500,1500,1500,1500,1500,1500,1500,1500,1500,1500,1500,1500,1500,8.0
2026-05-04,13:39:31.030,-0.21,0.50,-2.39,-68,0,100,14,0,5,50,-64,100,14,"AIR",53.759816 -1.544143,30.9,223.70,29,9,11.6,4.2,390,66,4.1,4,642,1024,-77,12,-1024,-93,-1024,1024,1,1,-1,-1,-1,1,-1,-1,-1,0x0000000000000000,1456,1793,2012,1501,2012,1544,2012,988,1500,1500,1500,1500,1500,1500,1500,1500,1500,1500,1500,1500,1500,1500,1500,1500,1500,1500,1500,1500,1500,1500,1500,1500,8.0
2026-05-04,13:39:31.530,-0.21,0.50,-2.39,-69,0,100,14,0,5,50,-62,100,14,"AIR",53.759816 -1.544143,30.9,223.70,29,9,11.6,4.2,390,66,4.1,97,307,826,-491,13,-1024,-93,-1024,1024,1,1,-1,-1,-1,1,-1,-1,-1,0x0000000000000000,1274,1639,1913,1534,2012,1726,2012,988,1500,1500,1500,1500,1500,1500,1500,1500,1500,1500,1500,1500,1500,1500,1500,1500,1500,1500,1500,1500,1500,1500,1500,1500,8.0
2026-05-04,13:39:32.030,-0.21,0.50,-2.39,-70,0,99,13,0,5,50,-56,100,14,"AIR",53.759438 -1.544672,34.9,224.90,36,7,11.6,4.2,390,66,4.1,123,-230,787,3,12,-1024,-93,-1024,1024,1,1,-1,-1,-1,1,-1,-1,-1,0x0000000000000000,1501,1396,1893,1543,2012,1499,2012,988,1500,1500,1500,1500,1500,1500,1500,1500,1500,1500,1500,1500,1500,1500,1500,1500,1500,1500,1500,1500,1500,1500,1500,1500,8.0
2026-05-04,13:39:32.530,-0.21,0.50,-2.39,-68,0,99,14,0,5,50,-64,100,14,"AIR",53.759438 -1.544672,34.9,224.90,36,7,11.6,4.2,390,66,4.1,152,-890,883,-2,12,-1024,-93,-1024,1024,1,1,-1,-1,-1,1,-1,-1,-1,0x0000000000000000,1499,1066,1941,1553,2012,1501,2012,988,1500,1500,1500,1500,1500,1500,1500,1500,1500,1500,1500,1500,1500,1500,1500,1500,1500,1500,1500,1500,1500,1500,1500,1500,8.0
2026-05-04,13:39:33.030,-0.21,0.50,-2.39,-76,0,100,13,0,5,50,-73,100,13,"AIR",53.759438 -1.544672,34.9,224.90,36,7,11.3,11.6,407,51,4.1,56,-1024,996,-378,12,-1024,-93,-1024,1024,1,1,-1,-1,-1,1,-1,-1,-1,0x0000000000000000,1328,988,1998,1519,2012,1672,2012,988,1500,1500,1500,1500,1500,1500,1500,1500,1500,1500,1500,1500,1500,1500,1500,1500,1500,1500,1500,1500,1500,1500,1500,1500,8.0
2026-05-04,13:39:33.530,-0.21,0.50,-2.39,-76,0,100,12,0,5,50,-55,100,14,"AIR",53.759438 -1.544672,34.9,224.90,36,7,11.3,11.6,407,51,4.1,4,-412,297,506,12,-1024,-93,-1024,1024,1,1,-1,-1,-1,1,-1,-1,-1,0x0000000000000000,1733,1312,1648,1501,2012,1267,2012,988,1500,1500,1500,1500,1500,1500,1500,1500,1500,1500,1500,1500,1500,1500,1500,1500,1500,1500,1500,1500,1500,1500,1500,1500,8.0
2026-05-04,13:39:34.030,-0.75,0.43,-2.23,-63,0,100,14,0,5,50,-68,100,13,"AIR",53.759438 -1.544672,34.9,224.90,36,7,11.3,11.6,407,51,4.1,2,-4,-417,1024,11,-1024,-93,-1024,1024,1,1,-1,-1,-1,1,-1,-1,-1,0x0000000000000000,2012,1498,1292,1500,2012,988,2012,988,1500,1500,1500,1500,1500,1500,1500,1500,1500,1500,1500,1500,1500,1500,1500,1500,1500,1500,1500,1500,1500,1500,1500,1500,8.0
2026-05-04,13:39:34.530,-0.75,0.43,-2.23,-66,0,99,14,0,5,50,-52,100,15,"AIR",53.759438 -1.544672,34.9,224.90,36,7,11.3,11.6,407,51,4.1,4,7,-307,1024,12,-1024,-93,-1024,1024,1,1,-1,-1,-1,1,-1,-1,-1,0x0000000000000000,2012,1503,1347,1501,2012,988,2012,988,1500,1500,1500,1500,1500,1500,1500,1500,1500,1500,1500,1500,1500,1500,1500,1500,1500,1500,1500,1500,1500,1500,1500,1500,8.0
2026-05-04,13:39:35.030,-0.75,0.43,-2.23,-59,0,100,14,0,5,50,-50,100,14,"AIR",53.759438 -1.544672,34.9,224.90,36,7,11.3,11.6,407,51,4.1,3,10,-475,1024,11,-1024,-93,-1024,1024,1,1,-1,-1,-1,1,-1,-1,-1,0x0000000000000000,2012,1504,1258,1501,2012,988,2012,988,1500,1500,1500,1500,1500,1500,1500,1500,1500,1500,1500,1500,1500,1500,1500,1500,1500,1500,1500,1500,1500,1500,1500,1500,8.0
2026-05-04,13:39:35.530,-0.75,0.43,-2.23,-63,0,99,14,0,5,50,-59,100,15,"AIR",53.759438 -1.544672,34.9,224.90,36,7,11.3,11.6,407,51,-1.8,1,9,-708,1024,11,-1024,-93,-1024,1024,1,1,-1,-1,-1,1,-1,-1,-1,0x0000000000000000,2012,1504,1146,1500,2012,988,2012,988,1500,1500,1500,1500,1500,1500,1500,1500,1500,1500,1500,1500,1500,1500,1500,1500,1500,1500,1500,1500,1500,1500,1500,1500,8.0
2026-05-04,13:39:36.030,-0.75,0.43,-2.23,-70,0,99,13,0,5,50,-65,100,13,"AIR",53.759438 -1.544672,34.9,224.90,36,7,11.3,11.6,407,51,-1.8,2,-630,-608,-66,12,-1024,-93,-1024,1024,1,1,-1,-1,-1,1,-1,-1,-1,0x0000000000000000,1471,1205,1196,1500,2012,1529,2012,988,1500,1500,1500,1500,1500,1500,1500,1500,1500,1500,1500,1500,1500,1500,1500,1500,1500,1500,1500,1500,1500,1500,1500,1500,8.0
2026-05-04,13:39:36.530,-0.75,0.43,-2.23,-75,0,100,13,0,5,50,-68,100,14,"AIR",53.759438 -1.544672,34.9,224.90,36,7,11.3,11.6,407,51,-1.8,4,-868,-595,-160,12,-1024,-93,-1024,1024,1,1,-1,-1,-1,1,-1,-1,-1,0x0000000000000000,1428,1079,1203,1501,2012,1572,2012,988,1500,1500,1500,1500,1500,1500,1500,1500,1500,1500,1500,1500,1500,1500,1500,1500,1500,1500,1500,1500,1500,1500,1500,1500,8.0
2026-05-04,13:39:37.030,-0.75,0.43,-2.23,-68,0,100,14,0,5,50,-60,100,14,"AIR",53.759438 -1.544672,34.9,224.90,36,7,11.3,11.6,407,51,-1.8,4,-359,-600,2,13,-1024,-93,-1024,1024,1,1,-1,-1,-1,1,-1,-1,-1,0x0000000000000000,1501,1337,1200,1501,2012,1499,2012,988,1500,1500,1500,1500,1500,1500,1500,1500,1500,1500,1500,1500,1500,1500,1500,1500,1500,1500,1500,1500,1500,1500,1500,1500,8.0
2026-05-04,13:39:37.530,-0.75,0.43,-2.23,-71,0,100,14,0,5,50,-64,100,15,"AIR",53.759235 -1.545067,30.6,3.30,44,9,11.3,11.6,407,51,-1.8,5,-218,-601,35,12,-1024,-93,-1024,1024,1,1,-1,-1,-1,1,-1,-1,-1,0x0000000000000000,1521,1409,1200,1501,2012,1479,2012,988,1500,1500,1500,1500,1500,1500,1500,1500,1500,1500,1500,1500,1500,1500,1500,1500,1500,1500,1500,1500,1500,1500,1500,1500,8.0
2026-05-04,13:39:38.030,-0.75,0.43,-2.23,-66,0,100,14,0,5,50,-53,100,15,"AIR",53.759235 -1.545067,30.6,3.30,44,9,11.3,11.6,407,51,-1.8,5,-450,-576,-58,12,-1024,-93,-1024,1024,1,1,-1,-1,-1,1,-1,-1,-1,0x0000000000000000,1474,1294,1212,1501,2012,1526,2012,988,1500,1500,1500,1500,1500,1500,1500,1500,1500,1500,1500,1500,1500,1500,1500,1500,1500,1500,1500,1500,1500,1500,1500,1500,8.0
2026-05-04,13:39:38.530,-0.75,0.43,-2.23,-63,0,100,14,0,5,50,-55,100,15,"AIR",53.759235 -1.545067,30.6,3.30,44,9,11.7,1.1,415,69,-1.8,5,-194,-253,-4,12,-1024,-93,-1024,1024,1,1,-1,-1,-1,1,-1,-1,-1,0x0000000000000000,1498,1413,1374,1501,2012,1502,2012,988,1500,1500,1500,1500,1500,1500,1500,1500,1500,1500,1500,1500,1500,1500,1500,1500,1500,1500,1500,1500,1500,1500,1500,1500,8.0
2026-05-04,13:39:39.030,-0.75,0.43,-2.23,-63,0,100,14,0,5,50,-52,100,13,"AIR",53.759235 -1.545067,30.6,3.30,44,9,11.7,1.1,415,69,-1.8,4,-221,-23,483,12,-1024,-93,-1024,1024,1,1,-1,-1,-1,1,-1,-1,-1,0x0000000000000000,1722,1400,1489,1501,2012,1269,2012,988,1500,1500,1500,1500,1500,1500,1500,1500,1500,1500,1500,1500,1500,1500,1500,1500,1500,1500,1500,1500,1500,1500,1500,1500,8.0
2026-05-04,13:39:39.530,-0.08,0.07,0.78,-60,0,99,14,0,5,50,-48,100,14,"AIR",53.759235 -1.545067,30.6,3.30,44,9,11.7,1.1,415,69,-1.8,3,-1,303,746,12,-1024,-93,-1024,1024,1,1,-1,-1,-1,1,-1,-1,-1,0x0000000000000000,1855,1500,1651,1501,2012,1145,2012,988,1500,1500,1500,1500,1500,1500,1500,1500,1500,1500,1500,1500,1500,1500,1500,1500,1500,1500,1500,1500,1500,1500,1500,1500,8.0
2026-05-04,13:39:40.030,-0.08,0.07,0.78,-57,0,100,13,0,5,50,-47,100,14,"AIR",53.759235 -1.545067,30.6,3.30,44,9,11.7,1.1,415,69,-1.8,1,-332,291,70,12,-1024,-93,-1024,1024,1,1,-1,-1,-1,1,-1,-1,-1,0x0000000000000000,1531,1349,1645,1500,2012,1469,2012,988,1500,1500,1500,1500,1500,1500,1500,1500,1500,1500,1500,1500,1500,1500,1500,1500,1500,1500,1500,1500,1500,1500,1500,1500,8.0
2026-05-04,13:39:40.530,-0.08,0.07,0.78,-55,0,100,14,0,5,50,-48,100,14,"AIR",53.759235 -1.545067,30.6,3.30,44,9,11.7,1.1,415,69,-1.8,1,-61,320,-257,13,-1024,-93,-1024,1024,1,1,-1,-1,-1,1,-1,-1,-1,0x0000000000000000,1384,1473,1660,1500,2012,1616,2012,988,1500,1500,1500,1500,1500,1500,1500,1500,1500,1500,1500,1500,1500,1500,1500,1500,1500,1500,1500,1500,1500,1500,1500,1500,8.0
2026-05-04,13:39:41.030,-0.08,0.07,0.78,-59,0,99,14,0,5,50,-50,100,14,"AIR",53.759235 -1.545067,30.6,3.30,44,9,11.7,1.1,415,69,1.5,1,-9,338,-751,13,-1024,-93,-1024,1024,1,1,-1,-1,-1,1,-1,-1,-1,0x0000000000000000,1142,1496,1669,1500,2012,1858,2012,988,1500,1500,1500,1500,1500,1500,1500,1500,1500,1500,1500,1500,1500,1500,1500,1500,1500,1500,1500,1500,1500,1500,1500,1500,8.0
2026-05-04,13:39:41.530,-0.08,0.07,0.78,-57,0,100,14,0,5,50,-47,100,14,"AIR",53.759235 -1.545067,30.6,3.30,44,9,11.7,1.1,415,69,1.5,0,-4,230,-290,13,-1024,-93,-1024,1024,1,1,-1,-1,-1,1,-1,-1,-1,0x0000000000000000,1369,1498,1615,1500,2012,1631,2012,988,1500,1500,1500,1500,1500,1500,1500,1500,1500,1500,1500,1500,1500,1500,1500,1500,1500,1500,1500,1500,1500,1500,1500,1500,8.0
2026-05-04,13:39:42.030,-0.08,0.07,0.78,-55,0,99,14,0,5,50,-50,100,14,"AIR",53.759235 -1.545067,30.6,3.30,44,9,11.7,1.1,415,69,1.5,1,-501,188,-5,12,-1024,-93,-1024,1024,1,1,-1,-1,-1,1,-1,-1,-1,0x0000000000000000,1498,1269,1594,1500,2012,1502,2012,988,1500,1500,1500,1500,1500,1500,1500,1500,1500,1500,1500,1500,1500,1500,1500,1500,1500,1500,1500,1500,1500,1500,1500,1500,8.0
2026-05-04,13:39:42.530,-0.08,0.07,0.78,-60,0,99,14,0,5,50,-51,100,13,"AIR",53.759235 -1.545067,30.6,3.30,44,9,11.7,1.1,415,69,1.5,2,-339,172,743,12,-1024,-93,-1024,1024,1,1,-1,-1,-1,1,-1,-1,-1,0x0000000000000000,1853,1346,1586,1500,2012,1147,2012,988,1500,1500,1500,1500,1500,1500,1500,1500,1500,1500,1500,1500,1500,1500,1500,1500,1500,1500,1500,1500,1500,1500,1500,1500,8.0
2026-05-04,13:39:43.030,-0.08,0.07,0.78,-60,0,100,14,0,5,50,-55,100,14,"AIR",53.759747 -1.544317,48.1,68.90,28,9,11.7,1.1,415,69,1.5,2,-608,474,205,12,-1024,-93,-1024,1024,1,1,-1,-1,-1,1,-1,-1,-1,0x0000000000000000,1592,1216,1737,1500,2012,1408,2012,988,1500,1500,1500,1500,1500,1500,1500,1500,1500,1500,1500,1500,1500,1500,1500,1500,1500,1500,1500,1500,1500,1500,1500,1500,8.0
2026-05-04,13:39:43.530,-0.08,0.07,0.78,-64,0,100,14,0,5,50,-57,100,13,"AIR",53.759747 -1.544317,48.1,68.90,28,9,11.7,1.1,415,69,1.5,0,-196,452,280,12,-1024,-93,-1024,1024,1,1,-1,-1,-1,1,-1,-1,-1,0x0000000000000000,1627,1412,1726,1500,2012,1373,2012,988,1500,1500,1500,1500,1500,1500,1500,1500,1500,1500,1500,1500,1500,1500,1500,1500,1500,1500,1500,1500,1500,1500,1500,1500,8.0
2026-05-04,13:39:44.030,-0.08,0.07,0.78,-67,0,100,14,0,5,50,-61,100,14,"AIR",53.759747 -1.544317,48.1,68.90,28,9,11.6,3.8,420,65,1.5,1,0,541,0,12,-1024,-93,-1024,1024,1,1,-1,-1,-1,1,-1,-1,-1,0x0000000000000000,1500,1500,1770,1500,2012,1500,2012,988,1500,1500,1500,1500,1500,1500,1500,1500,1500,1500,1500,1500,1500,1500,1500,1500,1500,1500,1500,1500,1500,1500,1500,1500,8.0
2026-05-04,13:39:44.530,-0.08,0.07,0.78,-66,0,100,14,0,5,50,-62,100,14,"AIR",53.759747 -1.544317,48.1,68.90,28,9,11.6,3.8,420,65,1.5,0,2,652,-703,13,-1024,-93,-1024,1024,1,1,-1,-1,-1,1,-1,-1,-1,0x0000000000000000,1168,1501,1826,1500,2012,1832,2012,988,1500,1500,1500,1500,1500,1500,1500,1500,1500,1500,1500,1500,1500,1500,1500,1500,1500,1500,1500,1500,1500,1500,1500,1500,8.0
2026-05-04,13:39:45.030,-0.61,0.70,1.72,-73,0,100,13,0,5,50,-65,100,14,"AIR",53.759747 -1.544317,48.1,68.90,28,9,11.6,3.8,420,65,1.5,-6,3,583,-6,12,-1024,-93,-1024,1024,1,1,-1,-1,-1,1,-1,-1,-1,0x0000000000000000,1498,1501,1791,1498,2012,1502,2012,988,1500,1500,1500,1500,1500,1500,1500,1500,1500,1500,1500,1500,1500,1500,1500,1500,1500,1500,1500,1500,1500,1500,1500,1500,8.0
2026-05-04,13:39:45.530,-0.61,0.70,1.72,-69,0,100,14,0,5,50,-66,100,15,"AIR",53.759747 -1.544317,48.1,68.90,28,9,11.6,3.8,420,65,1.5,-55,5,561,-1,12,-1024,-93,-1024,1024,1,1,-1,-1,-1,1,-1,-1,-1,0x0000000000000000,1500,1502,1780,1481,2012,1500,2012,988,1500,1500,1500,1500,1500,1500,1500,1500,1500,1500,1500,1500,1500,1500,1500,1500,1500,1500,1500,1500,1500,1500,1500,1500,8.0
2026-05-04,13:39:46.030,-0.61,0.70,1.72,-73,0,99,14,0,5,50,-68,100,13,"AIR",53.759747 -1.544317,48.1,68.90,28,9,11.6,3.8,420,65,1.5,-2,-306,627,4,13,-1024,-93,-1024,1024,1,1,-1,-1,-1,1,-1,-1,-1,0x0000000000000000,1502,1361,1813,1500,2012,1498,2012,988,1500,1500,1500,1500,1500,1500,1500,1500,1500,1500,1500,1500,1500,1500,1500,1500,1500,1500,1500,1500,1500,1500,1500,1500,8.0
2026-05-04,13:39:46.530,-0.61,0.70,1.72,-79,0,100,12,0,5,50,-73,100,14,"AIR",53.759747 -1.544317,48.1,68.90,28,9,11.6,3.8,420,65,2.2,-2,-514,502,1,12,-1024,-93,-1024,1024,1,1,-1,-1,-1,1,-1,-1,-1,0x0000000000000000,1500,1263,1751,1500,2012,1500,2012,988,1500,1500,1500,1500,1500,1500,1500,1500,1500,1500,1500,1500,1500,1500,1500,1500,1500,1500,1500,1500,1500,1500,1500,1500,8.0
2026-05-04,13:39:47.030,-0.61,0.70,1.72,-80,0,100,13,0,5,50,-73,100,13,"AIR",53.759747 -1.544317,48.1,68.90,28,9,11.6,3.8,420,65,2.2,-20,-444,394,-336,13,-1024,-93,-1024,1024,1,1,-1,-1,-1,1,-1,-1,-1,0x0000000000000000,1347,1297,1697,1493,2012,1653,2012,988,1500,1500,1500,1500,1500,1500,1500,1500,1500,1500,1500,1500,1500,1500,1500,1500,1500,1500,1500,1500,1500,1500,1500,1500,8.0
2026-05-04,13:39:47.530,-0.61,0.70,1.72,-85,0,99,11,0,5,50,-72,100,14,"AIR",53.759747 -1.544317,48.1,68.90,28,9,11.6,3.8,420,65,2.2,-77,-478,464,-372,13,-1024,-93,-1024,1024,1,1,-1,-1,-1,1,-1,-1,-1,0x0000000000000000,1331,1280,1732,1473,2012,1669,2012,988,1500,1500,1500,1500,1500,1500,1500,1500,1500,1500,1500,1500,1500,1500,1500,1500,1500,1500,1500,1500,1500,1500,1500,1500,8.0
2026-05-04,13:39:48.030,-0.61,0.70,1.72,-82,0,98,11,0,5,50,-68,100,5,"AIR",53.759747 -1.544317,48.1,68.90,28,9,11.6,3.8,420,65,2.2,-115,-318,424,-609,13,-1024,-93,-1024,1024,1,1,-1,-1,-1,1,-1,-1,-1,0x0000000000000000,1216,1356,1712,1460,2012,1784,2012,988,1500,1500,1500,1500,1500,1500,1500,1500,1500,1500,1500,1500,1500,1500,1500,1500,1500,1500,1500,1500,1500,1500,1500,1500,8.0
2026-05-04,13:39:48.530,-0.61,0.70,1.72,-83,0,99,11,0,5,50,-88,100,9,"AIR",53.759721 -1.543366,37.1,90.90,36,9,11.6,3.8,420,65,2.2,2,-603,41,-476,13,-1024,-93,-1024,1024,1,1,-1,-1,-1,1,-1,-1,-1,0x0000000000000000,1281,1219,1520,1500,2012,1719,2012,988,1500,1500,1500,1500,1500,1500,1500,1500,1500,1500,1500,1500,1500,1500,1500,1500,1500,1500,1500,1500,1500,1500,1500,1500,8.0
2026-05-04,13:39:49.030,-0.61,0.70,1.72,-84,0,98,9,0,5,50,-83,100,10,"AIR",53.759721 -1.543366,37.1,90.90,36,9,11.6,3.8,420,65,2.2,3,-347,48,-135,12,-1024,-93,-1024,1024,1,1,-1,-1,-1,1,-1,-1,-1,0x0000000000000000,1439,1342,1524,1501,2012,1561,2012,988,1500,1500,1500,1500,1500,1500,1500,1500,1500,1500,1500,1500,1500,1500,1500,1500,1500,1500,1500,1500,1500,1500,1500,1500,8.0
2026-05-04,13:39:49.530,-0.61,0.70,1.72,-89,0,99,8,0,5,50,-85,100,10,"AIR",53.759721 -1.543366,37.1,90.90,36,9,11.5,5.5,432,61,2.2,3,-782,61,2,12,-1024,-93,-1024,1024,1,1,-1,-1,-1,1,-1,-1,-1,0x0000000000000000,1501,1126,1530,1501,2012,1499,2012,988,1500,1500,1500,1500,1500,1500,1500,1500,1500,1500,1500,1500,1500,1500,1500,1500,1500,1500,1500,1500,1500,1500,1500,1500,8.0
2026-05-04,13:39:50.030,-0.61,0.70,1.72,-85,0,98,9,0,5,50,-70,100,14,"AIR",53.759721 -1.543366,37.1,90.90,36,9,11.5,5.5,432,61,2.2,3,-432,66,459,12,-1024,-93,-1024,1024,1,1,-1,-1,-1,1,-1,-1,-1,0x0000000000000000,1711,1309,1533,1501,2012,1289,2012,988,1500,1500,1500,1500,1500,1500,1500,1500,1500,1500,1500,1500,1500,1500,1500,1500,1500,1500,1500,1500,1500,1500,1500,1500,8.0
2026-05-04,13:39:50.530,-0.22,-1.12,-0.53,-76,0,100,13,0,5,50,-61,100,13,"AIR",53.759721 -1.543366,37.1,90.90,36,9,11.5,5.5,432,61,2.2,3,-414,164,544,12,-1024,-93,-1024,1024,1,1,-1,-1,-1,1,-1,-1,-1,0x0000000000000000,1752,1311,1582,1501,2012,1248,2012,988,1500,1500,1500,1500,1500,1500,1500,1500,1500,1500,1500,1500,1500,1500,1500,1500,1500,1500,1500,1500,1500,1500,1500,1500,8.0
2026-05-04,13:39:51.030,-0.22,-1.12,-0.53,-69,0,100,14,0,5,50,-64,100,15,"AIR",53.759721 -1.543366,37.1,90.90,36,9,11.5,5.5,432,61,2.2,3,-531,208,197,12,-1024,-93,-1024,1024,1,1,-1,-1,-1,1,-1,-1,-1,0x0000000000000000,1589,1254,1604,1501,2012,1411,2012,988,1500,1500,1500,1500,1500,1500,1500,1500,1500,1500,1500,1500,1500,1500,1500,1500,1500,1500,1500,1500,1500,1500,1500,1500,8.0
2026-05-04,13:39:51.530,-0.22,-1.12,-0.53,-72,0,99,13,0,5,50,-72,100,14,"AIR",53.759721 -1.543366,37.1,90.90,36,9,11.5,5.5,432,61,2.2,3,-467,200,-529,13,-1024,-93,-1024,1024,1,1,-1,-1,-1,1,-1,-1,-1,0x0000000000000000,1255,1286,1600,1501,2012,1745,2012,988,1500,1500,1500,1500,1500,1500,1500,1500,1500,1500,1500,1500,1500,1500,1500,1500,1500,1500,1500,1500,1500,1500,1500,1500,8.0
2026-05-04,13:39:52.030,-0.22,-1.12,-0.53,-75,0,98,13,0,5,50,-71,100,13,"AIR",53.759721 -1.543366,37.1,90.90,36,9,11.5,5.5,432,61,2.2,3,-186,196,-1022,13,-1024,-93,-1024,1024,1,1,-1,-1,-1,1,-1,-1,-1,0x0000000000000000,989,1421,1598,1501,2012,2011,2012,988,1500,1500,1500,1500,1500,1500,1500,1500,1500,1500,1500,1500,1500,1500,1500,1500,1500,1500,1500,1500,1500,1500,1500,1500,8.0
2026-05-04,13:39:52.530,-0.22,-1.12,-0.53,-80,0,98,11,0,5,50,-70,100,14,"AIR",53.759721 -1.543366,37.1,90.90,36,9,11.5,5.5,432,61,2.0,2,-103,200,-996,13,-1024,-93,-1024,1024,1,1,-1,-1,-1,1,-1,-1,-1,0x0000000000000000,990,1449,1600,1500,2012,2010,2012,988,1500,1500,1500,1500,1500,1500,1500,1500,1500,1500,1500,1500,1500,1500,1500,1500,1500,1500,1500,1500,1500,1500,1500,1500,8.0
2026-05-04,13:39:53.030,-0.22,-1.12,-0.53,-76,0,98,13,0,5,50,-70,100,14,"AIR",53.759721 -1.543366,37.1,90.90,36,9,11.5,5.5,432,61,2.0,-143,-505,224,-1012,13,-1024,-93,-1024,1024,1,1,-1,-1,-1,1,-1,-1,-1,0x0000000000000000,995,1257,1623,1444,2012,2005,2012,988,1500,1500,1500,1500,1500,1500,1500,1500,1500,1500,1500,1500,1500,1500,1500,1500,1500,1500,1500,1500,1500,1500,1500,1500,8.0
2026-05-04,13:39:53.530,-0.22,-1.12,-0.53,-79,0,96,13,0,5,50,-74,100,14,"AIR",53.759721 -1.543366,37.1,90.90,36,9,11.5,5.5,432,61,2.0,-1,-556,826,-1023,13,-1024,-93,-1024,1024,1,1,-1,-1,-1,1,-1,-1,-1,0x0000000000000000,989,1242,1913,1500,2012,2011,2012,988,1500,1500,1500,1500,1500,1500,1500,1500,1500,1500,1500,1500,1500,1500,1500,1500,1500,1500,1500,1500,1500,1500,1500,1500,8.0
2026-05-04,13:39:54.030,-0.22,-1.12,-0.53,-81,0,98,11,0,5,50,-77,100,13,"AIR",53.759906 -1.543485,23.9,263.60,39,9,11.5,5.5,432,61,2.0,2,-113,590,-1024,13,-1024,-93,-1024,1024,1,1,-1,-1,-1,1,-1,-1,-1,0x0000000000000000,989,1449,1801,1500,2012,2011,2012,988,1500,1500,1500,1500,1500,1500,1500,1500,1500,1500,1500,1500,1500,1500,1500,1500,1500,1500,1500,1500,1500,1500,1500,1500,8.0
2026-05-04,13:39:54.530,-0.22,-1.12,-0.53,-77,0,99,12,0,5,50,-69,100,15,"AIR",53.759906 -1.543485,23.9,263.60,39,9,11.5,5.5,432,61,2.0,2,-3,957,-200,13,-1024,-93,-1024,1024,1,1,-1,-1,-1,1,-1,-1,-1,0x0000000000000000,1421,1499,1978,1500,2012,1579,2012,988,1500,1500,1500,1500,1500,1500,1500,1500,1500,1500,1500,1500,1500,1500,1500,1500,1500,1500,1500,1500,1500,1500,1500,1500,8.0
2026-05-04,13:39:55.030,-0.22,-1.12,-0.53,-74,0,98,13,0,5,50,-66,100,15,"AIR",53.759906 -1.543485,23.9,263.60,39,9,11.5,5.5,432,61,2.0,2,-270,1007,243,12,-1024,-93,-1024,1024,1,1,-1,-1,-1,1,-1,-1,-1,0x0000000000000000,1610,1378,2003,1500,2012,1390,2012,988,1500,1500,1500,1500,1500,1500,1500,1500,1500,1500,1500,1500,1500,1500,1500,1500,1500,1500,1500,1500,1500,1500,1500,1500,8.0
2026-05-04,13:39:55.530,-0.22,-1.12,-0.53,-69,0,99,14,0,5,50,-61,100,13,"AIR",53.759906 -1.543485,23.9,263.60,39,9,11.3,10.4,439,54,2.0,1,1,809,565,12,-1024,-93,-1024,1024,1,1,-1,-1,-1,1,-1,-1,-1,0x0000000000000000,1762,1500,1904,1500,2012,1238,2012,988,1500,1500,1500,1500,1500,1500,1500,1500,1500,1500,1500,1500,1500,1500,1500,1500,1500,1500,1500,1500,1500,1500,1500,1500,8.0
2026-05-04,13:39:56.030,-0.55,-1.06,-1.67,-67,0,99,14,0,5,50,-60,100,13,"AIR",53.759906 -1.543485,23.9,263.60,39,9,11.3,10.4,439,54,2.0,2,7,710,988,12,-1024,-93,-1024,1024,1,1,-1,-1,-1,1,-1,-1,-1,0x0000000000000000,1991,1503,1855,1500,2012,1009,2012,988,1500,1500,1500,1500,1500,1500,1500,1500,1500,1500,1500,1500,1500,1500,1500,1500,1500,1500,1500,1500,1500,1500,1500,1500,8.0
2026-05-04,13:39:56.530,-0.55,-1.06,-1.67,-63,0,99,14,0,5,50,-60,100,15,"AIR",53.759906 -1.543485,23.9,263.60,39,9,11.3,10.4,439,54,2.0,5,786,638,-32,12,-1024,-93,-1024,1024,1,1,-1,-1,-1,1,-1,-1,-1,0x0000000000000000,1486,1876,1819,1501,2012,1514,2012,988,1500,1500,1500,1500,1500,1500,1500,1500,1500,1500,1500,1500,1500,1500,1500,1500,1500,1500,1500,1500,1500,1500,1500,1500,8.0
2026-05-04,13:39:57.030,-0.55,-1.06,-1.67,-68,0,98,13,0,5,50,-60,100,15,"AIR",53.759906 -1.543485,23.9,263.60,39,9,11.3,10.4,439,54,2.0,2,475,637,428,12,-1024,-93,-1024,1024,1,1,-1,-1,-1,1,-1,-1,-1,0x0000000000000000,1696,1718,1818,1500,2012,1304,2012,988,1500,1500,1500,1500,1500,1500,1500,1500,1500,1500,1500,1500,1500,1500,1500,1500,1500,1500,1500,1500,1500,1500,1500,1500,8.0
2026-05-04,13:39:57.530,-0.55,-1.06,-1.67,-67,0,100,14,0,5,50,-62,100,13,"AIR",53.759906 -1.543485,23.9,263.60,39,9,11.3,10.4,439,54,2.0,5,-4,665,-449,12,-1024,-93,-1024,1024,1,1,-1,-1,-1,1,-1,-1,-1,0x0000000000000000,1294,1498,1832,1501,2012,1706,2012,988,1500,1500,1500,1500,1500,1500,1500,1500,1500,1500,1500,1500,1500,1500,1500,1500,1500,1500,1500,1500,1500,1500,1500,1500,8.0
2026-05-04,13:39:58.030,-0.55,-1.06,-1.67,-76,0,100,12,0,5,50,-76,100,12,"AIR",53.759906 -1.543485,23.9,263.60,39,9,11.3,10.4,439,54,2.1,4,-403,783,2,12,-1024,-93,-1024,1024,1,1,-1,-1,-1,1,-1,-1,-1,0x0000000000000000,1501,1316,1891,1501,2012,1499,2012,988,1500,1500,1500,1500,1500,1500,1500,1500,1500,1500,1500,1500,1500,1500,1500,1500,1500,1500,1500,1500,1500,1500,1500,1500,8.0
2026-05-04,13:39:58.530,-0.55,-1.06,-1.67,-83,0,98,10,0,5,50,-71,100,14,"AIR",53.759906 -1.543485,23.9,263.60,39,9,11.3,10.4,439,54,2.1,5,-316,777,12,13,-1024,-93,-1024,1024,1,1,-1,-1,-1,1,-1,-1,-1,0x0000000000000000,1505,1357,1888,1501,2012,1495,2012,988,1500,1500,1500,1500,1500,1500,1500,1500,1500,1500,1500,1500,1500,1500,1500,1500,1500,1500,1500,1500,1500,1500,1500,1500,8.0
2026-05-04,13:39:59.030,-0.55,-1.06,-1.67,-78,0,96,12,0,5,50,-69,100,14,"AIR",53.759906 -1.543485,23.9,263.60,39,9,11.3,10.4,439,54,2.1,2,2,279,1021,12,-1024,-93,-1024,1024,1,1,-1,-1,-1,1,-1,-1,-1,0x0000000000000000,2010,1501,1639,1500,2012,990,2012,988,1500,1500,1500,1500,1500,1500,1500,1500,1500,1500,1500,1500,1500,1500,1500,1500,1500,1500,1500,1500,1500,1500,1500,1500,8.0
2026-05-04,13:39:59.530,-0.55,-1.06,-1.67,-79,0,98,12,0,5,50,-69,100,15,"AIR",53.759859 -1.543999,32.1,212.50,44,9,11.3,10.4,439,54,2.1,2,3,-232,1024,12,-1024,-93,-1024,1024,1,1,-1,-1,-1,1,-1,-1,-1,0x0000000000000000,2012,1501,1384,1500,2012,988,2012,988,1500,1500,1500,1500,1500,1500,1500,1500,1500,1500,1500,1500,1500,1500,1500,1500,1500,1500,1500,1500,1500,1500,1500,1500,8.0
2026-05-04,13:40:00.030,-0.55,-1.06,-1.67,-64,0,100,13,0,5,50,-56,100,14,"AIR",53.759859 -1.543999,32.1,212.50,44,9,11.3,10.4,439,54,2.1,2,-1,-234,1024,12,-1024,-93,-1024,1024,1,0,-1,-1,-1,1,-1,-1,-1,0x0000000000000000,2012,1500,1383,1500,2012,988,1500,988,1500,1500,1500,1500,1500,1500,1500,1500,1500,1500,1500,1500,1500,1500,1500,1500,1500,1500,1500,1500,1500,1500,1500,1500,8.0
2026-05-04,13:40:00.530,-0.55,-1.06,-1.67,-62,0,100,14,0,5,50,-63,100,13,"AIR",53.759859 -1.543999,32.1,212.50,44,9,11.3,10.4,439,54,2.1,2,-92,-234,1022,12,-1024,-93,-1024,1024,1,0,-1,-1,-1,1,-1,-1,-1,0x0000000000000000,2011,1459,1383,1500,2012,989,1500,988,1500,1500,1500,1500,1500,1500,1500,1500,1500,1500,1500,1500,1500,1500,1500,1500,1500,1500,1500,1500,1500,1500,1500,1500,8.0
2026-05-04,13:40:01.030,-0.55,-1.06,-1.67,-73,0,99,12,0,5,50,-67,100,13,"AIR",53.759859 -1.543999,32.1,212.50,44,9,11.5,3.7,455,62,2.1,2,-2,-234,0,12,-1024,-93,-1024,1024,1,0,-1,-1,-1,1,-1,-1,-1,0x0000000000000000,1500,1499,1383,1500,2012,1500,1500,988,1500,1500,1500,1500,1500,1500,1500,1500,1500,1500,1500,1500,1500,1500,1500,1500,1500,1500,1500,1500,1500,1500,1500,1500,8.0
2026-05-04,13:40:01.530,0.42,1.25,-1.59,-67,0,97,13,0,5,50,-59,100,15,"AIR",53.759859 -1.543999,32.1,212.50,44,9,11.5,3.7,455,62,2.1,3,1,-333,-1,12,-1024,-93,-1024,1024,1,0,-1,-1,-1,1,-1,-1,-1,0x0000000000000000,1500,1500,1334,1501,2012,1500,1500,988,1500,1500,1500,1500,1500,1500,1500,1500,1500,1500,1500,1500,1500,1500,1500,1500,1500,1500,1500,1500,1500,1500,1500,1500,8.0
2026-05-04,13:40:02.030,0.42,1.25,-1.59,-64,0,100,14,0,5,50,-58,100,14,"AIR",53.759859 -1.543999,32.1,212.50,44,9,11.5,3.7,455,62,2.1,3,1,-336,0,13,-1024,-93,-1024,1024,1,0,-1,-1,-1,1,-1,-1,-1,0x0000000000000000,1500,1500,1332,1501,2012,1500,1500,988,1500,1500,1500,1500,1500,1500,1500,1500,1500,1500,1500,1500,1500,1500,1500,1500,1500,1500,1500,1500,1500,1500,1500,1500,8.0
2026-05-04,13:40:02.530,0.42,1.25,-1.59,-67,0,97,14,0,5,50,-59,100,13,"ANGL",53.759859 -1.543999,32.1,212.50,44,9,11.5,3.7,455,62,2.1,3,3,-336,50,12,-1024,-93,-1024,1024,1,0,-1,-1,-1,1,-1,-1,-1,0x0000000000000000,1522,1501,1332,1501,2012,1478,1500,988,1500,1500,1500,1500,1500,1500,1500,1500,1500,1500,1500,1500,1500,1500,1500,1500,1500,1500,1500,1500,1500,1500,1500,1500,8.0
2026-05-04,13:40:03.030,0.42,1.25,-1.59,-67,0,98,14,0,5,50,-55,100,14,"ANGL",53.759859 -1.543999,32.1,212.50,44,9,11.5,3.7,455,62,2.1,3,-41,-336,952,12,-1024,-93,-1024,1024,1,1,-1,-1,-1,1,-1,-1,-1,0x0000000000000000,1969,1482,1332,1501,2012,1031,2012,988,1500,1500,1500,1500,1500,1500,1500,1500,1500,1500,1500,1500,1500,1500,1500,1500,1500,1500,1500,1500,1500,1500,1500,1500,8.0
2026-05-04,13:40:03.530,0.42,1.25,-1.59,-67,0,100,14,0,5,50,-61,100,14,"ANGL",53.759859 -1.543999,32.1,212.50,44,9,11.5,3.7,455,62,-1.0,4,-766,-327,-2,12,-1024,-93,-1024,1024,1,1,-1,-1,-1,1,-1,-1,-1,0x0000000000000000,1499,1134,1337,1501,2012,1501,2012,988,1500,1500,1500,1500,1500,1500,1500,1500,1500,1500,1500,1500,1500,1500,1500,1500,1500,1500,1500,1500,1500,1500,1500,1500,8.0
2026-05-04,13:40:04.030,0.42,1.25,-1.59,-71,0,100,13,0,5,50,-73,100,13,"ANGL",53.759859 -1.543999,32.1,212.50,44,9,11.5,3.7,455,62,-1.0,4,-109,-161,641,12,-1024,-93,-1024,1024,1,1,-1,-1,-1,1,-1,-1,-1,0x0000000000000000,1800,1451,1420,1501,2012,1200,2012,988,1500,1500,1500,1500,1500,1500,1500,1500,1500,1500,1500,1500,1500,1500,1500,1500,1500,1500,1500,1500,1500,1500,1500,1500,8.0
2026-05-04,13:40:04.530,0.42,1.25,-1.59,-73,0,99,14,0,5,50,-70,100,14,"ANGL",53.759859 -1.543999,32.1,212.50,44,9,11.5,3.7,455,62,-1.0,4,-568,-149,341,12,-1024,-93,-1024,1024,1,1,-1,-1,-1,1,-1,-1,-1,0x0000000000000000,1655,1236,1426,1501,2012,1345,2012,988,1500,1500,1500,1500,1500,1500,1500,1500,1500,1500,1500,1500,1500,1500,1500,1500,1500,1500,1500,1500,1500,1500,1500,1500,8.0
2026-05-04,13:40:05.030,0.42,1.25,-1.59,-74,0,98,12,0,5,50,-64,100,14,"ANGL",53.759899 -1.544712,41.4,287.40,39,9,11.5,3.7,455,62,-1.0,6,-412,-148,564,12,-1024,-93,-1024,1024,1,1,-1,-1,-1,1,-1,-1,-1,0x0000000000000000,1762,1312,1426,1502,2012,1238,2012,988,1500,1500,1500,1500,1500,1500,1500,1500,1500,1500,1500,1500,1500,1500,1500,1500,1500,1500,1500,1500,1500,1500,1500,1500,8.0
2026-05-04,13:40:05.530,0.42,1.25,-1.59,-69,0,99,14,0,5,50,-66,100,15,"ANGL",53.759899 -1.544712,41.4,287.40,39,9,11.5,3.7,455,62,-1.0,6,-710,-128,1,12,-1024,-93,-1024,1024,1,1,-1,-1,-1,1,-1,-1,-1,0x0000000000000000,1500,1164,1436,1502,2012,1500,2012,988,1500,1500,1500,1500,1500,1500,1500,1500,1500,1500,1500,1500,1500,1500,1500,1500,1500,1500,1500,1500,1500,1500,1500,1500,8.0
2026-05-04,13:40:06.030,0.42,1.25,-1.59,-67,0,99,14,0,5,50,-67,100,15,"ANGL",53.759899 -1.544712,41.4,287.40,39,9,11.5,3.7,455,62,-1.0,5,-584,-151,2,12,-1024,-93,-1024,1024,1,1,-1,-1,-1,1,-1,-1,-1,0x0000000000000000,1501,1228,1425,1501,2012,1499,2012,988,1500,1500,1500,1500,1500,1500,1500,1500,1500,1500,1500,1500,1500,1500,1500,1500,1500,1500,1500,1500,1500,1500,1500,1500,8.0
2026-05-04,13:40:06.530,0.42,1.25,-1.59,-67,0,100,13,0,5,50,-59,100,15,"ANGL",53.759899 -1.544712,41.4,287.40,39,9,11.6,2.6,458,66,-1.0,68,-556,3,3,12,-1024,-93,-1024,1024,1,1,-1,-1,-1,1,-1,-1,-1,0x0000000000000000,1501,1242,1501,1524,2012,1499,2012,988,1500,1500,1500,1500,1500,1500,1500,1500,1500,1500,1500,1500,1500,1500,1500,1500,1500,1500,1500,1500,1500,1500,1500,1500,8.0
2026-05-04,13:40:07.030,-0.01,1.05,0.72,-63,0,99,14,0,5,50,-54,100,14,"ANGL",53.759899 -1.544712,41.4,287.40,39,9,11.6,2.6,458,66,-1.0,10,-216,157,6,12,-1024,-93,-1024,1024,1,1,-1,-1,-1,1,-1,-1,-1,0x0000000000000000,1502,1403,1578,1503,2012,1498,2012,988,1500,1500,1500,1500,1500,1500,1500,1500,1500,1500,1500,1500,1500,1500,1500,1500,1500,1500,1500,1500,1500,1500,1500,1500,8.0
2026-05-04,13:40:07.530,-0.01,1.05,0.72,-64,0,99,14,0,5,50,-62,100,14,"ANGL",53.759899 -1.544712,41.4,287.40,39,9,11.6,2.6,458,66,-1.0,4,-195,247,-2,12,-1024,-93,-1024,1024,1,1,-1,-1,-1,1,-1,-1,-1,0x0000000000000000,1499,1412,1623,1501,2012,1501,2012,988,1500,1500,1500,1500,1500,1500,1500,1500,1500,1500,1500,1500,1500,1500,1500,1500,1500,1500,1500,1500,1500,1500,1500,1500,8.0
2026-05-04,13:40:08.030,-0.01,1.05,0.72,-69,0,99,14,0,5,50,-64,100,15,"AIR",53.759899 -1.544712,41.4,287.40,39,9,11.6,2.6,458,66,-1.0,2,-96,336,-454,13,-1024,-93,-1024,1024,1,1,-1,-1,-1,1,-1,-1,-1,0x0000000000000000,1292,1457,1668,1500,2012,1708,2012,988,1500,1500,1500,1500,1500,1500,1500,1500,1500,1500,1500,1500,1500,1500,1500,1500,1500,1500,1500,1500,1500,1500,1500,1500,8.0
2026-05-04,13:40:08.530,-0.01,1.05,0.72,-70,0,99,13,0,5,50,-63,100,13,"AIR",53.759899 -1.544712,41.4,287.40,39,9,11.6,2.6,458,66,-1.0,3,-2,364,-1,12,-1024,-93,-1024,1024,1,1,-1,-1,-1,1,-1,-1,-1,0x0000000000000000,1500,1499,1682,1501,2012,1500,2012,988,1500,1500,1500,1500,1500,1500,1500,1500,1500,1500,1500,1500,1500,1500,1500,1500,1500,1500,1500,1500,1500,1500,1500,1500,8.0
2026-05-04,13:40:09.030,-0.01,1.05,0.72,-69,0,99,13,0,5,50,-64,100,15,"AIR",53.759899 -1.544712,41.4,287.40,39,9,11.6,2.6,458,66,-4.1,21,-291,320,8,12,-1024,-93,-1024,1024,1,1,-1,-1,-1,1,-1,-1,-1,0x0000000000000000,1503,1368,1660,1507,2012,1497,2012,988,1500,1500,1500,1500,1500,1500,1500,1500,1500,1500,1500,1500,1500,1500,1500,1500,1500,1500,1500,1500,1500,1500,1500,1500,8.0
2026-05-04,13:40:09.530,-0.01,1.05,0.72,-70,0,100,14,0,5,50,-65,100,15,"AIR",53.759899 -1.544712,41.4,287.40,39,9,11.6,2.6,458,66,-4.1,35,-242,324,-5,12,-1024,-93,-1024,1024,1,1,-1,-1,-1,1,-1,-1,-1,0x0000000000000000,1498,1391,1662,1512,2012,1502,2012,988,1500,1500,1500,1500,1500,1500,1500,1500,1500,1500,1500,1500,1500,1500,1500,1500,1500,1500,1500,1500,1500,1500,1500,1500,8.0
2026-05-04,13:40:10.030,-0.01,1.05,0.72,-72,0,100,13,0,5,50,-71,100,14,"AIR",53.759899 -1.544712,41.4,287.40,39,9,11.6,2.6,458,66,-4.1,21,-174,346,-82,13,-1024,-93,-1024,1024,1,1,-1,-1,-1,1,-1,-1,-1,0x0000000000000000,1463,1422,1673,1507,2012,1537,2012,988,1500,1500,1500,1500,1500,1500,1500,1500,1500,1500,1500,1500,1500,1500,1500,1500,1500,1500,1500,1500,1500,1500,1500,1500,8.0
2026-05-04,13:40:10.530,-0.01,1.05,0.72,-76,0,100,13,0,5,50,-71,100,13,"AIR",53.760164 -1.544413,55.5,123.50,21,9,11.6,2.6,458,66,-4.1,4,-162,358,-453,13,-1024,-93,-1024,1024,1,1,-1,-1,-1,1,-1,-1,-1,0x0000000000000000,1292,1427,1679,1501,2012,1708,2012,988,1500,1500,1500,1500,1500,1500,1500,1500,1500,1500,1500,1500,1500,1500,1500,1500,1500,1500,1500,1500,1500,1500,1500,1500,8.0
2026-05-04,13:40:11.030,-0.01,1.05,0.72,-75,0,99,13,0,5,50,-64,100,15,"AIR",53.760164 -1.544413,55.5,123.50,21,9,11.6,2.6,458,66,-4.1,4,-4,324,-139,12,-1024,-93,-1024,1024,1,1,-1,-1,-1,1,-1,-1,-1,0x0000000000000000,1438,1498,1662,1501,2012,1562,2012,988,1500,1500,1500,1500,1500,1500,1500,1500,1500,1500,1500,1500,1500,1500,1500,1500,1500,1500,1500,1500,1500,1500,1500,1500,8.0
2026-05-04,13:40:11.530,-0.01,1.05,0.72,-67,0,100,13,0,5,50,-78,100,12,"AIR",53.760164 -1.544413,55.5,123.50,21,9,11.6,2.6,458,66,-4.1,3,-2,315,-8,12,-1024,-93,-1024,1024,1,1,-1,-1,-1,1,-1,-1,-1,0x0000000000000000,1497,1499,1657,1501,2012,1503,2012,988,1500,1500,1500,1500,1500,1500,1500,1500,1500,1500,1500,1500,1500,1500,1500,1500,1500,1500,1500,1500,1500,1500,1500,1500,8.0
2026-05-04,13:40:12.030,-0.01,1.05,0.72,-68,0,99,13,0,5,50,-68,100,13,"AIR",53.760164 -1.544413,55.5,123.50,21,9,11.6,4.5,464,63,-4.1,4,-1,318,-2,13,-1024,-93,-1024,1024,1,1,-1,-1,-1,1,-1,-1,-1,0x0000000000000000,1499,1500,1659,1501,2012,1501,2012,988,1500,1500,1500,1500,1500,1500,1500,1500,1500,1500,1500,1500,1500,1500,1500,1500,1500,1500,1500,1500,1500,1500,1500,1500,8.0
2026-05-04,13:40:12.530,-0.01,1.05,0.72,-69,0,99,13,0,5,50,-66,100,14,"AIR",53.760164 -1.544413,55.5,123.50,21,9,11.6,4.5,464,63,-4.1,166,-4,244,-4,12,-1024,-93,-1024,1024,1,1,-1,-1,-1,1,-1,-1,-1,0x0000000000000000,1498,1498,1622,1558,2012,1502,2012,988,1500,1500,1500,1500,1500,1500,1500,1500,1500,1500,1500,1500,1500,1500,1500,1500,1500,1500,1500,1500,1500,1500,1500,1500,8.0
2026-05-04,13:40:13.030,-0.05,0.52,2.94,-68,0,100,13,0,5,50,-55,100,14,"AIR",53.760164 -1.544413,55.5,123.50,21,9,11.6,4.5,464,63,-4.1,66,-373,245,-163,13,-1024,-93,-1024,1024,1,1,-1,-1,-1,1,-1,-1,-1,0x0000000000000000,1427,1330,1622,1523,2012,1573,2012,988,1500,1500,1500,1500,1500,1500,1500,1500,1500,1500,1500,1500,1500,1500,1500,1500,1500,1500,1500,1500,1500,1500,1500,1500,8.0
2026-05-04,13:40:13.530,-0.05,0.52,2.94,-64,0,100,14,0,5,50,-57,100,13,"AIR",53.760164 -1.544413,55.5,123.50,21,9,11.6,4.5,464,63,-4.1,42,-262,258,-209,13,-1024,-93,-1024,1024,1,1,-1,-1,-1,1,-1,-1,-1,0x0000000000000000,1406,1382,1629,1514,2012,1594,2012,988,1500,1500,1500,1500,1500,1500,1500,1500,1500,1500,1500,1500,1500,1500,1500,1500,1500,1500,1500,1500,1500,1500,1500,1500,8.0
2026-05-04,13:40:14.030,-0.05,0.52,2.94,-57,0,100,13,0,5,50,-48,100,14,"AIR",53.760164 -1.544413,55.5,123.50,21,9,11.6,4.5,464,63,-4.1,28,-260,354,-1,12,-1024,-93,-1024,1024,1,1,-1,-1,-1,1,-1,-1,-1,0x0000000000000000,1500,1383,1677,1510,2012,1500,2012,988,1500,1500,1500,1500,1500,1500,1500,1500,1500,1500,1500,1500,1500,1500,1500,1500,1500,1500,1500,1500,1500,1500,1500,1500,8.0
2026-05-04,13:40:14.530,-0.05,0.52,2.94,-54,0,99,14,0,5,50,-44,100,14,"AIR",53.760164 -1.544413,55.5,123.50,21,9,11.6,4.5,464,63,-2.0,7,-170,683,4,13,-1024,-93,-1024,1024,1,1,-1,-1,-1,1,-1,-1,-1,0x0000000000000000,1502,1424,1841,1502,2012,1498,2012,988,1500,1500,1500,1500,1500,1500,1500,1500,1500,1500,1500,1500,1500,1500,1500,1500,1500,1500,1500,1500,1500,1500,1500,1500,8.0
2026-05-04,13:40:15.030,-0.05,0.52,2.94,-56,0,99,14,0,5,50,-59,100,15,"AIR",53.760164 -1.544413,55.5,123.50,21,9,11.6,4.5,464,63,-2.0,5,-2,980,514,12,-1024,-93,-1024,1024,1,1,-1,-1,-1,1,-1,-1,-1,0x0000000000000000,1737,1499,1990,1501,2012,1263,2012,988,1500,1500,1500,1500,1500,1500,1500,1500,1500,1500,1500,1500,1500,1500,1500,1500,1500,1500,1500,1500,1500,1500,1500,1500,8.0
2026-05-04,13:40:15.530,-0.05,0.52,2.94,-65,0,100,14,0,5,50,-61,100,14,"AIR",53.760164 -1.544413,55.5,123.50,21,9,11.6,4.5,464,63,-2.0,3,-133,873,376,12,-1024,-93,-1024,1024,1,1,-1,-1,-1,1,-1,-1,-1,0x0000000000000000,1671,1440,1936,1501,2012,1329,2012,988,1500,1500,1500,1500,1500,1500,1500,1500,1500,1500,1500,1500,1500,1500,1500,1500,1500,1500,1500,1500,1500,1500,1500,1500,8.0
2026-05-04,13:40:16.030,-0.05,0.52,2.94,-67,0,99,13,0,5,50,-59,100,14,"AIR",53.759456 -1.544162,52.3,202.30,7,9,11.6,4.5,464,63,-2.0,3,-339,874,123,12,-1024,-93,-1024,1024,1,1,-1,-1,-1,1,-1,-1,-1,0x0000000000000000,1555,1346,1937,1501,2012,1445,2012,988,1500,1500,1500,1500,1500,1500,1500,1500,1500,1500,1500,1500,1500,1500,1500,1500,1500,1500,1500,1500,1500,1500,1500,1500,8.0
2026-05-04,13:40:16.530,-0.05,0.52,2.94,-67,0,99,14,0,5,50,-64,100,14,"AIR",53.759456 -1.544162,52.3,202.30,7,9,11.6,4.5,464,63,-2.0,3,-477,863,7,12,-1024,-93,-1024,1024,1,1,-1,-1,-1,1,-1,-1,-1,0x0000000000000000,1503,1281,1931,1501,2012,1497,2012,988,1500,1500,1500,1500,1500,1500,1500,1500,1500,1500,1500,1500,1500,1500,1500,1500,1500,1500,1500,1500,1500,1500,1500,1500,8.0
2026-05-04,13:40:17.030,-0.05,0.52,2.94,-73,0,99,13,0,5,50,-60,100,15,"AIR",53.759456 -1.544162,52.3,202.30,7,9,11.6,4.5,464,63,-2.0,3,-405,779,2,12,-1024,-93,-1024,1024,1,1,-1,-1,-1,1,-1,-1,-1,0x0000000000000000,1501,1315,1889,1501,2012,1499,2012,988,1500,1500,1500,1500,1500,1500,1500,1500,1500,1500,1500,1500,1500,1500,1500,1500,1500,1500,1500,1500,1500,1500,1500,1500,8.0
2026-05-04,13:40:17.530,-0.05,0.52,2.94,-65,0,100,14,0,5,50,-55,100,15,"AIR",53.759456 -1.544162,52.3,202.30,7,9,11.2,11.3,474,51,-2.0,4,-10,546,-512,13,-1024,-93,-1024,1024,1,1,-1,-1,-1,1,-1,-1,-1,0x0000000000000000,1264,1496,1773,1501,2012,1736,2012,988,1500,1500,1500,1500,1500,1500,1500,1500,1500,1500,1500,1500,1500,1500,1500,1500,1500,1500,1500,1500,1500,1500,1500,1500,8.0
2026-05-04,13:40:18.030,-0.05,0.52,2.94,-62,0,100,14,0,5,50,-54,100,13,"AIR",53.759456 -1.544162,52.3,202.30,7,9,11.2,11.3,474,51,-2.0,3,-7,354,-511,13,-1024,-93,-1024,1024,1,1,-1,-1,-1,1,-1,-1,-1,0x0000000000000000,1264,1497,1677,1501,2012,1736,2012,988,1500,1500,1500,1500,1500,1500,1500,1500,1500,1500,1500,1500,1500,1500,1500,1500,1500,1500,1500,1500,1500,1500,1500,1500,8.0
2026-05-04,13:40:18.530,-0.54,0.98,-2.02,-62,0,99,13,0,5,50,-52,100,14,"AIR",53.759456 -1.544162,52.3,202.30,7,9,11.2,11.3,474,51,-2.0,3,-1,298,-5,12,-1024,-93,-1024,1024,1,1,-1,-1,-1,1,-1,-1,-1,0x0000000000000000,1498,1500,1649,1501,2012,1502,2012,988,1500,1500,1500,1500,1500,1500,1500,1500,1500,1500,1500,1500,1500,1500,1500,1500,1500,1500,1500,1500,1500,1500,1500,1500,8.0
2026-05-04,13:40:19.030,-0.54,0.98,-2.02,-73,0,99,13,0,5,50,-62,100,14,"AIR",53.759456 -1.544162,52.3,202.30,7,9,11.2,11.3,474,51,-2.0,3,-92,297,1,12,-1024,-93,-1024,1024,1,1,-1,-1,-1,1,-1,-1,-1,0x0000000000000000,1500,1459,1648,1501,2012,1500,2012,988,1500,1500,1500,1500,1500,1500,1500,1500,1500,1500,1500,1500,1500,1500,1500,1500,1500,1500,1500,1500,1500,1500,1500,1500,8.0
2026-05-04,13:40:19.530,-0.54,0.98,-2.02,-68,0,100,14,0,5,50,-55,100,15,"AIR",53.759456 -1.544162,52.3,202.30,7,9,11.2,11.3,474,51,-2.0,3,-21,297,3,12,-1024,-93,-1024,1024,1,1,-1,-1,-1,1,-1,-1,-1,0x0000000000000000,1501,1491,1648,1501,2012,1499,2012,988,1500,1500,1500,1500,1500,1500,1500,1500,1500,1500,1500,1500,1500,1500,1500,1500,1500,1500,1500,1500,1500,1500,1500,1500,8.0
2026-05-04,13:40:20.030,-0.54,0.98,-2.02,-64,0,100,14,0,5,50,-62,100,14,"AIR",53.759456 -1.544162,52.3,202.30,7,9,11.2,11.3,474,51,-0.3,3,-414,201,355,12,-1024,-93,-1024,1024,1,1,-1,-1,-1,1,-1,-1,-1,0x0000000000000000,1661,1311,1600,1501,2012,1339,2012,988,1500,1500,1500,1500,1500,1500,1500,1500,1500,1500,1500,1500,1500,1500,1500,1500,1500,1500,1500,1500,1500,1500,1500,1500,8.0
2026-05-04,13:40:20.530,-0.54,0.98,-2.02,-69,0,100,13,0,5,50,-56,100,15,"AIR",53.759456 -1.544162,52.3,202.30,7,9,11.2,11.3,474,51,-0.3,6,-657,212,202,12,-1024,-93,-1024,1024,1,1,-1,-1,-1,1,-1,-1,-1,0x0000000000000000,1591,1191,1606,1502,2012,1409,2012,988,1500,1500,1500,1500,1500,1500,1500,1500,1500,1500,1500,1500,1500,1500,1500,1500,1500,1500,1500,1500,1500,1500,1500,1500,8.0
2026-05-04,13:40:21.030,-0.54,0.98,-2.02,-58,0,100,14,0,5,50,-51,100,14,"AIR",53.759456 -1.544162,52.3,202.30,7,9,11.2,11.3,474,51,-0.3,4,-704,306,-133,12,-1024,-93,-1024,1024,1,1,-1,-1,-1,1,-1,-1,-1,0x0000000000000000,1440,1167,1653,1501,2012,1560,2012,988,1500,1500,1500,1500,1500,1500,1500,1500,1500,1500,1500,1500,1500,1500,1500,1500,1500,1500,1500,1500,1500,1500,1500,1500,8.0
2026-05-04,13:40:21.530,-0.54,0.98,-2.02,-59,0,99,14,0,5,50,-50,100,14,"AIR",53.759206 -1.544902,42.3,304.00,15,9,11.2,11.3,474,51,-0.3,3,-1,645,-272,13,-1024,-93,-1024,1024,1,1,-1,-1,-1,1,-1,-1,-1,0x0000000000000000,1377,1500,1822,1501,2012,1623,2012,988,1500,1500,1500,1500,1500,1500,1500,1500,1500,1500,1500,1500,1500,1500,1500,1500,1500,1500,1500,1500,1500,1500,1500,1500,8.0
2026-05-04,13:40:22.030,-0.54,0.98,-2.02,-57,0,98,14,0,5,50,-51,100,14,"AIR",53.759206 -1.544902,42.3,304.00,15,9,11.2,11.3,474,51,-0.3,0,-17,437,-428,13,-1024,-93,-1024,1024,1,1,-1,-1,-1,1,-1,-1,-1,0x0000000000000000,1304,1493,1718,1500,2012,1696,2012,988,1500,1500,1500,1500,1500,1500,1500,1500,1500,1500,1500,1500,1500,1500,1500,1500,1500,1500,1500,1500,1500,1500,1500,1500,8.0
2026-05-04,13:40:22.530,-0.54,0.98,-2.02,-59,0,99,14,0,5,50,-50,100,14,"AIR",53.759206 -1.544902,42.3,304.00,15,9,11.2,11.3,474,51,-0.3,2,-2,438,-339,13,-1024,-93,-1024,1024,1,1,-1,-1,-1,1,-1,-1,-1,0x0000000000000000,1346,1499,1719,1500,2012,1654,2012,988,1500,1500,1500,1500,1500,1500,1500,1500,1500,1500,1500,1500,1500,1500,1500,1500,1500,1500,1500,1500,1500,1500,1500,1500,8.0
2026-05-04,13:40:23.030,-0.54,0.98,-2.02,-57,0,100,14,0,5,50,-50,100,13,"AIR",53.759206 -1.544902,42.3,304.00,15,9,11.4,7.0,484,57,-0.3,2,-2,439,-383,13,-1024,-93,-1024,1024,1,0,-1,-1,-1,1,-1,-1,-1,0x0000000000000000,1342,1500,1719,1500,2012,1658,1500,988,1500,1500,1500,1500,1500,1500,1500,1500,1500,1500,1500,1500,1500,1500,1500,1500,1500,1500,1500,1500,1500,1500,1500,1500,8.0
2026-05-04,13:40:23.530,-0.54,0.98,-2.02,-58,0,99,14,0,5,50,-71,100,12,"AIR",53.759206 -1.544902,42.3,304.00,15,9,11.4,7.0,484,57,-0.3,2,2,439,-1,12,-1024,-93,-1024,1024,1,0,-1,-1,-1,1,-1,-1,-1,0x0000000000000000,1500,1501,1719,1500,2012,1500,1500,988,1500,1500,1500,1500,1500,1500,1500,1500,1500,1500,1500,1500,1500,1500,1500,1500,1500,1500,1500,1500,1500,1500,1500,1500,8.0
2026-05-04,13:40:24.030,0.00,0.89,0.99,-65,0,98,14,0,5,50,-50,100,14,"AIR",53.759206 -1.544902,42.3,304.00,15,9,11.4,7.0,484,57,-0.3,3,-309,316,132,12,-1024,-93,-1024,1024,1,0,-1,-1,-1,1,-1,-1,-1,0x0000000000000000,1559,1360,1658,1501,2012,1441,1500,988,1500,1500,1500,1500,1500,1500,1500,1500,1500,1500,1500,1500,1500,1500,1500,1500,1500,1500,1500,1500,1500,1500,1500,1500,8.0
2026-05-04,13:40:24.530,0.00,0.89,0.99,-59,0,100,14,0,5,50,-55,100,14,"ANGL",53.759206 -1.544902,42.3,304.00,15,9,11.4,7.0,484,57,-0.3,3,-594,287,123,12,-1024,-93,-1024,1024,1,0,-1,-1,-1,1,-1,-1,-1,0x0000000000000000,1555,1215,1643,1501,2012,1445,1500,988,1500,1500,1500,1500,1500,1500,1500,1500,1500,1500,1500,1500,1500,1500,1500,1500,1500,1500,1500,1500,1500,1500,1500,1500,8.0
2026-05-04,13:40:25.030,0.00,0.89,0.99,-56,0,99,14,0,5,50,-47,100,13,"ANGL",53.759206 -1.544902,42.3,304.00,15,9,11.4,7.0,484,57,-0.3,3,-749,284,161,12,-1024,-93,-1024,1024,1,0,-1,-1,-1,1,-1,-1,-1,0x0000000000000000,1572,1143,1642,1501,2012,1428,1500,988,1500,1500,1500,1500,1500,1500,1500,1500,1500,1500,1500,1500,1500,1500,1500,1500,1500,1500,1500,1500,1500,1500,1500,1500,8.0
2026-05-04,13:40:25.530,0.00,0.89,0.99,-53,0,99,14,0,5,50,-43,100,13,"ANGL",53.759206 -1.544902,42.3,304.00,15,9,11.4,7.0,484,57,0.2,2,-438,404,103,12,-1024,-93,-1024,1024,1,0,-1,-1,-1,1,-1,-1,-1,0x0000000000000000,1546,1299,1702,1500,2012,1454,1500,988,1500,1500,1500,1500,1500,1500,1500,1500,1500,1500,1500,1500,1500,1500,1500,1500,1500,1500,1500,1500,1500,1500,1500,1500,8.0
2026-05-04,13:40:26.030,0.00,0.89,0.99,-53,0,100,14,0,5,50,-48,100,13,"ANGL",53.759206 -1.544902,42.3,304.00,15,9,11.4,7.0,484,57,0.2,3,-219,515,594,12,-1024,-93,-1024,1024,1,0,-1,-1,-1,1,-1,-1,-1,0x0000000000000000,1777,1401,1757,1501,2012,1223,1500,988,1500,1500,1500,1500,1500,1500,1500,1500,1500,1500,1500,1500,1500,1500,1500,1500,1500,1500,1500,1500,1500,1500,1500,1500,8.0
2026-05-04,13:40:26.530,0.00,0.89,0.99,-52,0,100,14,0,5,50,-47,100,14,"ANGL",53.759206 -1.544902,42.3,304.00,15,9,11.4,7.0,484,57,0.2,2,-133,481,612,12,-1024,-93,-1024,1024,1,0,-1,-1,-1,1,-1,-1,-1,0x0000000000000000,1786,1440,1740,1500,2012,1214,1500,988,1500,1500,1500,1500,1500,1500,1500,1500,1500,1500,1500,1500,1500,1500,1500,1500,1500,1500,1500,1500,1500,1500,1500,1500,8.0
2026-05-04,13:40:27.030,0.00,0.89,0.99,-52,0,100,14,0,5,50,-44,100,15,"ANGL",53.759206 -1.544902,42.3,304.00,15,9,11.4,7.0,484,57,0.2,10,-856,510,407,12,-1024,-93,-1024,1024,1,0,-1,-1,-1,1,-1,-1,-1,0x0000000000000000,1686,1085,1755,1503,2012,1315,1500,988,1500,1500,1500,1500,1500,1500,1500,1500,1500,1500,1500,1500,1500,1500,1500,1500,1500,1500,1500,1500,1500,1500,1500,1500,8.0
2026-05-04,13:40:27.530,0.00,0.89,0.99,-57,0,100,13,0,5,50,-50,100,14,"ANGL",53.759637 -1.544263,50.9,63.50,12,9,11.4,7.0,484,57,0.2,3,-462,410,799,12,-1024,-93,-1024,1024,1,0,-1,-1,-1,1,-1,-1,-1,0x0000000000000000,1883,1288,1705,1501,2012,1117,1500,988,1500,1500,1500,1500,1500,1500,1500,1500,1500,1500,1500,1500,1500,1500,1500,1500,1500,1500,1500,1500,1500,1500,1500,1500,8.0
2026-05-04,13:40:28.030,0.00,0.89,0.99,-66,0,100,14,0,5,50,-65,100,13,"ANGL",53.759637 -1.544263,50.9,63.50,12,9,11.4,7.0,484,57,0.2,2,-593,451,416,12,-1024,-93,-1024,1024,1,0,-1,-1,-1,1,-1,-1,-1,0x0000000000000000,1690,1224,1725,1500,2012,1310,1500,988,1500,1500,1500,1500,1500,1500,1500,1500,1500,1500,1500,1500,1500,1500,1500,1500,1500,1500,1500,1500,1500,1500,1500,1500,8.0
2026-05-04,13:40:28.530,0.00,0.89,0.99,-67,0,100,14,0,5,50,-56,100,14,"ANGL",53.759637 -1.544263,50.9,63.50,12,9,11.4,6.8,493,57,0.2,3,-645,496,294,12,-1024,-93,-1024,1024,1,0,-1,-1,-1,1,-1,-1,-1,0x0000000000000000,1633,1198,1748,1501,2012,1367,1500,988,1500,1500,1500,1500,1500,1500,1500,1500,1500,1500,1500,1500,1500,1500,1500,1500,1500,1500,1500,1500,1500,1500,1500,1500,8.0
2026-05-04,13:40:29.030,0.00,0.89,0.99,-66,0,99,13,0,5,50,-56,100,14,"ANGL",53.759637 -1.544263,50.9,63.50,12,9,11.4,6.8,493,57,0.2,3,-314,517,934,12,-1024,-93,-1024,1024,1,0,-1,-1,-1,1,-1,-1,-1,0x0000000000000000,1959,1358,1758,1501,2012,1041,1500,988,1500,1500,1500,1500,1500,1500,1500,1500,1500,1500,1500,1500,1500,1500,1500,1500,1500,1500,1500,1500,1500,1500,1500,1500,8.0
2026-05-04,13:40:29.530,-0.30,0.50,1.32,-65,0,99,13,0,5,50,-57,100,14,"ANGL",53.759637 -1.544263,50.9,63.50,12,9,11.4,6.8,493,57,0.2,3,-556,549,661,12,-1024,-93,-1024,1024,1,0,-1,-1,-1,1,-1,-1,-1,0x0000000000000000,1811,1242,1774,1501,2012,1189,1500,988,1500,1500,1500,1500,1500,1500,1500,1500,1500,1500,1500,1500,1500,1500,1500,1500,1500,1500,1500,1500,1500,1500,1500,1500,8.0
2026-05-04,13:40:30.030,-0.30,0.50,1.32,-67,0,100,14,0,5,50,-61,100,16,"ANGL",53.759637 -1.544263,50.9,63.50,12,9,11.4,6.8,493,57,0.2,2,-188,589,-132,12,-1024,-93,-1024,1024,1,0,-1,-1,-1,1,-1,-1,-1,0x0000000000000000,1441,1415,1794,1500,2012,1559,1500,988,1500,1500,1500,1500,1500,1500,1500,1500,1500,1500,1500,1500,1500,1500,1500,1500,1500,1500,1500,1500,1500,1500,1500,1500,8.0
2026-05-04,13:40:30.530,-0.30,0.50,1.32,-69,0,100,14,0,5,50,-71,100,14,"ANGL",53.759637 -1.544263,50.9,63.50,12,9,11.4,6.8,493,57,0.2,0,-178,573,-404,13,-1024,-93,-1024,1024,1,0,-1,-1,-1,1,-1,-1,-1,0x0000000000000000,1316,1420,1786,1500,2012,1684,1500,988,1500,1500,1500,1500,1500,1500,1500,1500,1500,1500,1500,1500,1500,1500,1500,1500,1500,1500,1500,1500,1500,1500,1500,1500,8.0
2026-05-04,13:40:31.030,-0.30,0.50,1.32,-78,0,99,12,0,5,50,-78,100,12,"ANGL",53.759637 -1.544263,50.9,63.50,12,9,11.4,6.8,493,57,-1.1,-292,-369,493,-638,13,-1024,-93,-1024,1024,1,0,-1,-1,-1,1,-1,-1,-1,0x0000000000000000,1201,1332,1746,1395,2012,1799,1500,988,1500,1500,1500,1500,1500,1500,1500,1500,1500,1500,1500,1500,1500,1500,1500,1500,1500,1500,1500,1500,1500,1500,1500,1500,8.0
2026-05-04,13:40:31.530,-0.30,0.50,1.32,-84,0,99,11,0,5,50,-79,100,12,"ANGL",53.759637 -1.544263,50.9,63.50,12,9,11.4,6.8,493,57,-1.1,-356,-362,476,-504,13,-1024,-93,-1024,1024,1,0,-1,-1,-1,1,-1,-1,-1,0x0000000000000000,1268,1335,1738,1369,2012,1732,1500,988,1500,1500,1500,1500,1500,1500,1500,1500,1500,1500,1500,1500,1500,1500,1500,1500,1500,1500,1500,1500,1500,1500,1500,1500,8.0
2026-05-04,13:40:32.030,-0.30,0.50,1.32,-87,0,99,11,0,5,50,-81,100,10,"ANGL",53.759637 -1.544263,50.9,63.50,12,9,11.4,6.8,493,57,-1.1,-363,-331,479,-739,13,-1024,-93,-1024,1024,1,0,-1,-1,-1,1,-1,-1,-1,0x0000000000000000,1149,1350,1739,1366,2012,1851,1500,988,1500,1500,1500,1500,1500,1500,1500,1500,1500,1500,1500,1500,1500,1500,1500,1500,1500,1500,1500,1500,1500,1500,1500,1500,8.0
2026-05-04,13:40:32.530,-0.30,0.50,1.32,-92,0,97,7,0,5,50,-80,100,9,"ANGL",53.759637 -1.544263,50.9,63.50,12,9,11.4,6.8,493,57,-1.1,-260,-274,479,-992,13,-1024,-93,-1024,1024,1,0,-1,-1,-1,1,-1,-1,-1,0x0000000000000000,1007,1376,1739,1407,2012,1993,1500,988,1500,1500,1500,1500,1500,1500,1500,1500,1500,1500,1500,1500,1500,1500,1500,1500,1500,1500,1500,1500,1500,1500,1500,1500,8.0
2026-05-04,13:40:33.030,-0.30,0.50,1.32,-94,0,94,6,0,5,50,-91,100,4,"ANGL",53.759870 -1.543219,52.5,76.50,13,9,11.4,6.8,493,57,-1.1,-44,-4,350,-323,13,-1024,-93,-1024,1024,1,0,-1,-1,-1,1,-1,-1,-1,0x0000000000000000,1354,1498,1675,1485,2012,1646,1500,988,1500,1500,1500,1500,1500,1500,1500,1500,1500,1500,1500,1500,1500,1500,1500,1500,1500,1500,1500,1500,1500,1500,1500,1500,8.0
2026-05-04,13:40:33.530,-0.30,0.50,1.32,-92,0,95,7,0,5,50,-83,100,10,"ANGL",53.759870 -1.543219,52.5,76.50,13,9,11.4,6.8,493,57,-1.1,0,-444,332,-839,13,-1024,-93,-1024,1024,1,0,-1,-1,-1,1,-1,-1,-1,0x0000000000000000,1095,1297,1666,1500,2012,1905,1500,988,1500,1500,1500,1500,1500,1500,1500,1500,1500,1500,1500,1500,1500,1500,1500,1500,1500,1500,1500,1500,1500,1500,1500,1500,8.0
2026-05-04,13:40:34.030,-0.30,0.50,1.32,-83,0,97,11,0,5,50,-75,100,13,"ANGL",53.759870 -1.543219,52.5,76.50,13,9,11.4,6.4,503,57,-1.1,-194,-400,336,-926,13,-1024,-93,-1024,1024,1,0,-1,-1,-1,1,-1,-1,-1,0x0000000000000000,1046,1317,1668,1431,2012,1954,1500,988,1500,1500,1500,1500,1500,1500,1500,1500,1500,1500,1500,1500,1500,1500,1500,1500,1500,1500,1500,1500,1500,1500,1500,1500,8.0
2026-05-04,13:40:34.530,-0.30,0.50,1.32,-85,0,100,11,0,5,50,-83,100,10,"ANGL",53.759870 -1.543219,52.5,76.50,13,9,11.4,6.4,503,57,-1.1,-1,-398,323,-552,13,-1024,-93,-1024,1024,1,0,-1,-1,-1,1,-1,-1,-1,0x0000000000000000,1244,1318,1661,1500,2012,1756,1500,988,1500,1500,1500,1500,1500,1500,1500,1500,1500,1500,1500,1500,1500,1500,1500,1500,1500,1500,1500,1500,1500,1500,1500,1500,8.0
2026-05-04,13:40:35.030,-0.03,-0.50,-0.28,-88,0,98,9,0,5,50,-83,100,11,"ANGL",53.759870 -1.543219,52.5,76.50,13,9,11.4,6.4,503,57,-1.1,0,-324,340,-640,13,-1024,-93,-1024,1024,1,0,-1,-1,-1,1,-1,-1,-1,0x0000000000000000,1200,1353,1670,1500,2012,1800,1500,988,1500,1500,1500,1500,1500,1500,1500,1500,1500,1500,1500,1500,1500,1500,1500,1500,1500,1500,1500,1500,1500,1500,1500,1500,8.0
2026-05-04,13:40:35.530,-0.03,-0.50,-0.28,-85,0,99,11,0,5,50,-70,100,14,"ANGL",53.759870 -1.543219,52.5,76.50,13,9,11.4,6.4,503,57,-1.1,-282,-177,402,-934,13,-1024,-93,-1024,1024,1,0,-1,-1,-1,1,-1,-1,-1,0x0000000000000000,1041,1420,1701,1398,2012,1959,1500,988,1500,1500,1500,1500,1500,1500,1500,1500,1500,1500,1500,1500,1500,1500,1500,1500,1500,1500,1500,1500,1500,1500,1500,1500,8.0
2026-05-04,13:40:36.030,-0.03,-0.50,-0.28,-75,0,99,13,0,5,50,-65,100,14,"ANGL",53.759870 -1.543219,52.5,76.50,13,9,11.4,6.4,503,57,-1.1,-1,-244,414,-665,13,-1024,-93,-1024,1024,1,0,-1,-1,-1,1,-1,-1,-1,0x0000000000000000,1187,1390,1707,1500,2012,1813,1500,988,1500,1500,1500,1500,1500,1500,1500,1500,1500,1500,1500,1500,1500,1500,1500,1500,1500,1500,1500,1500,1500,1500,1500,1500,8.0
2026-05-04,13:40:36.530,-0.03,-0.50,-0.28,-70,0,99,14,0,5,50,-63,100,14,"ANGL",53.759870 -1.543219,52.5,76.50,13,9,11.4,6.4,503,57,-1.1,0,-69,418,-630,13,-1024,-93,-1024,1024,1,0,-1,-1,-1,1,-1,-1,-1,0x0000000000000000,1229,1489,1709,1500,2012,1771,1500,988,1500,1500,1500,1500,1500,1500,1500,1500,1500,1500,1500,1500,1500,1500,1500,1500,1500,1500,1500,1500,1500,1500,1500,1500,8.0
2026-05-04,13:40:37.030,-0.03,-0.50,-0.28,-68,0,100,14,0,5,50,-58,100,13,"ANGL",53.759870 -1.543219,52.5,76.50,13,9,11.4,6.4,503,57,-1.1,0,-329,462,-491,13,-1024,-93,-1024,1024,1,0,-1,-1,-1,1,-1,-1,-1,0x0000000000000000,1274,1351,1731,1500,2012,1726,1500,988,1500,1500,1500,1500,1500,1500,1500,1500,1500,1500,1500,1500,1500,1500,1500,1500,1500,1500,1500,1500,1500,1500,1500,1500,8.0
2026-05-04,13:40:37.530,-0.03,-0.50,-0.28,-67,0,100,13,0,5,50,-61,100,13,"ANGL",53.759870 -1.543219,52.5,76.50,13,9,11.4,6.4,503,57,-1.1,0,-224,506,-778,13,-1024,-93,-1024,1024,1,0,-1,-1,-1,1,-1,-1,-1,0x0000000000000000,1128,1399,1753,1500,2012,1872,1500,988,1500,1500,1500,1500,1500,1500,1500,1500,1500,1500,1500,1500,1500,1500,1500,1500,1500,1500,1500,1500,1500,1500,1500,1500,8.0
2026-05-04,13:40:38.030,-0.03,-0.50,-0.28,-66,0,99,14,0,5,50,-59,100,15,"ANGL",53.759870 -1.543219,52.5,76.50,13,9,11.4,6.4,503,57,-1.1,0,-133,542,-701,13,-1024,-93,-1024,1024,1,0,-1,-1,-1,1,-1,-1,-1,0x0000000000000000,1169,1440,1771,1500,2012,1831,1500,988,1500,1500,1500,1500,1500,1500,1500,1500,1500,1500,1500,1500,1500,1500,1500,1500,1500,1500,1500,1500,1500,1500,1500,1500,8.0
2026-05-04,13:40:38.530,-0.03,-0.50,-0.28,-68,0,99,14,0,5,50,-64,100,14,"ANGL",53.760280 -1.543290,44.7,267.50,9,10,11.4,6.4,503,57,-1.1,1,-365,695,-287,13,-1024,-93,-1024,1024,1,0,-1,-1,-1,1,-1,-1,-1,0x0000000000000000,1370,1333,1854,1500,2012,1630,1500,988,1500,1500,1500,1500,1500,1500,1500,1500,1500,1500,1500,1500,1500,1500,1500,1500,1500,1500,1500,1500,1500,1500,1500,1500,8.0
2026-05-04,13:40:39.030,-0.03,-0.50,-0.28,-70,0,97,14,0,5,50,-66,100,16,"ANGL",53.760280 -1.543290,44.7,267.50,9,10,11.4,6.4,503,57,-1.1,0,-446,910,-742,13,-1024,-93,-1024,1024,1,0,-1,-1,-1,1,-1,-1,-1,0x0000000000000000,1147,1296,1955,1500,2012,1853,1500,988,1500,1500,1500,1500,1500,1500,1500,1500,1500,1500,1500,1500,1500,1500,1500,1500,1500,1500,1500,1500,1500,1500,1500,1500,8.0
2026-05-04,13:40:39.530,-0.03,-0.50,-0.28,-75,0,98,13,0,5,50,-67,100,14,"ANGL",53.760280 -1.543290,44.7,267.50,9,10,11.4,6.5,511,57,-1.1,0,-219,1017,-977,13,-1024,-93,-1024,1024,1,0,-1,-1,-1,1,-1,-1,-1,0x0000000000000000,1016,1401,2008,1500,2012,1984,1500,988,1500,1500,1500,1500,1500,1500,1500,1500,1500,1500,1500,1500,1500,1500,1500,1500,1500,1500,1500,1500,1500,1500,1500,1500,8.0
2026-05-04,13:40:40.030,-0.03,-0.50,-0.28,-68,0,99,14,0,5,50,-52,100,15,"ANGL",53.760280 -1.543290,44.7,267.50,9,10,11.4,6.5,511,57,-1.1,0,-301,1006,-831,13,-1024,-93,-1024,1024,1,0,-1,-1,-1,1,-1,-1,-1,0x0000000000000000,1099,1364,2003,1500,2012,1901,1500,988,1500,1500,1500,1500,1500,1500,1500,1500,1500,1500,1500,1500,1500,1500,1500,1500,1500,1500,1500,1500,1500,1500,1500,1500,8.0
2026-05-04,13:40:40.530,-0.12,-0.34,-1.82,-62,0,100,14,0,5,50,-50,100,13,"ANGL",53.760280 -1.543290,44.7,267.50,9,10,11.4,6.5,511,57,-1.1,1,-322,1002,-804,13,-1024,-93,-1024,1024,1,0,-1,-1,-1,1,-1,-1,-1,0x0000000000000000,1114,1354,2001,1500,2012,1886,1500,988,1500,1500,1500,1500,1500,1500,1500,1500,1500,1500,1500,1500,1500,1500,1500,1500,1500,1500,1500,1500,1500,1500,1500,1500,8.0
2026-05-04,13:40:41.030,-0.12,-0.34,-1.82,-60,0,100,14,0,5,50,-51,100,14,"ANGL",53.760280 -1.543290,44.7,267.50,9,10,11.4,6.5,511,57,-1.1,1,-363,1002,-835,13,-1024,-93,-1024,1024,1,0,-1,-1,-1,1,-1,-1,-1,0x0000000000000000,1097,1335,2001,1500,2012,1903,1500,988,1500,1500,1500,1500,1500,1500,1500,1500,1500,1500,1500,1500,1500,1500,1500,1500,1500,1500,1500,1500,1500,1500,1500,1500,8.0
2026-05-04,13:40:41.530,-0.12,-0.34,-1.82,-58,0,100,14,0,5,50,-52,100,13,"ANGL",53.760280 -1.543290,44.7,267.50,9,10,11.4,6.5,511,57,-1.1,9,-532,806,-754,13,-1024,-93,-1024,1024,1,0,-1,-1,-1,1,-1,-1,-1,0x0000000000000000,1141,1254,1903,1503,2012,1859,1500,988,1500,1500,1500,1500,1500,1500,1500,1500,1500,1500,1500,1500,1500,1500,1500,1500,1500,1500,1500,1500,1500,1500,1500,1500,8.0
2026-05-04,13:40:42.030,-0.12,-0.34,-1.82,-57,0,99,14,0,5,50,-55,100,14,"ANGL",53.760280 -1.543290,44.7,267.50,9,10,11.4,6.5,511,57,-1.2,4,-559,824,-725,13,-1024,-93,-1024,1024,1,0,-1,-1,-1,1,-1,-1,-1,0x0000000000000000,1156,1241,1912,1501,2012,1844,1500,988,1500,1500,1500,1500,1500,1500,1500,1500,1500,1500,1500,1500,1500,1500,1500,1500,1500,1500,1500,1500,1500,1500,1500,1500,8.0
2026-05-04,13:40:42.530,-0.12,-0.34,-1.82,-62,0,99,13,0,5,50,-47,100,14,"ANGL",53.760280 -1.543290,44.7,267.50,9,10,11.4,6.5,511,57,-1.2,3,-484,824,-793,13,-1024,-93,-1024,1024,1,0,-1,-1,-1,1,-1,-1,-1,0x0000000000000000,1120,1277,1911,1501,2012,1880,1500,988,1500,1500,1500,1500,1500,1500,1500,1500,1500,1500,1500,1500,1500,1500,1500,1500,1500,1500,1500,1500,1500,1500,1500,1500,8.0
2026-05-04,13:40:43.030,-0.12,-0.34,-1.82,-56,0,99,14,0,5,50,-62,100,14,"ANGL",53.760280 -1.543290,44.7,267.50,9,10,11.4,6.5,511,57,-1.2,3,-455,819,-692,13,-1024,-93,-1024,1024,1,0,-1,-1,-1,1,-1,-1,-1,0x0000000000000000,1173,1291,1909,1501,2012,1827,1500,988,1500,1500,1500,1500,1500,1500,1500,1500,1500,1500,1500,1500,1500,1500,1500,1500,1500,1500,1500,1500,1500,1500,1500,1500,8.0
2026-05-04,13:40:43.530,-0.12,-0.34,-1.82,-60,0,100,14,0,5,50,-46,100,13,"ANGL",53.760280 -1.543290,44.7,267.50,9,10,11.4,6.5,511,57,-1.2,5,-582,820,-620,13,-1024,-93,-1024,1024,1,0,-1,-1,-1,1,-1,-1,-1,0x0000000000000000,1210,1229,1910,1501,2012,1790,1500,988,1500,1500,1500,1500,1500,1500,1500,1500,1500,1500,1500,1500,1500,1500,1500,1500,1500,1500,1500,1500,1500,1500,1500,1500,8.0
2026-05-04,13:40:44.030,-0.12,-0.34,-1.82,-61,0,100,14,0,5,50,-55,100,14,"ANGL",53.759924 -1.544264,62.5,220.30,7,10,11.4,6.5,511,57,-1.2,5,-615,810,-646,13,-1024,-93,-1024,1024,1,0,-1,-1,-1,1,-1,-1,-1,0x0000000000000000,1197,1213,1905,1501,2012,1803,1500,988,1500,1500,1500,1500,1500,1500,1500,1500,1500,1500,1500,1500,1500,1500,1500,1500,1500,1500,1500,1500,1500,1500,1500,1500,8.0
2026-05-04,13:40:44.530,-0.12,-0.34,-1.82,-60,0,100,14,0,5,50,-51,100,13,"ANGL",53.759924 -1.544264,62.5,220.30,7,10,11.4,6.5,511,57,-1.2,4,-501,811,-539,13,-1024,-93,-1024,1024,1,0,-1,-1,-1,1,-1,-1,-1,0x0000000000000000,1251,1269,1905,1501,2012,1749,1500,988,1500,1500,1500,1500,1500,1500,1500,1500,1500,1500,1500,1500,1500,1500,1500,1500,1500,1500,1500,1500,1500,1500,1500,1500,8.0
2026-05-04,13:40:45.030,-0.12,-0.34,-1.82,-62,0,100,14,0,5,50,-59,100,14,"ANGL",53.759924 -1.544264,62.5,220.30,7,10,11.2,9.8,528,50,-1.2,3,0,788,-2,12,-1024,-93,-1024,1024,1,0,-1,-1,-1,1,-1,-1,-1,0x0000000000000000,1499,1500,1894,1501,2012,1501,1500,988,1500,1500,1500,1500,1500,1500,1500,1500,1500,1500,1500,1500,1500,1500,1500,1500,1500,1500,1500,1500,1500,1500,1500,1500,8.0
2026-05-04,13:40:45.530,-0.12,-0.34,-1.82,-68,0,99,14,0,5,50,-64,100,16,"ANGL",53.759924 -1.544264,62.5,220.30,7,10,11.2,9.8,528,50,-1.2,3,-122,728,255,12,-1024,-93,-1024,1024,1,0,-1,-1,-1,1,-1,-1,-1,0x0000000000000000,1615,1445,1864,1501,2012,1385,1500,988,1500,1500,1500,1500,1500,1500,1500,1500,1500,1500,1500,1500,1500,1500,1500,1500,1500,1500,1500,1500,1500,1500,1500,1500,8.0
2026-05-04,13:40:46.030,-0.21,-0.24,-2.43,-64,0,100,14,0,5,50,-59,100,15,"ANGL",53.759924 -1.544264,62.5,220.30,7,10,11.2,9.8,528,50,-1.2,9,-713,744,583,12,-1024,-93,-1024,1024,1,0,-1,-1,-1,1,-1,-1,-1,0x0000000000000000,1771,1162,1872,1503,2012,1229,1500,988,1500,1500,1500,1500,1500,1500,1500,1500,1500,1500,1500,1500,1500,1500,1500,1500,1500,1500,1500,1500,1500,1500,1500,1500,8.0
2026-05-04,13:40:46.530,-0.21,-0.24,-2.43,-68,0,100,13,0,5,50,-65,100,14,"ANGL",53.759924 -1.544264,62.5,220.30,7,10,11.2,9.8,528,50,-1.2,7,-411,770,871,12,-1024,-93,-1024,1024,1,0,-1,-1,-1,1,-1,-1,-1,0x0000000000000000,1923,1312,1885,1502,2012,1077,1500,988,1500,1500,1500,1500,1500,1500,1500,1500,1500,1500,1500,1500,1500,1500,1500,1500,1500,1500,1500,1500,1500,1500,1500,1500,8.0
2026-05-04,13:40:47.030,-0.21,-0.24,-2.43,-74,0,100,13,0,5,50,-72,100,13,"ANGL",53.759924 -1.544264,62.5,220.30,7,10,11.2,9.8,528,50,-1.2,192,-753,781,537,12,-1024,-93,-1024,1024,1,0,-1,-1,-1,1,-1,-1,-1,0x0000000000000000,1748,1141,1890,1568,2012,1252,1500,988,1500,1500,1500,1500,1500,1500,1500,1500,1500,1500,1500,1500,1500,1500,1500,1500,1500,1500,1500,1500,1500,1500,1500,1500,8.0
2026-05-04,13:40:47.530,-0.21,-0.24,-2.43,-74,0,100,13,0,5,50,-67,100,13,"ANGL",53.759924 -1.544264,62.5,220.30,7,10,11.2,9.8,528,50,-1.2,204,-605,855,773,12,-1024,-93,-1024,1024,1,0,-1,-1,-1,1,-1,-1,-1,0x0000000000000000,1869,1218,1927,1572,2012,1131,1500,988,1500,1500,1500,1500,1500,1500,1500,1500,1500,1500,1500,1500,1500,1500,1500,1500,1500,1500,1500,1500,1500,1500,1500,1500,8.0
2026-05-04,13:40:48.030,-0.21,-0.24,-2.43,-74,0,96,13,0,5,50,-72,100,13,"ANGL",53.759924 -1.544264,62.5,220.30,7,10,11.2,9.8,528,50,0.7,202,-481,903,842,12,-1024,-93,-1024,1024,1,0,-1,-1,-1,1,-1,-1,-1,0x0000000000000000,1907,1279,1951,1572,2012,1093,1500,988,1500,1500,1500,1500,1500,1500,1500,1500,1500,1500,1500,1500,1500,1500,1500,1500,1500,1500,1500,1500,1500,1500,1500,1500,8.0
2026-05-04,13:40:48.530,-0.21,-0.24,-2.43,-72,0,98,13,0,5,50,-58,100,13,"ANGL",53.759924 -1.544264,62.5,220.30,7,10,11.2,9.8,528,50,0.7,261,-447,887,935,12,-1024,-93,-1024,1024,1,0,-1,-1,-1,1,-1,-1,-1,0x0000000000000000,1959,1295,1943,1593,2012,1041,1500,988,1500,1500,1500,1500,1500,1500,1500,1500,1500,1500,1500,1500,1500,1500,1500,1500,1500,1500,1500,1500,1500,1500,1500,1500,8.0
2026-05-04,13:40:49.030,-0.21,-0.24,-2.43,-64,0,97,14,0,5,50,-54,100,14,"ANGL",53.759924 -1.544264,62.5,220.30,7,10,11.2,9.8,528,50,0.7,209,-678,905,638,12,-1024,-93,-1024,1024,1,0,-1,-1,-1,1,-1,-1,-1,0x0000000000000000,1799,1181,1952,1574,2012,1201,1500,988,1500,1500,1500,1500,1500,1500,1500,1500,1500,1500,1500,1500,1500,1500,1500,1500,1500,1500,1500,1500,1500,1500,1500,1500,8.0
2026-05-04,13:40:49.530,-0.21,-0.24,-2.43,-66,0,100,14,0,5,50,-66,100,14,"ANGL",53.759310 -1.545016,54.9,245.80,15,10,11.2,9.8,528,50,0.7,225,-676,906,740,12,-1024,-93,-1024,1024,1,0,-1,-1,-1,1,-1,-1,-1,0x0000000000000000,1852,1182,1953,1580,2012,1148,1500,988,1500,1500,1500,1500,1500,1500,1500,1500,1500,1500,1500,1500,1500,1500,1500,1500,1500,1500,1500,1500,1500,1500,1500,1500,8.0
2026-05-04,13:40:50.030,-0.21,-0.24,-2.43,-69,0,99,13,0,5,50,-62,100,15,"ANGL",53.759310 -1.545016,54.9,245.80,15,10,11.2,9.8,528,50,0.7,230,-592,895,776,12,-1024,-93,-1024,1024,1,0,-1,-1,-1,1,-1,-1,-1,0x0000000000000000,1871,1224,1947,1582,2012,1129,1500,988,1500,1500,1500,1500,1500,1500,1500,1500,1500,1500,1500,1500,1500,1500,1500,1500,1500,1500,1500,1500,1500,1500,1500,1500,8.0
2026-05-04,13:40:50.530,-0.21,-0.24,-2.43,-66,0,99,14,0,5,50,-55,100,14,"ANGL",53.759310 -1.545016,54.9,245.80,15,10,11.1,11.0,543,47,0.7,233,-296,896,935,12,-1024,-93,-1024,1024,1,0,-1,-1,-1,1,-1,-1,-1,0x0000000000000000,1959,1366,1948,1583,2012,1041,1500,988,1500,1500,1500,1500,1500,1500,1500,1500,1500,1500,1500,1500,1500,1500,1500,1500,1500,1500,1500,1500,1500,1500,1500,1500,8.0
2026-05-04,13:40:51.030,-0.21,-0.24,-2.43,-63,0,98,14,0,5,50,-54,100,15,"ANGL",53.759310 -1.545016,54.9,245.80,15,10,11.1,11.0,543,47,0.7,279,-461,890,747,12,-1024,-93,-1024,1024,1,0,-1,-1,-1,1,-1,-1,-1,0x0000000000000000,1856,1288,1945,1600,2012,1144,1500,988,1500,1500,1500,1500,1500,1500,1500,1500,1500,1500,1500,1500,1500,1500,1500,1500,1500,1500,1500,1500,1500,1500,1500,1500,8.0
2026-05-04,13:40:51.530,-0.19,0.56,-0.21,-63,0,99,14,0,5,50,-55,100,14,"ANGL",53.759310 -1.545016,54.9,245.80,15,10,11.1,11.0,543,47,0.7,306,-562,885,684,12,-1024,-93,-1024,1024,1,0,-1,-1,-1,1,-1,-1,-1,0x0000000000000000,1823,1239,1942,1611,2012,1177,1500,988,1500,1500,1500,1500,1500,1500,1500,1500,1500,1500,1500,1500,1500,1500,1500,1500,1500,1500,1500,1500,1500,1500,1500,1500,8.0
2026-05-04,13:40:52.030,-0.19,0.56,-0.21,-63,0,100,13,0,5,50,-58,100,14,"ANGL",53.759310 -1.545016,54.9,245.80,15,10,11.1,11.0,543,47,0.7,257,-431,889,786,12,-1024,-93,-1024,1024,1,0,-1,-1,-1,1,-1,-1,-1,0x0000000000000000,1876,1303,1944,1592,2012,1124,1500,988,1500,1500,1500,1500,1500,1500,1500,1500,1500,1500,1500,1500,1500,1500,1500,1500,1500,1500,1500,1500,1500,1500,1500,1500,8.0
2026-05-04,13:40:52.530,-0.19,0.56,-0.21,-65,0,100,13,0,5,50,-55,100,14,"ANGL",53.759310 -1.545016,54.9,245.80,15,10,11.1,11.0,543,47,0.7,187,-449,876,826,11,-1024,-93,-1024,1024,1,0,-1,-1,-1,1,-1,-1,-1,0x0000000000000000,1899,1294,1938,1566,2012,1101,1500,988,1500,1500,1500,1500,1500,1500,1500,1500,1500,1500,1500,1500,1500,1500,1500,1500,1500,1500,1500,1500,1500,1500,1500,1500,8.0
2026-05-04,13:40:53.030,-0.19,0.56,-0.21,-63,0,100,14,0,5,50,-52,100,15,"ANGL",53.759310 -1.545016,54.9,245.80,15,10,11.1,11.0,543,47,0.7,140,-437,865,802,12,-1024,-93,-1024,1024,1,0,-1,-1,-1,1,-1,-1,-1,0x0000000000000000,1885,1300,1932,1549,2012,1115,1500,988,1500,1500,1500,1500,1500,1500,1500,1500,1500,1500,1500,1500,1500,1500,1500,1500,1500,1500,1500,1500,1500,1500,1500,1500,8.0
2026-05-04,13:40:53.530,-0.19,0.56,-0.21,-67,0,100,13,0,5,50,-68,100,14,"ANGL",53.759310 -1.545016,54.9,245.80,15,10,11.1,11.0,543,47,0.0,65,-253,879,730,12,-1024,-93,-1024,1024,1,0,-1,-1,-1,1,-1,-1,-1,0x0000000000000000,1847,1386,1939,1523,2012,1153,1500,988,1500,1500,1500,1500,1500,1500,1500,1500,1500,1500,1500,1500,1500,1500,1500,1500,1500,1500,1500,1500,1500,1500,1500,1500,8.0
2026-05-04,13:40:54.030,-0.19,0.56,-0.21,-67,0,100,14,0,5,50,-59,100,14,"ANGL",53.759310 -1.545016,54.9,245.80,15,10,11.1,11.0,543,47,0.0,3,1,845,-1,12,-1024,-93,-1024,1024,1,0,-1,-1,-1,1,-1,-1,-1,0x0000000000000000,1500,1500,1922,1501,2012,1500,1500,988,1500,1500,1500,1500,1500,1500,1500,1500,1500,1500,1500,1500,1500,1500,1500,1500,1500,1500,1500,1500,1500,1500,1500,1500,8.0
2026-05-04,13:40:54.530,-0.19,0.56,-0.21,-71,0,100,14,0,5,50,-65,100,13,"ANGL",53.759310 -1.545016,54.9,245.80,15,10,11.1,11.0,543,47,0.0,4,-126,898,217,12,-1024,-93,-1024,1024,1,0,-1,-1,-1,1,-1,-1,-1,0x0000000000000000,1597,1443,1949,1501,2012,1403,1500,988,1500,1500,1500,1500,1500,1500,1500,1500,1500,1500,1500,1500,1500,1500,1500,1500,1500,1500,1500,1500,1500,1500,1500,1500,8.0
2026-05-04,13:40:55.030,-0.19,0.56,-0.21,-69,0,100,14,0,5,50,-63,100,15,"ANGL",53.759839 -1.545285,64.4,59.90,18,10,11.1,11.0,543,47,0.0,2,1,835,0,12,-1024,-93,-1024,1024,1,0,-1,-1,-1,1,-1,-1,-1,0x0000000000000000,1500,1500,1917,1500,2012,1500,1500,988,1500,1500,1500,1500,1500,1500,1500,1500,1500,1500,1500,1500,1500,1500,1500,1500,1500,1500,1500,1500,1500,1500,1500,1500,8.0
2026-05-04,13:40:55.530,-0.19,0.56,-0.21,-64,0,100,14,0,5,50,-53,100,14,"ANGL",53.759839 -1.545285,64.4,59.90,18,10,11.1,11.0,543,47,0.0,4,-3,832,2,13,-1024,-93,-1024,1024,1,0,-1,-1,-1,1,-1,-1,-1,0x0000000000000000,1501,1499,1916,1501,2012,1499,1500,988,1500,1500,1500,1500,1500,1500,1500,1500,1500,1500,1500,1500,1500,1500,1500,1500,1500,1500,1500,1500,1500,1500,1500,1500,8.0
2026-05-04,13:40:56.030,-0.19,0.56,-0.21,-67,0,98,14,0,5,50,-62,100,16,"ANGL",53.759839 -1.545285,64.4,59.90,18,10,11.1,11.0,543,47,0.0,3,-495,873,257,12,-1024,-93,-1024,1024,1,0,-1,-1,-1,1,-1,-1,-1,0x0000000000000000,1616,1272,1936,1501,2012,1384,1500,988,1500,1500,1500,1500,1500,1500,1500,1500,1500,1500,1500,1500,1500,1500,1500,1500,1500,1500,1500,1500,1500,1500,1500,1500,8.0
2026-05-04,13:40:56.530,-0.19,0.56,-0.21,-60,0,99,13,0,5,50,-49,100,14,"ANGL",53.759839 -1.545285,64.4,59.90,18,10,11.1,10.4,559,47,0.0,2,-505,807,345,12,-1024,-93,-1024,1024,1,0,-1,-1,-1,1,-1,-1,-1,0x0000000000000000,1657,1267,1903,1500,2012,1343,1500,988,1500,1500,1500,1500,1500,1500,1500,1500,1500,1500,1500,1500,1500,1500,1500,1500,1500,1500,1500,1500,1500,1500,1500,1500,8.0
2026-05-04,13:40:57.030,-0.02,0.02,1.28,-61,0,99,13,0,5,50,-56,100,15,"ANGL",53.759839 -1.545285,64.4,59.90,18,10,11.1,10.4,559,47,0.0,2,-305,843,390,12,-1024,-93,-1024,1024,1,0,-1,-1,-1,1,-1,-1,-1,0x0000000000000000,1678,1362,1921,1500,2012,1322,1500,988,1500,1500,1500,1500,1500,1500,1500,1500,1500,1500,1500,1500,1500,1500,1500,1500,1500,1500,1500,1500,1500,1500,1500,1500,8.0
2026-05-04,13:40:57.530,-0.02,0.02,1.28,-60,0,98,13,0,5,50,-55,100,14,"ANGL",53.759839 -1.545285,64.4,59.90,18,10,11.1,10.4,559,47,0.0,1,-563,748,200,12,-1024,-93,-1024,1024,1,0,-1,-1,-1,1,-1,-1,-1,0x0000000000000000,1590,1239,1874,1500,2012,1410,1500,988,1500,1500,1500,1500,1500,1500,1500,1500,1500,1500,1500,1500,1500,1500,1500,1500,1500,1500,1500,1500,1500,1500,1500,1500,8.0
2026-05-04,13:40:58.030,-0.02,0.02,1.28,-64,0,98,14,0,5,50,-54,100,14,"ANGL",53.759839 -1.545285,64.4,59.90,18,10,11.1,10.4,559,47,0.0,2,-410,865,282,12,-1024,-93,-1024,1024,1,0,-1,-1,-1,1,-1,-1,-1,0x0000000000000000,1628,1313,1932,1500,2012,1372,1500,988,1500,1500,1500,1500,1500,1500,1500,1500,1500,1500,1500,1500,1500,1500,1500,1500,1500,1500,1500,1500,1500,1500,1500,1500,8.0
2026-05-04,13:40:58.530,-0.02,0.02,1.28,-61,0,99,14,0,5,50,-52,100,14,"ANGL",53.759839 -1.545285,64.4,59.90,18,10,11.1,10.4,559,47,0.0,1,-193,895,113,12,-1024,-93,-1024,1024,1,0,-1,-1,-1,1,-1,-1,-1,0x0000000000000000,1551,1413,1947,1500,2012,1454,1500,988,1500,1500,1500,1500,1500,1500,1500,1500,1500,1500,1500,1500,1500,1500,1500,1500,1500,1500,1500,1500,1500,1500,1500,1500,8.0
2026-05-04,13:40:59.030,-0.02,0.02,1.28,-60,0,100,14,0,5,50,-53,100,14,"ANGL",53.759839 -1.545285,64.4,59.90,18,10,11.1,10.4,559,47,1.8,0,0,892,-3,12,-1024,-93,-1024,1024,1,0,-1,-1,-1,1,-1,-1,-1,0x0000000000000000,1499,1500,1946,1500,2012,1501,1500,988,1500,1500,1500,1500,1500,1500,1500,1500,1500,1500,1500,1500,1500,1500,1500,1500,1500,1500,1500,1500,1500,1500,1500,1500,8.0
2026-05-04,13:40:59.530,-0.02,0.02,1.28,-66,0,100,14,0,5,50,-66,100,14,"ANGL",53.759839 -1.545285,64.4,59.90,18,10,11.1,10.4,559,47,1.8,-12,0,769,-422,12,-1024,-93,-1024,1024,1,0,-1,-1,-1,1,-1,-1,-1,0x0000000000000000,1307,1500,1884,1496,2012,1693,1500,988,1500,1500,1500,1500,1500,1500,1500,1500,1500,1500,1500,1500,1500,1500,1500,1500,1500,1500,1500,1500,1500,1500,1500,1500,8.0
2026-05-04,13:41:00.030,-0.02,0.02,1.28,-67,0,99,14,0,5,50,-67,100,15,"ANGL",53.759839 -1.545285,64.4,59.90,18,10,11.1,10.4,559,47,1.8,-417,-3,591,-611,13,-1024,-93,-1024,1024,1,0,-1,-1,-1,1,-1,-1,-1,0x0000000000000000,1215,1499,1795,1344,2012,1785,1500,988,1500,1500,1500,1500,1500,1500,1500,1500,1500,1500,1500,1500,1500,1500,1500,1500,1500,1500,1500,1500,1500,1500,1500,1500,8.0
2026-05-04,13:41:00.530,-0.02,0.02,1.28,-73,0,99,13,0,5,50,-73,100,13,"ANGL",53.760003 -1.543740,64.0,83.50,24,9,11.1,10.4,559,47,1.8,-625,-82,620,-701,13,-1024,-93,-1024,1024,1,0,-1,-1,-1,1,-1,-1,-1,0x0000000000000000,1169,1463,1810,1247,2012,1831,1500,988,1500,1500,1500,1500,1500,1500,1500,1500,1500,1500,1500,1500,1500,1500,1500,1500,1500,1500,1500,1500,1500,1500,1500,1500,8.0
2026-05-04,13:41:01.030,-0.02,0.02,1.28,-88,0,98,9,0,5,50,-86,100,9,"ANGL",53.760003 -1.543740,64.0,83.50,24,9,11.1,10.4,559,47,1.8,-649,-172,727,-661,13,-1024,-93,-1024,1024,1,0,-1,-1,-1,1,-1,-1,-1,0x0000000000000000,1189,1423,1863,1234,2012,1811,1500,988,1500,1500,1500,1500,1500,1500,1500,1500,1500,1500,1500,1500,1500,1500,1500,1500,1500,1500,1500,1500,1500,1500,1500,1500,8.0
2026-05-04,13:41:01.530,-0.02,0.02,1.28,-91,0,96,7,0,5,50,-89,100,5,"ANGL",53.760003 -1.543740,64.0,83.50,24,9,11.1,10.4,559,47,1.8,-702,-196,738,-643,13,-1024,-93,-1024,1024,1,0,-1,-1,-1,1,-1,-1,-1,0x0000000000000000,1199,1412,1869,1205,2012,1801,1500,988,1500,1500,1500,1500,1500,1500,1500,1500,1500,1500,1500,1500,1500,1500,1500,1500,1500,1500,1500,1500,1500,1500,1500,1500,8.0
2026-05-04,13:41:02.030,-0.02,0.02,1.28,-95,0,95,3,0,5,50,-84,100,11,"ANGL",53.760003 -1.543740,64.0,83.50,24,9,11.3,6.3,574,52,1.8,-689,-203,739,-611,13,-1024,-93,-1024,1024,1,0,-1,-1,-1,1,-1,-1,-1,0x0000000000000000,1215,1409,1869,1212,2012,1785,1500,988,1500,1500,1500,1500,1500,1500,1500,1500,1500,1500,1500,1500,1500,1500,1500,1500,1500,1500,1500,1500,1500,1500,1500,1500,8.0
2026-05-04,13:41:02.530,0.15,-0.57,0.00,-87,0,99,10,0,5,50,-78,100,12,"ANGL",53.760003 -1.543740,64.0,83.50,24,9,11.3,6.3,574,52,1.8,-675,-152,738,-527,13,-1024,-93,-1024,1024,1,0,-1,-1,-1,1,-1,-1,-1,0x0000000000000000,1256,1432,1869,1220,2012,1744,1500,988,1500,1500,1500,1500,1500,1500,1500,1500,1500,1500,1500,1500,1500,1500,1500,1500,1500,1500,1500,1500,1500,1500,1500,1500,8.0
2026-05-04,13:41:03.030,0.15,-0.57,0.00,-86,0,99,11,0,5,50,-77,100,13,"ANGL",53.760003 -1.543740,64.0,83.50,24,9,11.3,6.3,574,52,1.8,-676,-142,740,-520,13,-1024,-93,-1024,1024,1,0,-1,-1,-1,1,-1,-1,-1,0x0000000000000000,1260,1436,1870,1220,2012,1740,1500,988,1500,1500,1500,1500,1500,1500,1500,1500,1500,1500,1500,1500,1500,1500,1500,1500,1500,1500,1500,1500,1500,1500,1500,1500,8.0
2026-05-04,13:41:03.530,0.15,-0.57,0.00,-86,0,99,9,0,5,50,-83,100,12,"ANGL",53.760003 -1.543740,64.0,83.50,24,9,11.3,6.3,574,52,1.8,-567,-189,890,-544,13,-1024,-93,-1024,1024,1,0,-1,-1,-1,1,-1,-1,-1,0x0000000000000000,1248,1415,1945,1276,2012,1752,1500,988,1500,1500,1500,1500,1500,1500,1500,1500,1500,1500,1500,1500,1500,1500,1500,1500,1500,1500,1500,1500,1500,1500,1500,1500,8.0
2026-05-04,13:41:04.030,0.15,-0.57,0.00,-89,0,98,9,0,5,50,-74,100,12,"ANGL",53.760003 -1.543740,64.0,83.50,24,9,11.3,6.3,574,52,1.8,-460,-206,873,-543,13,-1024,-93,-1024,1024,1,0,-1,-1,-1,1,-1,-1,-1,0x0000000000000000,1249,1407,1936,1325,2012,1751,1500,988,1500,1500,1500,1500,1500,1500,1500,1500,1500,1500,1500,1500,1500,1500,1500,1500,1500,1500,1500,1500,1500,1500,1500,1500,8.0
2026-05-04,13:41:04.530,0.15,-0.57,0.00,-85,0,98,11,0,5,50,-83,100,12,"ANGL",53.760003 -1.543740,64.0,83.50,24,9,11.3,6.3,574,52,0.4,-377,-189,902,-490,12,-1024,-93,-1024,1024,1,0,-1,-1,-1,1,-1,-1,-1,0x0000000000000000,1274,1415,1951,1361,2012,1726,1500,988,1500,1500,1500,1500,1500,1500,1500,1500,1500,1500,1500,1500,1500,1500,1500,1500,1500,1500,1500,1500,1500,1500,1500,1500,8.0
2026-05-04,13:41:05.030,0.15,-0.57,0.00,-85,0,98,10,0,5,50,-82,100,9,"ANGL",53.760003 -1.543740,64.0,83.50,24,9,11.3,6.3,574,52,0.4,-339,-1,901,-189,12,-1024,-93,-1024,1024,1,0,-1,-1,-1,1,-1,-1,-1,0x0000000000000000,1415,1500,1950,1376,2012,1585,1500,988,1500,1500,1500,1500,1500,1500,1500,1500,1500,1500,1500,1500,1500,1500,1500,1500,1500,1500,1500,1500,1500,1500,1500,1500,8.0
2026-05-04,13:41:05.530,0.15,-0.57,0.00,-81,0,98,11,0,5,50,-77,100,12,"ANGL",53.760003 -1.543740,64.0,83.50,24,9,11.3,6.3,574,52,0.4,2,-231,1024,3,12,-1024,-93,-1024,1024,1,0,-1,-1,-1,1,-1,-1,-1,0x0000000000000000,1501,1396,2012,1500,2012,1499,1500,988,1500,1500,1500,1500,1500,1500,1500,1500,1500,1500,1500,1500,1500,1500,1500,1500,1500,1500,1500,1500,1500,1500,1500,1500,8.0
2026-05-04,13:41:06.030,0.15,-0.57,0.00,-79,0,100,12,0,5,50,-75,100,13,"ANGL",53.760378 -1.543243,44.0,267.60,25,9,11.3,6.3,574,52,0.4,1,-230,1024,62,12,-1024,-93,-1024,1024,1,0,-1,-1,-1,1,-1,-1,-1,0x0000000000000000,1533,1396,2012,1500,2012,1467,1500,988,1500,1500,1500,1500,1500,1500,1500,1500,1500,1500,1500,1500,1500,1500,1500,1500,1500,1500,1500,1500,1500,1500,1500,1500,8.0
2026-05-04,13:41:06.530,0.15,-0.57,0.00,-83,0,100,11,0,5,50,-75,100,13,"ANGL",53.760378 -1.543243,44.0,267.60,25,9,11.3,6.3,574,52,0.4,53,-124,1024,587,12,-1024,-93,-1024,1024,1,0,-1,-1,-1,1,-1,-1,-1,0x0000000000000000,1773,1444,2012,1518,2012,1227,1500,988,1500,1500,1500,1500,1500,1500,1500,1500,1500,1500,1500,1500,1500,1500,1500,1500,1500,1500,1500,1500,1500,1500,1500,1500,8.0
2026-05-04,13:41:07.030,0.15,-0.57,0.00,-82,0,98,12,0,5,50,-74,100,11,"ANGL",53.760378 -1.543243,44.0,267.60,25,9,11.3,6.3,574,52,0.4,98,-660,843,1,12,-1024,-93,-1024,1024,1,0,-1,-1,-1,1,-1,-1,-1,0x0000000000000000,1500,1190,1921,1534,2012,1500,1500,988,1500,1500,1500,1500,1500,1500,1500,1500,1500,1500,1500,1500,1500,1500,1500,1500,1500,1500,1500,1500,1500,1500,1500,1500,8.0
2026-05-04,13:41:07.530,0.15,-0.57,0.00,-85,0,95,11,0,5,50,-73,100,14,"ANGL",53.760378 -1.543243,44.0,267.60,25,9,11.0,13.0,590,41,0.4,210,-561,726,287,12,-1024,-93,-1024,1024,1,0,-1,-1,-1,1,-1,-1,-1,0x0000000000000000,1630,1240,1863,1574,2012,1370,1500,988,1500,1500,1500,1500,1500,1500,1500,1500,1500,1500,1500,1500,1500,1500,1500,1500,1500,1500,1500,1500,1500,1500,1500,1500,8.0
2026-05-04,13:41:08.030,0.00,0.26,-2.64,-82,0,96,12,0,5,50,-77,100,13,"ANGL",53.760378 -1.543243,44.0,267.60,25,9,11.0,13.0,590,41,0.4,368,-145,635,805,12,-1024,-93,-1024,1024,1,0,-1,-1,-1,1,-1,-1,-1,0x0000000000000000,1886,1435,1817,1636,2012,1114,1500,988,1500,1500,1500,1500,1500,1500,1500,1500,1500,1500,1500,1500,1500,1500,1500,1500,1500,1500,1500,1500,1500,1500,1500,1500,8.0
2026-05-04,13:41:08.530,0.00,0.26,-2.64,-81,0,99,11,0,5,50,-78,100,12,"ANGL",53.760378 -1.543243,44.0,267.60,25,9,11.0,13.0,590,41,0.4,343,-633,661,71,12,-1024,-93,-1024,1024,1,0,-1,-1,-1,1,-1,-1,-1,0x0000000000000000,1532,1204,1830,1625,2012,1468,1500,988,1500,1500,1500,1500,1500,1500,1500,1500,1500,1500,1500,1500,1500,1500,1500,1500,1500,1500,1500,1500,1500,1500,1500,1500,8.0
2026-05-04,13:41:09.030,0.00,0.26,-2.64,-80,0,100,11,0,5,50,-73,100,14,"ANGL",53.760378 -1.543243,44.0,267.60,25,9,11.0,13.0,590,41,0.4,429,-407,636,177,12,-1024,-93,-1024,1024,1,0,-1,-1,-1,1,-1,-1,-1,0x0000000000000000,1580,1314,1818,1661,2012,1420,1500,988,1500,1500,1500,1500,1500,1500,1500,1500,1500,1500,1500,1500,1500,1500,1500,1500,1500,1500,1500,1500,1500,1500,1500,1500,8.0
2026-05-04,13:41:09.530,0.00,0.26,-2.64,-81,0,100,11,0,5,50,-81,100,5,"ANGL",53.760378 -1.543243,44.0,267.60,25,9,11.0,13.0,590,41,0.4,300,-7,633,3,12,-1024,-93,-1024,1024,1,0,-1,-1,-1,1,-1,-1,-1,0x0000000000000000,1501,1497,1816,1609,2012,1499,1500,988,1500,1500,1500,1500,1500,1500,1500,1500,1500,1500,1500,1500,1500,1500,1500,1500,1500,1500,1500,1500,1500,1500,1500,1500,8.0
2026-05-04,13:41:10.030,0.00,0.26,-2.64,-80,0,98,11,0,5,50,-70,100,13,"ANGL",53.760378 -1.543243,44.0,267.60,25,9,11.0,13.0,590,41,0.4,218,2,668,-1,12,-1024,-93,-1024,1024,1,0,-1,-1,-1,1,-1,-1,-1,0x0000000000000000,1500,1501,1834,1577,2012,1500,1500,988,1500,1500,1500,1500,1500,1500,1500,1500,1500,1500,1500,1500,1500,1500,1500,1500,1500,1500,1500,1500,1500,1500,1500,1500,8.0
2026-05-04,13:41:10.530,0.00,0.26,-2.64,-79,0,97,13,0,5,50,-73,100,13,"ANGL",53.760378 -1.543243,44.0,267.60,25,9,11.0,13.0,590,41,0.4,198,2,599,0,12,-1024,-93,-1024,1024,1,0,-1,-1,-1,1,-1,-1,-1,0x0000000000000000,1500,1501,1799,1570,2012,1500,1500,988,1500,1500,1500,1500,1500,1500,1500,1500,1500,1500,1500,1500,1500,1500,1500,1500,1500,1500,1500,1500,1500,1500,1500,1500,8.0
2026-05-04,13:41:11.030,0.00,0.26,-2.64,-76,0,100,12,0,5,50,-71,100,13,"ANGL",53.760378 -1.543243,44.0,267.60,25,9,11.0,13.0,590,41,0.4,6,2,648,-1,12,-1024,-93,-1024,1024,1,0,-1,1,-1,1,-1,-1,-1,0x0000000000000000,1500,1501,1824,1502,2012,1500,1500,2012,1500,1500,1500,1500,1500,1500,1500,1500,1500,1500,1500,1500,1500,1500,1500,1500,1500,1500,1500,1500,1500,1500,1500,1500,8.0
2026-05-04,13:41:11.530,0.00,0.26,-2.64,-72,0,99,12,0,5,50,-60,100,13,"ANGL",53.759779 -1.543680,52.8,216.20,22,10,11.0,13.0,590,41,0.4,2,2,620,-1,12,-1024,-93,-1024,1024,1,0,-1,1,-1,1,-1,-1,-1,0x0000000000000000,1500,1501,1810,1500,2012,1500,1500,2012,1500,1500,1500,1500,1500,1500,1500,1500,1500,1500,1500,1500,1500,1500,1500,1500,1500,1500,1500,1500,1500,1500,1500,1500,8.0
2026-05-04,13:41:12.030,0.00,0.26,-2.64,-73,0,99,12,0,5,50,-66,100,14,"ANGL",53.759779 -1.543680,52.8,216.20,22,10,11.0,13.0,590,41,0.4,4,3,634,0,12,-1024,-93,-1024,1024,1,0,-1,1,-1,1,-1,-1,-1,0x0000000000000000,1500,1501,1817,1501,2012,1500,1500,2012,1500,1500,1500,1500,1500,1500,1500,1500,1500,1500,1500,1500,1500,1500,1500,1500,1500,1500,1500,1500,1500,1500,1500,1500,8.0
2026-05-04,13:41:12.530,0.00,0.26,-2.64,-66,0,99,14,0,5,50,-53,100,13,"ANGL",53.759779 -1.543680,52.8,216.20,22,10,11.0,13.0,590,41,0.4,5,0,803,-1,12,-1024,-93,-1024,1024,1,0,-1,1,-1,1,-1,-1,-1,0x0000000000000000,1500,1500,1901,1501,2012,1500,1500,2012,1500,1500,1500,1500,1500,1500,1500,1500,1500,1500,1500,1500,1500,1500,1500,1500,1500,1500,1500,1500,1500,1500,1500,1500,8.0
2026-05-04,13:41:13.030,0.00,0.26,-2.64,-68,0,99,14,0,5,50,-60,100,15,"ANGL",53.759779 -1.543680,52.8,216.20,22,10,11.4,3.1,603,57,0.4,3,2,740,1,12,-1024,-93,-1024,1024,1,0,-1,1,-1,1,-1,-1,-1,0x0000000000000000,1500,1501,1870,1501,2012,1500,1500,2012,1500,1500,1500,1500,1500,1500,1500,1500,1500,1500,1500,1500,1500,1500,1500,1500,1500,1500,1500,1500,1500,1500,1500,1500,8.0
2026-05-04,13:41:13.530,0.00,0.26,-2.64,-66,0,99,14,0,5,50,-55,100,14,"ANGL",53.759779 -1.543680,52.8,216.20,22,10,11.4,3.1,603,57,0.4,3,3,709,-1,12,-1024,-93,-1024,1024,1,0,-1,1,-1,1,-1,-1,-1,0x0000000000000000,1500,1501,1854,1501,2012,1500,1500,2012,1500,1500,1500,1500,1500,1500,1500,1500,1500,1500,1500,1500,1500,1500,1500,1500,1500,1500,1500,1500,1500,1500,1500,1500,8.0
2026-05-04,13:41:14.030,0.03,0.56,-1.18,-63,0,100,14,0,5,50,-52,100,14,"ANGL",53.759779 -1.543680,52.8,216.20,22,10,11.4,3.1,603,57,0.4,3,2,701,-1,12,-1024,-93,-1024,1024,1,0,-1,1,-1,1,-1,-1,-1,0x0000000000000000,1500,1501,1850,1501,2012,1500,1500,2012,1500,1500,1500,1500,1500,1500,1500,1500,1500,1500,1500,1500,1500,1500,1500,1500,1500,1500,1500,1500,1500,1500,1500,1500,8.0
2026-05-04,13:41:14.530,0.03,0.56,-1.18,-61,0,99,14,0,5,50,-56,100,15,"HOLD",53.759779 -1.543680,52.8,216.20,22,10,11.4,3.1,603,57,0.4,3,2,699,0,12,-1024,-93,-1024,1024,1,0,-1,1,-1,1,-1,-1,-1,0x0000000000000000,1500,1501,1849,1501,2012,1500,1500,2012,1500,1500,1500,1500,1500,1500,1500,1500,1500,1500,1500,1500,1500,1500,1500,1500,1500,1500,1500,1500,1500,1500,1500,1500,8.0
2026-05-04,13:41:15.030,0.03,0.56,-1.18,-60,0,100,14,0,5,50,-54,100,14,"HOLD",53.759779 -1.543680,52.8,216.20,22,10,11.4,3.1,603,57,0.4,3,2,699,0,12,-1024,-93,-1024,1024,1,0,-1,1,-1,1,-1,-1,-1,0x0000000000000000,1500,1501,1849,1501,2012,1500,1500,2012,1500,1500,1500,1500,1500,1500,1500,1500,1500,1500,1500,1500,1500,1500,1500,1500,1500,1500,1500,1500,1500,1500,1500,1500,8.0
2026-05-04,13:41:15.530,0.03,0.56,-1.18,-61,0,99,14,0,5,50,-49,100,15,"HOLD",53.759779 -1.543680,52.8,216.20,22,10,11.4,3.1,603,57,-0.1,3,2,698,-1,12,-1024,-93,-1024,1024,1,0,-1,1,-1,1,-1,-1,-1,0x0000000000000000,1500,1501,1849,1501,2012,1500,1500,2012,1500,1500,1500,1500,1500,1500,1500,1500,1500,1500,1500,1500,1500,1500,1500,1500,1500,1500,1500,1500,1500,1500,1500,1500,8.0
2026-05-04,13:41:16.030,0.03,0.56,-1.18,-59,0,99,14,0,5,50,-52,100,13,"HOLD",53.759779 -1.543680,52.8,216.20,22,10,11.4,3.1,603,57,-0.1,2,2,696,-1,12,-1024,-93,-1024,1024,1,0,-1,1,-1,1,-1,-1,-1,0x0000000000000000,1500,1501,1848,1500,2012,1500,1500,2012,1500,1500,1500,1500,1500,1500,1500,1500,1500,1500,1500,1500,1500,1500,1500,1500,1500,1500,1500,1500,1500,1500,1500,1500,8.0
2026-05-04,13:41:16.530,0.03,0.56,-1.18,-60,0,99,14,0,5,50,-55,100,15,"HOLD",53.759779 -1.543680,52.8,216.20,22,10,11.4,3.1,603,57,-0.1,2,2,690,-1,12,-1024,-93,-1024,1024,1,0,-1,1,-1,1,-1,-1,-1,0x0000000000000000,1500,1501,1845,1500,2012,1500,1500,2012,1500,1500,1500,1500,1500,1500,1500,1500,1500,1500,1500,1500,1500,1500,1500,1500,1500,1500,1500,1500,1500,1500,1500,1500,8.0
2026-05-04,13:41:17.030,0.03,0.56,-1.18,-64,0,98,14,0,5,50,-56,100,14,"HOLD",53.759827 -1.544619,49.2,-313.56,21,10,11.4,3.1,603,57,-0.1,2,2,687,-1,12,-1024,-93,-1024,1024,1,0,-1,1,-1,1,-1,-1,-1,0x0000000000000000,1500,1501,1843,1500,2012,1500,1500,2012,1500,1500,1500,1500,1500,1500,1500,1500,1500,1500,1500,1500,1500,1500,1500,1500,1500,1500,1500,1500,1500,1500,1500,1500,8.0
2026-05-04,13:41:17.530,0.03,0.56,-1.18,-59,0,100,14,0,5,50,-50,100,14,"HOLD",53.759827 -1.544619,49.2,-313.56,21,10,11.4,3.1,603,57,-0.1,3,2,688,-1,12,-1024,-93,-1024,1024,1,0,-1,1,-1,1,-1,-1,-1,0x0000000000000000,1500,1501,1844,1501,2012,1500,1500,2012,1500,1500,1500,1500,1500,1500,1500,1500,1500,1500,1500,1500,1500,1500,1500,1500,1500,1500,1500,1500,1500,1500,1500,1500,8.0
2026-05-04,13:41:18.030,0.03,0.56,-1.18,-59,0,100,14,0,5,50,-50,100,14,"HOLD",53.759827 -1.544619,49.2,-313.56,21,10,11.4,3.1,603,57,-0.1,3,2,710,-1,13,-1024,-93,-1024,1024,1,0,-1,1,-1,1,-1,-1,-1,0x0000000000000000,1500,1501,1855,1501,2012,1500,1500,2012,1500,1500,1500,1500,1500,1500,1500,1500,1500,1500,1500,1500,1500,1500,1500,1500,1500,1500,1500,1500,1500,1500,1500,1500,8.0
2026-05-04,13:41:18.530,0.03,0.56,-1.18,-56,0,99,14,0,5,50,-48,100,14,"HOLD",53.759827 -1.544619,49.2,-313.56,21,10,11.4,3.7,608,58,-0.1,2,2,707,-1,12,-1024,-93,-1024,1024,1,0,-1,1,-1,1,-1,-1,-1,0x0000000000000000,1500,1501,1853,1500,2012,1500,1500,2012,1500,1500,1500,1500,1500,1500,1500,1500,1500,1500,1500,1500,1500,1500,1500,1500,1500,1500,1500,1500,1500,1500,1500,1500,8.0
2026-05-04,13:41:19.030,0.03,0.56,-1.18,-56,0,99,14,0,5,50,-49,100,15,"HOLD",53.759827 -1.544619,49.2,-313.56,21,10,11.4,3.7,608,58,-0.1,2,2,707,0,13,-1024,-93,-1024,1024,1,0,-1,1,-1,1,-1,-1,-1,0x0000000000000000,1500,1501,1853,1500,2012,1500,1500,2012,1500,1500,1500,1500,1500,1500,1500,1500,1500,1500,1500,1500,1500,1500,1500,1500,1500,1500,1500,1500,1500,1500,1500,1500,8.0
2026-05-04,13:41:19.530,-0.19,0.31,0.86,-56,0,99,14,0,5,50,-49,100,15,"HOLD",53.759827 -1.544619,49.2,-313.56,21,10,11.4,3.7,608,58,-0.1,2,2,703,-1,13,-1024,-93,-1024,1024,1,0,-1,1,-1,1,-1,-1,-1,0x0000000000000000,1500,1501,1851,1500,2012,1500,1500,2012,1500,1500,1500,1500,1500,1500,1500,1500,1500,1500,1500,1500,1500,1500,1500,1500,1500,1500,1500,1500,1500,1500,1500,1500,8.0
2026-05-04,13:41:20.030,-0.19,0.31,0.86,-57,0,100,14,0,5,50,-49,100,14,"HOLD",53.759827 -1.544619,49.2,-313.56,21,10,11.4,3.7,608,58,-0.1,2,2,693,-1,12,-1024,-93,-1024,1024,1,0,-1,1,-1,1,-1,-1,-1,0x0000000000000000,1500,1501,1846,1500,2012,1500,1500,2012,1500,1500,1500,1500,1500,1500,1500,1500,1500,1500,1500,1500,1500,1500,1500,1500,1500,1500,1500,1500,1500,1500,1500,1500,8.0
2026-05-04,13:41:20.530,-0.19,0.31,0.86,-57,0,99,14,0,5,50,-51,100,14,"HOLD",53.759827 -1.544619,49.2,-313.56,21,10,11.4,3.7,608,58,-0.1,3,2,693,-1,12,-1024,-93,-1024,1024,1,0,-1,1,-1,1,-1,-1,-1,0x0000000000000000,1500,1501,1846,1501,2012,1500,1500,2012,1500,1500,1500,1500,1500,1500,1500,1500,1500,1500,1500,1500,1500,1500,1500,1500,1500,1500,1500,1500,1500,1500,1500,1500,8.0
2026-05-04,13:41:21.030,-0.19,0.31,0.86,-60,0,98,14,0,5,50,-60,100,14,"HOLD",53.759827 -1.544619,49.2,-313.56,21,10,11.4,3.7,608,58,-0.5,3,2,693,0,13,-1024,-93,-1024,1024,1,0,-1,1,-1,1,-1,-1,-1,0x0000000000000000,1500,1501,1846,1501,2012,1500,1500,2012,1500,1500,1500,1500,1500,1500,1500,1500,1500,1500,1500,1500,1500,1500,1500,1500,1500,1500,1500,1500,1500,1500,1500,1500,8.0
2026-05-04,13:41:21.530,-0.19,0.31,0.86,-64,0,99,14,0,5,50,-66,100,14,"HOLD",53.759827 -1.544619,49.2,-313.56,21,10,11.4,3.7,608,58,-0.5,3,2,693,-1,12,-1024,-93,-1024,1024,1,0,-1,1,-1,1,-1,-1,-1,0x0000000000000000,1500,1501,1846,1501,2012,1500,1500,2012,1500,1500,1500,1500,1500,1500,1500,1500,1500,1500,1500,1500,1500,1500,1500,1500,1500,1500,1500,1500,1500,1500,1500,1500,8.0
2026-05-04,13:41:22.030,-0.19,0.31,0.86,-67,0,100,14,0,5,50,-55,100,14,"HOLD",53.759827 -1.544619,49.2,-313.56,21,10,11.4,3.7,608,58,-0.5,3,2,699,-1,12,-1024,-93,-1024,1024,1,0,-1,1,-1,1,-1,-1,-1,0x0000000000000000,1500,1501,1849,1501,2012,1500,1500,2012,1500,1500,1500,1500,1500,1500,1500,1500,1500,1500,1500,1500,1500,1500,1500,1500,1500,1500,1500,1500,1500,1500,1500,1500,8.0
2026-05-04,13:41:22.530,-0.19,0.31,0.86,-63,0,99,14,0,5,50,-52,100,15,"HOLD",53.760241 -1.544048,43.3,76.10,20,10,11.4,3.7,608,58,-0.5,2,2,676,-1,12,-1024,-93,-1024,1024,1,0,-1,1,-1,1,-1,-1,-1,0x0000000000000000,1500,1501,1838,1500,2012,1500,1500,2012,1500,1500,1500,1500,1500,1500,1500,1500,1500,1500,1500,1500,1500,1500,1500,1500,1500,1500,1500,1500,1500,1500,1500,1500,8.0
2026-05-04,13:41:23.030,-0.19,0.31,0.86,-61,0,100,14,0,5,50,-53,100,14,"HOLD",53.760241 -1.544048,43.3,76.10,20,10,11.4,3.7,608,58,-0.5,3,2,675,0,12,-1024,-93,-1024,1024,1,0,-1,1,-1,1,-1,-1,-1,0x0000000000000000,1500,1501,1837,1501,2012,1500,1500,2012,1500,1500,1500,1500,1500,1500,1500,1500,1500,1500,1500,1500,1500,1500,1500,1500,1500,1500,1500,1500,1500,1500,1500,1500,8.0
2026-05-04,13:41:23.530,-0.19,0.31,0.86,-61,0,100,14,0,5,50,-54,100,14,"HOLD",53.760241 -1.544048,43.3,76.10,20,10,11.4,3.7,608,58,-0.5,3,2,673,-1,12,-1024,-93,-1024,1024,1,0,-1,1,-1,1,-1,-1,-1,0x0000000000000000,1500,1501,1836,1501,2012,1500,1500,2012,1500,1500,1500,1500,1500,1500,1500,1500,1500,1500,1500,1500,1500,1500,1500,1500,1500,1500,1500,1500,1500,1500,1500,1500,8.0
2026-05-04,13:41:24.030,-0.19,0.31,0.86,-67,0,100,13,0,5,50,-65,100,14,"HOLD",53.760241 -1.544048,43.3,76.10,20,10,11.4,4.4,614,57,-0.5,3,2,674,-1,12,-1024,-93,-1024,1024,1,0,-1,1,-1,1,-1,-1,-1,0x0000000000000000,1500,1501,1837,1501,2012,1500,1500,2012,1500,1500,1500,1500,1500,1500,1500,1500,1500,1500,1500,1500,1500,1500,1500,1500,1500,1500,1500,1500,1500,1500,1500,1500,8.0
2026-05-04,13:41:24.530,-0.19,0.31,0.86,-70,0,99,14,0,5,50,-72,100,13,"HOLD",53.760241 -1.544048,43.3,76.10,20,10,11.4,4.4,614,57,-0.5,3,2,667,-1,12,-1024,-93,-1024,1024,1,0,-1,1,-1,1,-1,-1,-1,0x0000000000000000,1500,1501,1833,1501,2012,1500,1500,2012,1500,1500,1500,1500,1500,1500,1500,1500,1500,1500,1500,1500,1500,1500,1500,1500,1500,1500,1500,1500,1500,1500,1500,1500,8.0
2026-05-04,13:41:25.030,-0.20,0.28,2.10,-67,0,99,14,0,5,50,-63,100,16,"HOLD",53.760241 -1.544048,43.3,76.10,20,10,11.4,4.4,614,57,-0.5,3,2,667,-1,12,-1024,-93,-1024,1024,1,0,-1,1,-1,1,-1,-1,-1,0x0000000000000000,1500,1501,1833,1501,2012,1500,1500,2012,1500,1500,1500,1500,1500,1500,1500,1500,1500,1500,1500,1500,1500,1500,1500,1500,1500,1500,1500,1500,1500,1500,1500,1500,8.0
2026-05-04,13:41:25.530,-0.20,0.28,2.10,-64,0,98,13,0,5,50,-55,100,14,"HOLD",53.760241 -1.544048,43.3,76.10,20,10,11.4,4.4,614,57,-0.5,3,2,674,-1,12,-1024,-93,-1024,1024,1,0,-1,1,-1,1,-1,-1,-1,0x0000000000000000,1500,1501,1837,1501,2012,1500,1500,2012,1500,1500,1500,1500,1500,1500,1500,1500,1500,1500,1500,1500,1500,1500,1500,1500,1500,1500,1500,1500,1500,1500,1500,1500,8.0
2026-05-04,13:41:26.030,-0.20,0.28,2.10,-61,0,99,14,0,5,50,-53,100,14,"HOLD",53.760241 -1.544048,43.3,76.10,20,10,11.4,4.4,614,57,-0.5,3,2,675,-1,12,-1024,-93,-1024,1024,1,0,-1,1,-1,1,-1,-1,-1,0x0000000000000000,1500,1501,1837,1501,2012,1500,1500,2012,1500,1500,1500,1500,1500,1500,1500,1500,1500,1500,1500,1500,1500,1500,1500,1500,1500,1500,1500,1500,1500,1500,1500,1500,8.0
2026-05-04,13:41:26.530,-0.20,0.28,2.10,-62,0,99,14,0,5,50,-55,100,14,"HOLD",53.760241 -1.544048,43.3,76.10,20,10,11.4,4.4,614,57,-0.2,3,2,672,0,12,-1024,-93,-1024,1024,1,0,-1,1,-1,1,-1,-1,-1,0x0000000000000000,1500,1501,1836,1501,2012,1500,1500,2012,1500,1500,1500,1500,1500,1500,1500,1500,1500,1500,1500,1500,1500,1500,1500,1500,1500,1500,1500,1500,1500,1500,1500,1500,8.0
2026-05-04,13:41:27.030,-0.20,0.28,2.10,-62,0,98,14,0,5,50,-60,100,15,"HOLD",53.760241 -1.544048,43.3,76.10,20,10,11.4,4.4,614,57,-0.2,2,3,672,-1,12,-1024,-93,-1024,1024,1,0,-1,1,-1,1,-1,-1,-1,0x0000000000000000,1500,1501,1836,1500,2012,1500,1500,2012,1500,1500,1500,1500,1500,1500,1500,1500,1500,1500,1500,1500,1500,1500,1500,1500,1500,1500,1500,1500,1500,1500,1500,1500,8.0
2026-05-04,13:41:27.530,-0.20,0.28,2.10,-64,0,99,14,0,5,50,-56,100,16,"HOLD",53.760241 -1.544048,43.3,76.10,20,10,11.4,4.4,614,57,-0.2,2,2,671,-1,12,-1024,-93,-1024,1024,1,0,-1,1,-1,1,-1,-1,-1,0x0000000000000000,1500,1501,1835,1500,2012,1500,1500,2012,1500,1500,1500,1500,1500,1500,1500,1500,1500,1500,1500,1500,1500,1500,1500,1500,1500,1500,1500,1500,1500,1500,1500,1500,8.0
2026-05-04,13:41:28.030,-0.20,0.28,2.10,-65,0,98,14,0,5,50,-59,100,15,"HOLD",53.760241 -1.544048,43.3,76.10,20,10,11.4,4.4,614,57,-0.2,3,3,645,-1,12,-1024,-93,-1024,1024,1,0,-1,1,-1,1,-1,-1,-1,0x0000000000000000,1500,1501,1822,1501,2012,1500,1500,2012,1500,1500,1500,1500,1500,1500,1500,1500,1500,1500,1500,1500,1500,1500,1500,1500,1500,1500,1500,1500,1500,1500,1500,1500,8.0
2026-05-04,13:41:28.530,-0.20,0.28,2.10,-63,0,99,14,0,5,50,-54,100,15,"HOLD",53.760055 -1.543187,40.2,135.40,22,10,11.4,4.4,614,57,-0.2,2,3,649,-1,13,-1024,-93,-1024,1024,1,0,-1,1,-1,1,-1,-1,-1,0x0000000000000000,1500,1501,1824,1500,2012,1500,1500,2012,1500,1500,1500,1500,1500,1500,1500,1500,1500,1500,1500,1500,1500,1500,1500,1500,1500,1500,1500,1500,1500,1500,1500,1500,8.0
2026-05-04,13:41:29.030,-0.20,0.28,2.10,-63,0,100,14,0,5,50,-57,100,16,"HOLD",53.760055 -1.543187,40.2,135.40,22,10,11.4,4.4,614,57,-0.2,3,2,645,-1,12,-1024,-93,-1024,1024,1,0,-1,1,-1,1,-1,-1,-1,0x0000000000000000,1500,1501,1822,1501,2012,1500,1500,2012,1500,1500,1500,1500,1500,1500,1500,1500,1500,1500,1500,1500,1500,1500,1500,1500,1500,1500,1500,1500,1500,1500,1500,1500,8.0
2026-05-04,13:41:29.530,-0.20,0.28,2.10,-63,0,99,14,0,5,50,-59,100,14,"HOLD",53.760055 -1.543187,40.2,135.40,22,10,11.4,3.8,620,58,-0.2,2,2,639,-1,12,-1024,-93,-1024,1024,1,0,-1,1,-1,1,-1,-1,-1,0x0000000000000000,1500,1501,1819,1500,2012,1500,1500,2012,1500,1500,1500,1500,1500,1500,1500,1500,1500,1500,1500,1500,1500,1500,1500,1500,1500,1500,1500,1500,1500,1500,1500,1500,8.0
2026-05-04,13:41:30.030,-0.20,0.28,2.10,-60,0,100,14,0,5,50,-51,100,13,"HOLD",53.760055 -1.543187,40.2,135.40,22,10,11.4,3.8,620,58,-0.2,2,2,627,-1,12,-1024,-93,-1024,1024,1,0,-1,1,-1,1,-1,-1,-1,0x0000000000000000,1500,1501,1813,1500,2012,1500,1500,2012,1500,1500,1500,1500,1500,1500,1500,1500,1500,1500,1500,1500,1500,1500,1500,1500,1500,1500,1500,1500,1500,1500,1500,1500,8.0
2026-05-04,13:41:30.530,-0.08,0.32,2.95,-60,0,100,14,0,5,50,-53,100,14,"HOLD",53.760055 -1.543187,40.2,135.40,22,10,11.4,3.8,620,58,-0.2,3,2,609,-1,12,-1024,-93,-1024,1024,1,0,-1,1,-1,1,-1,-1,-1,0x0000000000000000,1500,1501,1804,1501,2012,1500,1500,2012,1500,1500,1500,1500,1500,1500,1500,1500,1500,1500,1500,1500,1500,1500,1500,1500,1500,1500,1500,1500,1500,1500,1500,1500,8.0
2026-05-04,13:41:31.030,-0.08,0.32,2.95,-62,0,99,14,0,5,50,-52,100,15,"HOLD",53.760055 -1.543187,40.2,135.40,22,10,11.4,3.8,620,58,-0.2,3,2,557,-1,12,-1024,-93,-1024,1024,1,0,-1,1,-1,1,-1,-1,-1,0x0000000000000000,1500,1501,1778,1501,2012,1500,1500,2012,1500,1500,1500,1500,1500,1500,1500,1500,1500,1500,1500,1500,1500,1500,1500,1500,1500,1500,1500,1500,1500,1500,1500,1500,8.0
2026-05-04,13:41:31.530,-0.08,0.32,2.95,-62,0,100,14,0,5,50,-53,100,13,"HOLD",53.760055 -1.543187,40.2,135.40,22,10,11.4,3.8,620,58,-0.2,3,2,558,-1,12,-1024,-93,-1024,1024,1,0,-1,1,-1,1,-1,-1,-1,0x0000000000000000,1500,1501,1779,1501,2012,1500,1500,2012,1500,1500,1500,1500,1500,1500,1500,1500,1500,1500,1500,1500,1500,1500,1500,1500,1500,1500,1500,1500,1500,1500,1500,1500,8.0
2026-05-04,13:41:32.030,-0.08,0.32,2.95,-63,0,100,14,0,5,50,-55,100,14,"HOLD",53.760055 -1.543187,40.2,135.40,22,10,11.4,3.8,620,58,-1.1,3,3,557,-1,12,-1024,-93,-1024,1024,1,0,-1,1,-1,1,-1,-1,-1,0x0000000000000000,1500,1501,1778,1501,2012,1500,1500,2012,1500,1500,1500,1500,1500,1500,1500,1500,1500,1500,1500,1500,1500,1500,1500,1500,1500,1500,1500,1500,1500,1500,1500,1500,8.0
2026-05-04,13:41:32.530,-0.08,0.32,2.95,-63,0,100,13,0,5,50,-54,100,13,"HOLD",53.760055 -1.543187,40.2,135.40,22,10,11.4,3.8,620,58,-1.1,3,3,557,-1,12,-1024,-93,-1024,1024,1,0,-1,1,-1,1,-1,-1,-1,0x0000000000000000,1500,1501,1778,1501,2012,1500,1500,2012,1500,1500,1500,1500,1500,1500,1500,1500,1500,1500,1500,1500,1500,1500,1500,1500,1500,1500,1500,1500,1500,1500,1500,1500,8.0
2026-05-04,13:41:33.030,-0.08,0.32,2.95,-65,0,99,14,0,5,50,-57,100,13,"HOLD",53.760055 -1.543187,40.2,135.40,22,10,11.4,3.8,620,58,-1.1,3,3,557,-1,12,-1024,-93,-1024,1024,1,0,-1,1,-1,1,-1,-1,-1,0x0000000000000000,1500,1501,1778,1501,2012,1500,1500,2012,1500,1500,1500,1500,1500,1500,1500,1500,1500,1500,1500,1500,1500,1500,1500,1500,1500,1500,1500,1500,1500,1500,1500,1500,8.0
2026-05-04,13:41:33.530,-0.08,0.32,2.95,-64,0,100,14,0,5,50,-62,100,14,"HOLD",53.760055 -1.543187,40.2,135.40,22,10,11.4,3.8,620,58,-1.1,2,3,557,-1,12,-1024,-93,-1024,1024,1,0,-1,1,-1,1,-1,-1,-1,0x0000000000000000,1500,1501,1778,1500,2012,1500,1500,2012,1500,1500,1500,1500,1500,1500,1500,1500,1500,1500,1500,1500,1500,1500,1500,1500,1500,1500,1500,1500,1500,1500,1500,1500,8.0
2026-05-04,13:41:34.030,-0.08,0.32,2.95,-66,0,99,14,0,5,50,-62,100,14,"HOLD",53.759542 -1.542981,38.9,193.50,22,9,11.4,3.8,620,58,-1.1,3,3,557,-1,12,-1024,-93,-1024,1024,1,0,-1,1,-1,1,-1,-1,-1,0x0000000000000000,1500,1501,1778,1501,2012,1500,1500,2012,1500,1500,1500,1500,1500,1500,1500,1500,1500,1500,1500,1500,1500,1500,1500,1500,1500,1500,1500,1500,1500,1500,1500,1500,8.0
2026-05-04,13:41:34.530,-0.08,0.32,2.95,-67,0,100,14,0,5,50,-60,100,15,"HOLD",53.759542 -1.542981,38.9,193.50,22,9,11.4,3.8,620,58,-1.1,3,3,557,-2,12,-1024,-93,-1024,1024,1,0,-1,1,-1,1,-1,-1,-1,0x0000000000000000,1499,1501,1778,1501,2012,1501,1500,2012,1500,1500,1500,1500,1500,1500,1500,1500,1500,1500,1500,1500,1500,1500,1500,1500,1500,1500,1500,1500,1500,1500,1500,1500,8.0
2026-05-04,13:41:35.030,-0.08,0.32,2.95,-65,0,99,14,0,5,50,-55,100,15,"HOLD",53.759542 -1.542981,38.9,193.50,22,9,11.4,3.5,626,58,-1.1,2,3,557,-1,12,-1024,-93,-1024,1024,1,0,-1,1,-1,1,-1,-1,-1,0x0000000000000000,1500,1501,1778,1500,2012,1500,1500,2012,1500,1500,1500,1500,1500,1500,1500,1500,1500,1500,1500,1500,1500,1500,1500,1500,1500,1500,1500,1500,1500,1500,1500,1500,8.0
2026-05-04,13:41:35.530,-0.08,0.32,2.95,-66,0,100,14,0,5,50,-65,100,14,"HOLD",53.759542 -1.542981,38.9,193.50,22,9,11.4,3.5,626,58,-1.1,3,3,557,-1,12,-1024,-93,-1024,1024,1,0,-1,1,-1,1,-1,-1,-1,0x0000000000000000,1500,1501,1778,1501,2012,1500,1500,2012,1500,1500,1500,1500,1500,1500,1500,1500,1500,1500,1500,1500,1500,1500,1500,1500,1500,1500,1500,1500,1500,1500,1500,1500,8.0
2026-05-04,13:41:36.030,-0.15,0.15,-2.35,-67,0,99,14,0,5,50,-60,100,14,"HOLD",53.759542 -1.542981,38.9,193.50,22,9,11.4,3.5,626,58,-1.1,3,3,557,-1,12,-1024,-93,-1024,1024,1,0,-1,1,-1,1,-1,-1,-1,0x0000000000000000,1500,1501,1778,1501,2012,1500,1500,2012,1500,1500,1500,1500,1500,1500,1500,1500,1500,1500,1500,1500,1500,1500,1500,1500,1500,1500,1500,1500,1500,1500,1500,1500,8.0
2026-05-04,13:41:36.530,-0.15,0.15,-2.35,-64,0,100,14,0,5,50,-56,100,14,"HOLD",53.759542 -1.542981,38.9,193.50,22,9,11.4,3.5,626,58,-1.1,3,3,557,-1,12,-1024,-93,-1024,1024,1,0,-1,1,-1,1,-1,-1,-1,0x0000000000000000,1500,1501,1778,1501,2012,1500,1500,2012,1500,1500,1500,1500,1500,1500,1500,1500,1500,1500,1500,1500,1500,1500,1500,1500,1500,1500,1500,1500,1500,1500,1500,1500,8.0
2026-05-04,13:41:37.030,-0.15,0.15,-2.35,-61,0,100,14,0,5,50,-51,100,14,"HOLD",53.759542 -1.542981,38.9,193.50,22,9,11.4,3.5,626,58,-1.1,3,3,557,-1,12,-1024,-93,-1024,1024,1,0,-1,1,-1,1,-1,-1,-1,0x0000000000000000,1500,1501,1778,1501,2012,1500,1500,2012,1500,1500,1500,1500,1500,1500,1500,1500,1500,1500,1500,1500,1500,1500,1500,1500,1500,1500,1500,1500,1500,1500,1500,1500,8.0
2026-05-04,13:41:37.530,-0.15,0.15,-2.35,-58,0,99,14,0,5,50,-50,100,14,"HOLD",53.759542 -1.542981,38.9,193.50,22,9,11.4,3.5,626,58,0.1,3,3,557,-1,12,-1024,-93,-1024,1024,1,0,-1,1,-1,1,-1,-1,-1,0x0000000000000000,1500,1501,1778,1501,2012,1500,1500,2012,1500,1500,1500,1500,1500,1500,1500,1500,1500,1500,1500,1500,1500,1500,1500,1500,1500,1500,1500,1500,1500,1500,1500,1500,8.0
2026-05-04,13:41:38.030,-0.15,0.15,-2.35,-56,0,99,14,0,5,50,-49,100,14,"HOLD",53.759542 -1.542981,38.9,193.50,22,9,11.4,3.5,626,58,0.1,3,3,557,-1,12,-1024,-93,-1024,1024,1,0,-1,1,-1,1,-1,-1,-1,0x0000000000000000,1500,1501,1778,1501,2012,1500,1500,2012,1500,1500,1500,1500,1500,1500,1500,1500,1500,1500,1500,1500,1500,1500,1500,1500,1500,1500,1500,1500,1500,1500,1500,1500,8.0
2026-05-04,13:41:38.530,-0.15,0.15,-2.35,-56,0,100,14,0,5,50,-50,100,14,"HOLD",53.759542 -1.542981,38.9,193.50,22,9,11.4,3.5,626,58,0.1,3,3,557,-1,12,-1024,-93,-1024,1024,1,0,-1,1,-1,1,-1,-1,-1,0x0000000000000000,1499,1501,1778,1501,2012,1501,1500,2012,1500,1500,1500,1500,1500,1500,1500,1500,1500,1500,1500,1500,1500,1500,1500,1500,1500,1500,1500,1500,1500,1500,1500,1500,8.0
2026-05-04,13:41:39.030,-0.15,0.15,-2.35,-60,0,100,14,0,5,50,-49,100,13,"HOLD",53.759542 -1.542981,38.9,193.50,22,9,11.4,3.5,626,58,0.1,3,3,557,-1,12,-1024,-93,-1024,1024,1,0,-1,1,-1,1,-1,-1,-1,0x0000000000000000,1500,1501,1778,1501,2012,1500,1500,2012,1500,1500,1500,1500,1500,1500,1500,1500,1500,1500,1500,1500,1500,1500,1500,1500,1500,1500,1500,1500,1500,1500,1500,1500,8.0
2026-05-04,13:41:39.530,-0.15,0.15,-2.35,-59,0,100,14,0,5,50,-57,100,14,"HOLD",53.759184 -1.543544,35.5,249.00,21,9,11.4,3.5,626,58,0.1,2,3,557,-1,12,-1024,-93,-1024,1024,1,0,-1,1,-1,1,-1,-1,-1,0x0000000000000000,1500,1501,1778,1500,2012,1500,1500,2012,1500,1500,1500,1500,1500,1500,1500,1500,1500,1500,1500,1500,1500,1500,1500,1500,1500,1500,1500,1500,1500,1500,1500,1500,8.0
2026-05-04,13:41:40.030,-0.15,0.15,-2.35,-58,0,100,14,0,5,50,-51,100,14,"HOLD",53.759184 -1.543544,35.5,249.00,21,9,11.4,3.5,626,58,0.1,2,2,557,-1,12,-1024,-93,-1024,1024,1,0,-1,1,-1,1,-1,-1,-1,0x0000000000000000,1500,1501,1778,1500,2012,1500,1500,2012,1500,1500,1500,1500,1500,1500,1500,1500,1500,1500,1500,1500,1500,1500,1500,1500,1500,1500,1500,1500,1500,1500,1500,1500,8.0
2026-05-04,13:41:40.530,-0.15,0.15,-2.35,-63,0,99,14,0,5,50,-66,100,14,"HOLD",53.759184 -1.543544,35.5,249.00,21,9,11.4,3.8,632,58,0.1,3,3,557,-1,12,-1024,-93,-1024,1024,1,0,-1,1,-1,1,-1,-1,-1,0x0000000000000000,1500,1501,1778,1501,2012,1500,1500,2012,1500,1500,1500,1500,1500,1500,1500,1500,1500,1500,1500,1500,1500,1500,1500,1500,1500,1500,1500,1500,1500,1500,1500,1500,8.0
2026-05-04,13:41:41.030,-0.15,0.15,-2.35,-64,0,99,14,0,5,50,-52,100,14,"HOLD",53.759184 -1.543544,35.5,249.00,21,9,11.4,3.8,632,58,0.1,2,2,557,-1,12,-1024,-93,-1024,1024,1,0,-1,1,-1,1,-1,-1,-1,0x0000000000000000,1500,1501,1778,1500,2012,1500,1500,2012,1500,1500,1500,1500,1500,1500,1500,1500,1500,1500,1500,1500,1500,1500,1500,1500,1500,1500,1500,1500,1500,1500,1500,1500,8.0
2026-05-04,13:41:41.530,-0.16,0.20,-1.50,-63,0,99,14,0,5,50,-55,100,14,"HOLD",53.759184 -1.543544,35.5,249.00,21,9,11.4,3.8,632,58,0.1,3,3,557,-1,12,-1024,-93,-1024,1024,1,0,-1,1,-1,1,-1,-1,-1,0x0000000000000000,1500,1501,1778,1501,2012,1500,1500,2012,1500,1500,1500,1500,1500,1500,1500,1500,1500,1500,1500,1500,1500,1500,1500,1500,1500,1500,1500,1500,1500,1500,1500,1500,8.0
2026-05-04,13:41:42.030,-0.16,0.20,-1.50,-62,0,99,14,0,5,50,-59,100,14,"HOLD",53.759184 -1.543544,35.5,249.00,21,9,11.4,3.8,632,58,0.1,3,2,558,0,13,-1024,-93,-1024,1024,1,0,-1,1,-1,1,-1,-1,-1,0x0000000000000000,1500,1501,1779,1501,2012,1500,1500,2012,1500,1500,1500,1500,1500,1500,1500,1500,1500,1500,1500,1500,1500,1500,1500,1500,1500,1500,1500,1500,1500,1500,1500,1500,8.0
2026-05-04,13:41:42.530,-0.16,0.20,-1.50,-67,0,99,14,0,5,50,-55,100,15,"HOLD",53.759184 -1.543544,35.5,249.00,21,9,11.4,3.8,632,58,0.1,2,2,557,-1,13,-1024,-93,-1024,1024,1,0,-1,1,-1,1,-1,-1,-1,0x0000000000000000,1500,1501,1778,1500,2012,1500,1500,2012,1500,1500,1500,1500,1500,1500,1500,1500,1500,1500,1500,1500,1500,1500,1500,1500,1500,1500,1500,1500,1500,1500,1500,1500,8.0
2026-05-04,13:41:43.030,-0.16,0.20,-1.50,-69,0,100,14,0,5,50,-62,100,15,"HOLD",53.759184 -1.543544,35.5,249.00,21,9,11.4,3.8,632,58,0.4,3,2,557,-1,13,-1024,-93,-1024,1024,1,0,-1,1,-1,1,-1,-1,-1,0x0000000000000000,1500,1501,1778,1501,2012,1500,1500,2012,1500,1500,1500,1500,1500,1500,1500,1500,1500,1500,1500,1500,1500,1500,1500,1500,1500,1500,1500,1500,1500,1500,1500,1500,8.0
2026-05-04,13:41:43.530,-0.16,0.20,-1.50,-66,0,100,14,0,5,50,-53,100,15,"HOLD",53.759184 -1.543544,35.5,249.00,21,9,11.4,3.8,632,58,0.4,3,2,558,-1,12,-1024,-93,-1024,1024,1,0,-1,1,-1,1,-1,-1,-1,0x0000000000000000,1500,1501,1779,1500,2012,1500,1500,2012,1500,1500,1500,1500,1500,1500,1500,1500,1500,1500,1500,1500,1500,1500,1500,1500,1500,1500,1500,1500,1500,1500,1500,1500,8.0
2026-05-04,13:41:44.030,-0.16,0.20,-1.50,-58,0,99,14,0,5,50,-58,100,14,"HOLD",53.759184 -1.543544,35.5,249.00,21,9,11.4,3.8,632,58,0.4,2,2,558,-1,12,-1024,-93,-1024,1024,1,0,-1,1,-1,1,-1,-1,-1,0x0000000000000000,1500,1501,1779,1500,2012,1500,1500,2012,1500,1500,1500,1500,1500,1500,1500,1500,1500,1500,1500,1500,1500,1500,1500,1500,1500,1500,1500,1500,1500,1500,1500,1500,8.0
2026-05-04,13:41:44.530,-0.16,0.20,-1.50,-60,0,100,14,0,5,50,-51,100,14,"HOLD",53.759184 -1.543544,35.5,249.00,21,9,11.4,3.8,632,58,0.4,2,2,557,-1,12,-1024,-93,-1024,1024,1,0,-1,1,-1,1,-1,-1,-1,0x0000000000000000,1500,1501,1778,1500,2012,1500,1500,2012,1500,1500,1500,1500,1500,1500,1500,1500,1500,1500,1500,1500,1500,1500,1500,1500,1500,1500,1500,1500,1500,1500,1500,1500,8.0
2026-05-04,13:41:45.030,-0.16,0.20,-1.50,-56,0,99,14,0,5,50,-47,100,14,"HOLD",53.759240 -1.544405,42.3,306.00,22,10,11.4,3.8,632,58,0.4,2,2,558,-1,12,-1024,-93,-1024,1024,1,0,-1,1,-1,1,-1,-1,-1,0x0000000000000000,1500,1501,1779,1500,2012,1500,1500,2012,1500,1500,1500,1500,1500,1500,1500,1500,1500,1500,1500,1500,1500,1500,1500,1500,1500,1500,1500,1500,1500,1500,1500,1500,8.0
2026-05-04,13:41:45.530,-0.16,0.20,-1.50,-55,0,100,14,0,5,50,-49,100,15,"HOLD",53.759240 -1.544405,42.3,306.00,22,10,11.4,3.8,632,58,0.4,2,2,557,-1,12,-1024,-93,-1024,1024,1,0,-1,1,-1,1,-1,-1,-1,0x0000000000000000,1500,1501,1779,1500,2012,1500,1500,2012,1500,1500,1500,1500,1500,1500,1500,1500,1500,1500,1500,1500,1500,1500,1500,1500,1500,1500,1500,1500,1500,1500,1500,1500,8.0
2026-05-04,13:41:46.030,-0.16,0.20,-1.50,-58,0,100,14,0,5,50,-51,100,13,"HOLD",53.759240 -1.544405,42.3,306.00,22,10,11.4,3.4,637,58,0.4,2,3,557,-1,12,-1024,-93,-1024,1024,1,0,-1,1,-1,1,-1,-1,-1,0x0000000000000000,1500,1501,1778,1500,2012,1500,1500,2012,1500,1500,1500,1500,1500,1500,1500,1500,1500,1500,1500,1500,1500,1500,1500,1500,1500,1500,1500,1500,1500,1500,1500,1500,8.0
2026-05-04,13:41:46.530,-0.16,0.20,-1.50,-53,0,100,13,0,5,50,-46,100,14,"HOLD",53.759240 -1.544405,42.3,306.00,22,10,11.4,3.4,637,58,0.4,2,2,557,-1,12,-1024,-93,-1024,1024,1,0,-1,1,-1,1,-1,-1,-1,0x0000000000000000,1500,1501,1778,1500,2012,1500,1500,2012,1500,1500,1500,1500,1500,1500,1500,1500,1500,1500,1500,1500,1500,1500,1500,1500,1500,1500,1500,1500,1500,1500,1500,1500,8.0
2026-05-04,13:41:47.030,0.00,0.33,-0.40,-56,0,100,14,0,5,50,-50,100,14,"HOLD",53.759240 -1.544405,42.3,306.00,22,10,11.4,3.4,637,58,0.4,2,2,558,-1,12,-1024,-93,-1024,1024,1,0,-1,1,-1,1,-1,-1,-1,0x0000000000000000,1500,1501,1779,1500,2012,1500,1500,2012,1500,1500,1500,1500,1500,1500,1500,1500,1500,1500,1500,1500,1500,1500,1500,1500,1500,1500,1500,1500,1500,1500,1500,1500,8.0
2026-05-04,13:41:47.530,0.00,0.33,-0.40,-55,0,99,14,0,5,50,-49,100,16,"HOLD",53.759240 -1.544405,42.3,306.00,22,10,11.4,3.4,637,58,0.4,2,2,558,-1,12,-1024,-93,-1024,1024,1,0,-1,1,-1,1,-1,-1,-1,0x0000000000000000,1500,1501,1779,1500,2012,1500,1500,2012,1500,1500,1500,1500,1500,1500,1500,1500,1500,1500,1500,1500,1500,1500,1500,1500,1500,1500,1500,1500,1500,1500,1500,1500,8.0
2026-05-04,13:41:48.030,0.00,0.33,-0.40,-62,0,99,14,0,5,50,-49,100,14,"HOLD",53.759240 -1.544405,42.3,306.00,22,10,11.4,3.4,637,58,0.4,2,2,558,-1,12,-1024,-93,-1024,1024,1,0,-1,1,-1,1,-1,-1,-1,0x0000000000000000,1500,1501,1779,1500,2012,1500,1500,2012,1500,1500,1500,1500,1500,1500,1500,1500,1500,1500,1500,1500,1500,1500,1500,1500,1500,1500,1500,1500,1500,1500,1500,1500,8.0
2026-05-04,13:41:48.530,0.00,0.33,-0.40,-60,0,99,14,0,5,50,-48,100,14,"HOLD",53.759240 -1.544405,42.3,306.00,22,10,11.4,3.4,637,58,0.4,2,2,557,-1,12,-1024,-93,-1024,1024,1,0,-1,1,-1,1,-1,-1,-1,0x0000000000000000,1500,1501,1778,1500,2012,1500,1500,2012,1500,1500,1500,1500,1500,1500,1500,1500,1500,1500,1500,1500,1500,1500,1500,1500,1500,1500,1500,1500,1500,1500,1500,1500,8.0
2026-05-04,13:41:49.030,0.00,0.33,-0.40,-56,0,98,14,0,5,50,-48,100,13,"HOLD",53.759240 -1.544405,42.3,306.00,22,10,11.4,3.4,637,58,-1.8,2,2,558,-1,13,-1024,-93,-1024,1024,1,0,-1,1,-1,1,-1,-1,-1,0x0000000000000000,1500,1501,1779,1500,2012,1500,1500,2012,1500,1500,1500,1500,1500,1500,1500,1500,1500,1500,1500,1500,1500,1500,1500,1500,1500,1500,1500,1500,1500,1500,1500,1500,8.0
2026-05-04,13:41:49.530,0.00,0.33,-0.40,-57,0,99,14,0,5,50,-51,100,14,"HOLD",53.759240 -1.544405,42.3,306.00,22,10,11.4,3.4,637,58,-1.8,2,2,558,0,12,-1024,-93,-1024,1024,1,0,-1,1,-1,1,-1,-1,-1,0x0000000000000000,1500,1501,1779,1500,2012,1500,1500,2012,1500,1500,1500,1500,1500,1500,1500,1500,1500,1500,1500,1500,1500,1500,1500,1500,1500,1500,1500,1500,1500,1500,1500,1500,8.0
2026-05-04,13:41:50.030,0.00,0.33,-0.40,-59,0,100,14,0,5,50,-51,100,13,"HOLD",53.759240 -1.544405,42.3,306.00,22,10,11.4,3.4,637,58,-1.8,2,2,558,-1,12,-1024,-93,-1024,1024,1,0,-1,1,-1,1,-1,-1,-1,0x0000000000000000,1500,1501,1779,1500,2012,1500,1500,2012,1500,1500,1500,1500,1500,1500,1500,1500,1500,1500,1500,1500,1500,1500,1500,1500,1500,1500,1500,1500,1500,1500,1500,1500,8.0
2026-05-04,13:41:50.530,0.00,0.33,-0.40,-60,0,100,14,0,5,50,-49,100,15,"HOLD",53.759747 -1.544816,48.4,4.70,22,10,11.4,3.4,637,58,-1.8,2,2,558,-1,12,-1024,-93,-1024,1024,1,0,-1,1,-1,1,-1,-1,-1,0x0000000000000000,1500,1501,1779,1500,2012,1500,1500,2012,1500,1500,1500,1500,1500,1500,1500,1500,1500,1500,1500,1500,1500,1500,1500,1500,1500,1500,1500,1500,1500,1500,1500,1500,8.0
2026-05-04,13:41:51.030,0.00,0.33,-0.40,-56,0,100,14,0,5,50,-48,100,14,"HOLD",53.759747 -1.544816,48.4,4.70,22,10,11.4,3.4,637,58,-1.8,2,2,558,-1,12,-1024,-93,-1024,1024,1,0,-1,1,-1,1,-1,-1,-1,0x0000000000000000,1500,1501,1779,1500,2012,1500,1500,2012,1500,1500,1500,1500,1500,1500,1500,1500,1500,1500,1500,1500,1500,1500,1500,1500,1500,1500,1500,1500,1500,1500,1500,1500,8.0
2026-05-04,13:41:51.530,0.00,0.33,-0.40,-55,0,99,14,0,5,50,-48,100,13,"HOLD",53.759747 -1.544816,48.4,4.70,22,10,11.4,3.6,642,58,-1.8,2,2,558,-1,13,-1024,-93,-1024,1024,1,0,-1,1,-1,1,-1,-1,-1,0x0000000000000000,1500,1501,1779,1500,2012,1500,1500,2012,1500,1500,1500,1500,1500,1500,1500,1500,1500,1500,1500,1500,1500,1500,1500,1500,1500,1500,1500,1500,1500,1500,1500,1500,8.0
2026-05-04,13:41:52.030,0.00,0.33,-0.40,-55,0,99,14,0,5,50,-49,100,14,"HOLD",53.759747 -1.544816,48.4,4.70,22,10,11.4,3.6,642,58,-1.8,2,2,558,-1,13,-1024,-93,-1024,1024,1,0,-1,1,-1,1,-1,-1,-1,0x0000000000000000,1500,1501,1779,1500,2012,1500,1500,2012,1500,1500,1500,1500,1500,1500,1500,1500,1500,1500,1500,1500,1500,1500,1500,1500,1500,1500,1500,1500,1500,1500,1500,1500,8.0
2026-05-04,13:41:52.530,-0.09,0.23,0.83,-61,0,99,14,0,5,50,-54,100,15,"HOLD",53.759747 -1.544816,48.4,4.70,22,10,11.4,3.6,642,58,-1.8,2,2,559,-1,13,-1024,-93,-1024,1024,1,0,-1,1,-1,1,-1,-1,-1,0x0000000000000000,1500,1501,1779,1500,2012,1500,1500,2012,1500,1500,1500,1500,1500,1500,1500,1500,1500,1500,1500,1500,1500,1500,1500,1500,1500,1500,1500,1500,1500,1500,1500,1500,8.0
2026-05-04,13:41:53.030,-0.09,0.23,0.83,-73,0,100,13,0,5,50,-80,100,10,"HOLD",53.759747 -1.544816,48.4,4.70,22,10,11.4,3.6,642,58,-1.8,2,2,559,-1,12,-1024,-93,-1024,1024,1,0,-1,1,-1,1,-1,-1,-1,0x0000000000000000,1500,1501,1779,1500,2012,1500,1500,2012,1500,1500,1500,1500,1500,1500,1500,1500,1500,1500,1500,1500,1500,1500,1500,1500,1500,1500,1500,1500,1500,1500,1500,1500,8.0
2026-05-04,13:41:53.530,-0.09,0.23,0.83,-73,0,100,13,0,5,50,-62,100,14,"HOLD",53.759747 -1.544816,48.4,4.70,22,10,11.4,3.6,642,58,-1.8,2,2,558,-1,12,-1024,-93,-1024,1024,1,0,-1,1,-1,1,-1,-1,-1,0x0000000000000000,1500,1501,1779,1500,2012,1500,1500,2012,1500,1500,1500,1500,1500,1500,1500,1500,1500,1500,1500,1500,1500,1500,1500,1500,1500,1500,1500,1500,1500,1500,1500,1500,8.0
2026-05-04,13:41:54.030,-0.09,0.23,0.83,-66,0,100,14,0,5,50,-56,100,14,"HOLD",53.759747 -1.544816,48.4,4.70,22,10,11.4,3.6,642,58,-1.8,2,2,559,-1,12,-1024,-93,-1024,1024,1,0,-1,1,-1,1,-1,-1,-1,0x0000000000000000,1500,1501,1779,1500,2012,1500,1500,2012,1500,1500,1500,1500,1500,1500,1500,1500,1500,1500,1500,1500,1500,1500,1500,1500,1500,1500,1500,1500,1500,1500,1500,1500,8.0
2026-05-04,13:41:54.530,-0.09,0.23,0.83,-65,0,100,14,0,5,50,-61,100,14,"HOLD",53.759747 -1.544816,48.4,4.70,22,10,11.4,3.6,642,58,0.0,2,3,559,-1,13,-1024,-93,-1024,1024,1,0,-1,1,-1,1,-1,-1,-1,0x0000000000000000,1500,1501,1779,1500,2012,1500,1500,2012,1500,1500,1500,1500,1500,1500,1500,1500,1500,1500,1500,1500,1500,1500,1500,1500,1500,1500,1500,1500,1500,1500,1500,1500,8.0
2026-05-04,13:41:55.030,-0.09,0.23,0.83,-62,0,100,14,0,5,50,-64,100,14,"HOLD",53.759747 -1.544816,48.4,4.70,22,10,11.4,3.6,642,58,0.0,3,2,558,-1,12,-1024,-93,-1024,1024,1,0,-1,1,-1,1,-1,-1,-1,0x0000000000000000,1500,1501,1779,1501,2012,1500,1500,2012,1500,1500,1500,1500,1500,1500,1500,1500,1500,1500,1500,1500,1500,1500,1500,1500,1500,1500,1500,1500,1500,1500,1500,1500,8.0
2026-05-04,13:41:55.530,-0.09,0.23,0.83,-74,0,100,13,0,5,50,-60,100,15,"HOLD",53.759747 -1.544816,48.4,4.70,22,10,11.4,3.6,642,58,0.0,2,2,558,0,12,-1024,-93,-1024,1024,1,0,-1,1,-1,1,-1,-1,-1,0x0000000000000000,1500,1501,1779,1500,2012,1500,1500,2012,1500,1500,1500,1500,1500,1500,1500,1500,1500,1500,1500,1500,1500,1500,1500,1500,1500,1500,1500,1500,1500,1500,1500,1500,8.0
2026-05-04,13:41:56.030,-0.09,0.23,0.83,-65,0,99,14,0,5,50,-52,100,14,"HOLD",53.760176 -1.544132,40.2,73.90,20,10,11.4,3.6,642,58,0.0,2,2,558,-1,12,-1024,-93,-1024,1024,1,0,-1,1,-1,1,-1,-1,-1,0x0000000000000000,1500,1501,1779,1500,2012,1500,1500,2012,1500,1500,1500,1500,1500,1500,1500,1500,1500,1500,1500,1500,1500,1500,1500,1500,1500,1500,1500,1500,1500,1500,1500,1500,8.0
2026-05-04,13:41:56.530,-0.09,0.23,0.83,-61,0,99,14,0,5,50,-52,100,14,"HOLD",53.760176 -1.544132,40.2,73.90,20,10,11.4,3.6,642,58,0.0,2,2,558,0,13,-1024,-93,-1024,1024,1,0,-1,1,-1,1,-1,-1,-1,0x0000000000000000,1500,1501,1779,1500,2012,1500,1500,2012,1500,1500,1500,1500,1500,1500,1500,1500,1500,1500,1500,1500,1500,1500,1500,1500,1500,1500,1500,1500,1500,1500,1500,1500,8.0
2026-05-04,13:41:57.030,-0.09,0.23,0.83,-60,0,100,14,0,5,50,-50,100,14,"HOLD",53.760176 -1.544132,40.2,73.90,20,10,11.4,3.6,642,58,0.0,3,2,558,-1,13,-1024,-93,-1024,1024,1,0,-1,1,-1,1,-1,-1,-1,0x0000000000000000,1500,1501,1779,1501,2012,1500,1500,2012,1500,1500,1500,1500,1500,1500,1500,1500,1500,1500,1500,1500,1500,1500,1500,1500,1500,1500,1500,1500,1500,1500,1500,1500,8.0
2026-05-04,13:41:57.530,-0.09,0.23,0.83,-61,0,99,14,0,5,50,-53,100,14,"HOLD",53.760176 -1.544132,40.2,73.90,20,10,11.4,5.0,649,55,0.0,2,2,559,0,12,-1024,-93,-1024,1024,1,0,-1,1,-1,1,-1,-1,-1,0x0000000000000000,1500,1501,1779,1500,2012,1500,1500,2012,1500,1500,1500,1500,1500,1500,1500,1500,1500,1500,1500,1500,1500,1500,1500,1500,1500,1500,1500,1500,1500,1500,1500,1500,8.0
2026-05-04,13:41:58.030,-0.15,0.40,1.88,-61,0,99,14,0,5,50,-54,100,14,"HOLD",53.760176 -1.544132,40.2,73.90,20,10,11.4,5.0,649,55,0.0,2,3,559,0,12,-1024,-93,-1024,1024,1,0,-1,1,-1,1,-1,-1,-1,0x0000000000000000,1500,1501,1779,1500,2012,1500,1500,2012,1500,1500,1500,1500,1500,1500,1500,1500,1500,1500,1500,1500,1500,1500,1500,1500,1500,1500,1500,1500,1500,1500,1500,1500,8.0
2026-05-04,13:41:58.530,-0.15,0.40,1.88,-62,0,100,14,0,5,50,-55,100,13,"HOLD",53.760176 -1.544132,40.2,73.90,20,10,11.4,5.0,649,55,0.0,2,2,559,-1,12,-1024,-93,-1024,1024,1,0,-1,1,-1,1,-1,-1,-1,0x0000000000000000,1500,1501,1779,1500,2012,1500,1500,2012,1500,1500,1500,1500,1500,1500,1500,1500,1500,1500,1500,1500,1500,1500,1500,1500,1500,1500,1500,1500,1500,1500,1500,1500,8.0
2026-05-04,13:41:59.030,-0.15,0.40,1.88,-64,0,100,14,0,5,50,-58,100,4,"HOLD",53.760176 -1.544132,40.2,73.90,20,10,11.4,5.0,649,55,0.0,2,2,559,-1,12,-1024,-93,-1024,1024,1,0,-1,1,-1,1,-1,-1,-1,0x0000000000000000,1500,1501,1779,1500,2012,1500,1500,2012,1500,1500,1500,1500,1500,1500,1500,1500,1500,1500,1500,1500,1500,1500,1500,1500,1500,1500,1500,1500,1500,1500,1500,1500,8.0
2026-05-04,13:41:59.530,-0.15,0.40,1.88,-68,0,99,14,0,5,50,-53,100,14,"HOLD",53.760176 -1.544132,40.2,73.90,20,10,11.4,5.0,649,55,0.0,2,2,558,0,12,-1024,-93,-1024,1024,1,0,-1,1,-1,1,-1,-1,-1,0x0000000000000000,1500,1501,1779,1500,2012,1500,1500,2012,1500,1500,1500,1500,1500,1500,1500,1500,1500,1500,1500,1500,1500,1500,1500,1500,1500,1500,1500,1500,1500,1500,1500,1500,8.0
2026-05-04,13:42:00.030,-0.15,0.40,1.88,-61,0,100,14,0,5,50,-52,100,15,"HOLD",53.760176 -1.544132,40.2,73.90,20,10,11.4,5.0,649,55,1.1,3,3,558,0,12,-1024,-93,-1024,1024,1,0,-1,1,-1,1,-1,-1,-1,0x0000000000000000,1500,1501,1779,1501,2012,1500,1500,2012,1500,1500,1500,1500,1500,1500,1500,1500,1500,1500,1500,1500,1500,1500,1500,1500,1500,1500,1500,1500,1500,1500,1500,1500,8.0
2026-05-04,13:42:00.530,-0.15,0.40,1.88,-67,0,100,14,0,5,50,-62,100,15,"HOLD",53.760176 -1.544132,40.2,73.90,20,10,11.4,5.0,649,55,1.1,3,2,558,0,12,-1024,-93,-1024,1024,1,0,-1,1,-1,1,-1,-1,-1,0x0000000000000000,1500,1501,1779,1501,2012,1500,1500,2012,1500,1500,1500,1500,1500,1500,1500,1500,1500,1500,1500,1500,1500,1500,1500,1500,1500,1500,1500,1500,1500,1500,1500,1500,8.0
2026-05-04,13:42:01.030,-0.15,0.40,1.88,-67,0,99,14,0,5,50,-59,100,14,"HOLD",53.760176 -1.544132,40.2,73.90,20,10,11.4,5.0,649,55,1.1,2,2,558,-1,12,-1024,-93,-1024,1024,1,0,-1,1,-1,1,-1,-1,-1,0x0000000000000000,1500,1501,1779,1500,2012,1500,1500,2012,1500,1500,1500,1500,1500,1500,1500,1500,1500,1500,1500,1500,1500,1500,1500,1500,1500,1500,1500,1500,1500,1500,1500,1500,8.0
2026-05-04,13:42:01.530,-0.15,0.40,1.88,-65,0,100,13,0,5,50,-59,100,15,"HOLD",53.760055 -1.543363,37.3,132.40,23,10,11.4,5.0,649,55,1.1,2,2,559,0,12,-1024,-93,-1024,1024,1,0,-1,1,-1,1,-1,-1,-1,0x0000000000000000,1500,1501,1779,1500,2012,1500,1500,2012,1500,1500,1500,1500,1500,1500,1500,1500,1500,1500,1500,1500,1500,1500,1500,1500,1500,1500,1500,1500,1500,1500,1500,1500,8.0
2026-05-04,13:42:02.030,-0.15,0.40,1.88,-65,0,100,14,0,5,50,-55,100,14,"HOLD",53.760055 -1.543363,37.3,132.40,23,10,11.4,5.0,649,55,1.1,2,2,558,0,12,-1024,-93,-1024,1024,1,0,-1,1,-1,1,-1,-1,-1,0x0000000000000000,1500,1501,1779,1500,2012,1500,1500,2012,1500,1500,1500,1500,1500,1500,1500,1500,1500,1500,1500,1500,1500,1500,1500,1500,1500,1500,1500,1500,1500,1500,1500,1500,8.0
2026-05-04,13:42:02.530,-0.15,0.40,1.88,-64,0,100,14,0,5,50,-55,100,15,"HOLD",53.760055 -1.543363,37.3,132.40,23,10,11.4,5.0,649,55,1.1,2,3,559,0,12,-1024,-93,-1024,1024,1,0,-1,1,-1,1,-1,-1,-1,0x0000000000000000,1500,1501,1779,1500,2012,1500,1500,2012,1500,1500,1500,1500,1500,1500,1500,1500,1500,1500,1500,1500,1500,1500,1500,1500,1500,1500,1500,1500,1500,1500,1500,1500,8.0
2026-05-04,13:42:03.030,-0.15,0.40,1.88,-59,0,99,14,0,5,50,-50,100,13,"HOLD",53.760055 -1.543363,37.3,132.40,23,10,11.4,3.2,655,58,1.1,2,2,558,-1,12,-1024,-93,-1024,1024,1,0,-1,1,-1,1,-1,-1,-1,0x0000000000000000,1500,1501,1779,1500,2012,1500,1500,2012,1500,1500,1500,1500,1500,1500,1500,1500,1500,1500,1500,1500,1500,1500,1500,1500,1500,1500,1500,1500,1500,1500,1500,1500,8.0
2026-05-04,13:42:03.530,-0.06,0.24,2.85,-59,0,100,14,0,5,50,-53,100,14,"HOLD",53.760055 -1.543363,37.3,132.40,23,10,11.4,3.2,655,58,1.1,2,2,558,-1,12,-1024,-93,-1024,1024,1,0,-1,1,-1,1,-1,-1,-1,0x0000000000000000,1500,1501,1779,1500,2012,1500,1500,2012,1500,1500,1500,1500,1500,1500,1500,1500,1500,1500,1500,1500,1500,1500,1500,1500,1500,1500,1500,1500,1500,1500,1500,1500,8.0
2026-05-04,13:42:04.030,-0.06,0.24,2.85,-58,0,100,14,0,5,50,-51,100,13,"HOLD",53.760055 -1.543363,37.3,132.40,23,10,11.4,3.2,655,58,1.1,2,3,559,-1,13,-1024,-93,-1024,1024,1,0,-1,1,-1,1,-1,-1,-1,0x0000000000000000,1500,1501,1779,1500,2012,1500,1500,2012,1500,1500,1500,1500,1500,1500,1500,1500,1500,1500,1500,1500,1500,1500,1500,1500,1500,1500,1500,1500,1500,1500,1500,1500,8.0
2026-05-04,13:42:04.530,-0.06,0.24,2.85,-59,0,100,14,0,5,50,-50,100,15,"HOLD",53.760055 -1.543363,37.3,132.40,23,10,11.4,3.2,655,58,1.1,2,2,558,-1,12,-1024,-93,-1024,1024,1,0,-1,1,-1,1,-1,-1,-1,0x0000000000000000,1500,1501,1779,1500,2012,1500,1500,2012,1500,1500,1500,1500,1500,1500,1500,1500,1500,1500,1500,1500,1500,1500,1500,1500,1500,1500,1500,1500,1500,1500,1500,1500,8.0
2026-05-04,13:42:05.030,-0.06,0.24,2.85,-61,0,100,14,0,5,50,-59,100,15,"HOLD",53.760055 -1.543363,37.3,132.40,23,10,11.4,3.2,655,58,1.1,3,3,559,-1,12,-1024,-93,-1024,1024,1,0,-1,1,-1,1,-1,-1,-1,0x0000000000000000,1500,1501,1779,1501,2012,1500,1500,2012,1500,1500,1500,1500,1500,1500,1500,1500,1500,1500,1500,1500,1500,1500,1500,1500,1500,1500,1500,1500,1500,1500,1500,1500,8.0
2026-05-04,13:42:05.530,-0.06,0.24,2.85,-63,0,100,14,0,5,50,-55,100,14,"HOLD",53.760055 -1.543363,37.3,132.40,23,10,11.4,3.2,655,58,-0.1,2,2,558,-1,12,-1024,-93,-1024,1024,1,0,-1,1,-1,1,-1,-1,-1,0x0000000000000000,1500,1501,1779,1500,2012,1500,1500,2012,1500,1500,1500,1500,1500,1500,1500,1500,1500,1500,1500,1500,1500,1500,1500,1500,1500,1500,1500,1500,1500,1500,1500,1500,8.0
2026-05-04,13:42:06.030,-0.06,0.24,2.85,-62,0,99,14,0,5,50,-55,100,14,"HOLD",53.760055 -1.543363,37.3,132.40,23,10,11.4,3.2,655,58,-0.1,2,3,559,0,12,-1024,-93,-1024,1024,1,0,-1,1,-1,1,-1,-1,-1,0x0000000000000000,1500,1501,1779,1500,2012,1500,1500,2012,1500,1500,1500,1500,1500,1500,1500,1500,1500,1500,1500,1500,1500,1500,1500,1500,1500,1500,1500,1500,1500,1500,1500,1500,8.0
2026-05-04,13:42:06.530,-0.06,0.24,2.85,-62,0,99,14,0,5,50,-52,100,14,"HOLD",53.760055 -1.543363,37.3,132.40,23,10,11.4,3.2,655,58,-0.1,2,2,558,0,12,-1024,-93,-1024,1024,1,0,-1,1,-1,1,-1,-1,-1,0x0000000000000000,1500,1501,1779,1500,2012,1500,1500,2012,1500,1500,1500,1500,1500,1500,1500,1500,1500,1500,1500,1500,1500,1500,1500,1500,1500,1500,1500,1500,1500,1500,1500,1500,8.0
2026-05-04,13:42:07.030,-0.06,0.24,2.85,-61,0,99,14,0,5,50,-52,100,15,"HOLD",53.759585 -1.543071,34.3,191.70,22,10,11.4,3.2,655,58,-0.1,2,2,558,-1,12,-1024,-93,-1024,1024,1,0,-1,1,-1,1,-1,-1,-1,0x0000000000000000,1500,1501,1779,1500,2012,1500,1500,2012,1500,1500,1500,1500,1500,1500,1500,1500,1500,1500,1500,1500,1500,1500,1500,1500,1500,1500,1500,1500,1500,1500,1500,1500,8.0
2026-05-04,13:42:07.530,-0.06,0.24,2.85,-59,0,100,14,0,5,50,-50,100,14,"HOLD",53.759585 -1.543071,34.3,191.70,22,10,11.4,3.2,655,58,-0.1,2,2,558,-1,12,-1024,-93,-1024,1024,1,0,-1,1,-1,1,-1,-1,-1,0x0000000000000000,1500,1501,1779,1500,2012,1500,1500,2012,1500,1500,1500,1500,1500,1500,1500,1500,1500,1500,1500,1500,1500,1500,1500,1500,1500,1500,1500,1500,1500,1500,1500,1500,8.0
2026-05-04,13:42:08.030,-0.06,0.24,2.85,-58,0,100,14,0,5,50,-49,100,14,"HOLD",53.759585 -1.543071,34.3,191.70,22,10,11.4,3.2,655,58,-0.1,2,3,558,-1,12,-1024,-93,-1024,1024,1,0,-1,1,-1,1,-1,-1,-1,0x0000000000000000,1500,1501,1779,1500,2012,1500,1500,2012,1500,1500,1500,1500,1500,1500,1500,1500,1500,1500,1500,1500,1500,1500,1500,1500,1500,1500,1500,1500,1500,1500,1500,1500,8.0
2026-05-04,13:42:08.530,-0.06,0.24,2.85,-64,0,100,14,0,5,50,-57,100,13,"HOLD",53.759585 -1.543071,34.3,191.70,22,10,11.4,3.7,660,57,-0.1,2,2,558,0,12,-1024,-93,-1024,1024,1,0,-1,1,-1,1,-1,-1,-1,0x0000000000000000,1500,1501,1779,1500,2012,1500,1500,2012,1500,1500,1500,1500,1500,1500,1500,1500,1500,1500,1500,1500,1500,1500,1500,1500,1500,1500,1500,1500,1500,1500,1500,1500,8.0
2026-05-04,13:42:09.030,-0.16,0.29,-2.42,-64,0,100,14,0,5,50,-55,100,14,"HOLD",53.759585 -1.543071,34.3,191.70,22,10,11.4,3.7,660,57,-0.1,2,3,558,-1,13,-1024,-93,-1024,1024,1,0,-1,1,-1,1,-1,-1,-1,0x0000000000000000,1500,1501,1779,1500,2012,1500,1500,2012,1500,1500,1500,1500,1500,1500,1500,1500,1500,1500,1500,1500,1500,1500,1500,1500,1500,1500,1500,1500,1500,1500,1500,1500,8.0
2026-05-04,13:42:09.530,-0.16,0.29,-2.42,-61,0,100,14,0,5,50,-56,100,16,"HOLD",53.759585 -1.543071,34.3,191.70,22,10,11.4,3.7,660,57,-0.1,2,2,558,-1,12,-1024,-93,-1024,1024,1,0,-1,1,-1,1,-1,-1,-1,0x0000000000000000,1500,1501,1779,1500,2012,1500,1500,2012,1500,1500,1500,1500,1500,1500,1500,1500,1500,1500,1500,1500,1500,1500,1500,1500,1500,1500,1500,1500,1500,1500,1500,1500,8.0
2026-05-04,13:42:10.030,-0.16,0.29,-2.42,-56,0,100,14,0,5,50,-51,100,14,"HOLD",53.759585 -1.543071,34.3,191.70,22,10,11.4,3.7,660,57,-0.1,2,2,558,-1,12,-1024,-93,-1024,1024,1,0,-1,1,-1,1,-1,-1,-1,0x0000000000000000,1500,1501,1779,1500,2012,1500,1500,2012,1500,1500,1500,1500,1500,1500,1500,1500,1500,1500,1500,1500,1500,1500,1500,1500,1500,1500,1500,1500,1500,1500,1500,1500,8.0
2026-05-04,13:42:10.530,-0.16,0.29,-2.42,-58,0,100,14,0,5,50,-47,100,15,"HOLD",53.759585 -1.543071,34.3,191.70,22,10,11.4,3.7,660,57,-0.1,3,2,558,-1,12,-1024,-93,-1024,1024,1,0,-1,1,-1,1,-1,-1,-1,0x0000000000000000,1500,1501,1779,1501,2012,1500,1500,2012,1500,1500,1500,1500,1500,1500,1500,1500,1500,1500,1500,1500,1500,1500,1500,1500,1500,1500,1500,1500,1500,1500,1500,1500,8.0
2026-05-04,13:42:11.030,-0.16,0.29,-2.42,-54,0,100,14,0,5,50,-46,100,14,"HOLD",53.759585 -1.543071,34.3,191.70,22,10,11.4,3.7,660,57,-0.6,2,3,557,-1,12,-1024,-93,-1024,1024,1,0,-1,1,-1,1,-1,-1,-1,0x0000000000000000,1500,1501,1778,1500,2012,1500,1500,2012,1500,1500,1500,1500,1500,1500,1500,1500,1500,1500,1500,1500,1500,1500,1500,1500,1500,1500,1500,1500,1500,1500,1500,1500,8.0
2026-05-04,13:42:11.530,-0.16,0.29,-2.42,-53,0,100,14,0,5,50,-52,100,14,"HOLD",53.759585 -1.543071,34.3,191.70,22,10,11.4,3.7,660,57,-0.6,2,2,558,-1,12,-1024,-93,-1024,1024,1,0,-1,1,-1,1,-1,-1,-1,0x0000000000000000,1500,1501,1779,1500,2012,1500,1500,2012,1500,1500,1500,1500,1500,1500,1500,1500,1500,1500,1500,1500,1500,1500,1500,1500,1500,1500,1500,1500,1500,1500,1500,1500,8.0
2026-05-04,13:42:12.030,-0.16,0.29,-2.42,-58,0,99,14,0,5,50,-51,100,13,"HOLD",53.759585 -1.543071,34.3,191.70,22,10,11.4,3.7,660,57,-0.6,2,2,558,-1,12,-1024,-93,-1024,1024,1,0,-1,1,-1,1,-1,-1,-1,0x0000000000000000,1500,1501,1779,1500,2012,1500,1500,2012,1500,1500,1500,1500,1500,1500,1500,1500,1500,1500,1500,1500,1500,1500,1500,1500,1500,1500,1500,1500,1500,1500,1500,1500,8.0
2026-05-04,13:42:12.530,-0.16,0.29,-2.42,-59,0,100,14,0,5,50,-50,100,15,"HOLD",53.759241 -1.543540,34.1,238.90,21,9,11.4,3.7,660,57,-0.6,2,2,558,-1,12,-1024,-93,-1024,1024,1,0,-1,1,-1,1,-1,-1,-1,0x0000000000000000,1500,1501,1779,1501,2012,1500,1500,2012,1500,1500,1500,1500,1500,1500,1500,1500,1500,1500,1500,1500,1500,1500,1500,1500,1500,1500,1500,1500,1500,1500,1500,1500,8.0
2026-05-04,13:42:13.030,-0.16,0.29,-2.42,-59,0,100,14,0,5,50,-66,100,13,"HOLD",53.759241 -1.543540,34.1,238.90,21,9,11.4,3.7,660,57,-0.6,2,2,559,-1,12,-1024,-93,-1024,1024,1,0,-1,1,-1,1,-1,-1,-1,0x0000000000000000,1500,1501,1779,1500,2012,1500,1500,2012,1500,1500,1500,1500,1500,1500,1500,1500,1500,1500,1500,1500,1500,1500,1500,1500,1500,1500,1500,1500,1500,1500,1500,1500,8.0
2026-05-04,13:42:13.530,-0.16,0.29,-2.42,-66,0,99,14,0,5,50,-50,100,14,"HOLD",53.759241 -1.543540,34.1,238.90,21,9,11.4,3.7,660,57,-0.6,2,2,559,-1,12,-1024,-93,-1024,1024,1,0,-1,1,-1,1,-1,-1,-1,0x0000000000000000,1500,1501,1779,1500,2012,1500,1500,2012,1500,1500,1500,1500,1500,1500,1500,1500,1500,1500,1500,1500,1500,1500,1500,1500,1500,1500,1500,1500,1500,1500,1500,1500,8.0
2026-05-04,13:42:14.030,-0.16,0.29,-2.42,-57,0,100,14,0,5,50,-50,100,14,"HOLD",53.759241 -1.543540,34.1,238.90,21,9,11.4,4.5,666,55,-0.6,3,3,558,-1,12,-1024,-93,-1024,1024,1,0,-1,1,-1,1,-1,-1,-1,0x0000000000000000,1500,1501,1779,1501,2012,1500,1500,2012,1500,1500,1500,1500,1500,1500,1500,1500,1500,1500,1500,1500,1500,1500,1500,1500,1500,1500,1500,1500,1500,1500,1500,1500,8.0
2026-05-04,13:42:14.530,-0.16,0.29,-2.42,-56,0,100,14,0,5,50,-51,100,14,"HOLD",53.759241 -1.543540,34.1,238.90,21,9,11.4,4.5,666,55,-0.6,2,2,558,-1,12,-1024,-93,-1024,1024,1,0,-1,1,-1,1,-1,-1,-1,0x0000000000000000,1500,1501,1779,1500,2012,1500,1500,2012,1500,1500,1500,1500,1500,1500,1500,1500,1500,1500,1500,1500,1500,1500,1500,1500,1500,1500,1500,1500,1500,1500,1500,1500,8.0
2026-05-04,13:42:15.030,-0.14,0.12,-1.69,-61,0,100,14,0,5,50,-56,100,15,"HOLD",53.759241 -1.543540,34.1,238.90,21,9,11.4,4.5,666,55,-0.6,2,2,558,0,12,-1024,-93,-1024,1024,1,0,-1,1,-1,1,-1,-1,-1,0x0000000000000000,1500,1501,1779,1500,2012,1500,1500,2012,1500,1500,1500,1500,1500,1500,1500,1500,1500,1500,1500,1500,1500,1500,1500,1500,1500,1500,1500,1500,1500,1500,1500,1500,8.0
2026-05-04,13:42:15.530,-0.14,0.12,-1.69,-61,0,100,14,0,5,50,-51,100,14,"HOLD",53.759241 -1.543540,34.1,238.90,21,9,11.4,4.5,666,55,-0.6,3,2,558,-1,12,-1024,-93,-1024,1024,1,0,-1,1,-1,1,-1,-1,-1,0x0000000000000000,1500,1501,1779,1501,2012,1500,1500,2012,1500,1500,1500,1500,1500,1500,1500,1500,1500,1500,1500,1500,1500,1500,1500,1500,1500,1500,1500,1500,1500,1500,1500,1500,8.0
2026-05-04,13:42:16.030,-0.14,0.12,-1.69,-62,0,99,14,0,5,50,-50,100,13,"HOLD",53.759241 -1.543540,34.1,238.90,21,9,11.4,4.5,666,55,-0.6,3,2,558,0,12,-1024,-93,-1024,1024,1,0,-1,1,-1,1,-1,-1,-1,0x0000000000000000,1500,1501,1779,1501,2012,1500,1500,2012,1500,1500,1500,1500,1500,1500,1500,1500,1500,1500,1500,1500,1500,1500,1500,1500,1500,1500,1500,1500,1500,1500,1500,1500,8.0
2026-05-04,13:42:16.530,-0.14,0.12,-1.69,-59,0,100,14,0,5,50,-50,100,14,"HOLD",53.759241 -1.543540,34.1,238.90,21,9,11.4,4.5,666,55,0.6,2,2,558,0,12,-1024,-93,-1024,1024,1,0,-1,1,-1,1,-1,-1,-1,0x0000000000000000,1500,1501,1779,1500,2012,1500,1500,2012,1500,1500,1500,1500,1500,1500,1500,1500,1500,1500,1500,1500,1500,1500,1500,1500,1500,1500,1500,1500,1500,1500,1500,1500,8.0
2026-05-04,13:42:17.030,-0.14,0.12,-1.69,-59,0,99,14,0,5,50,-50,100,14,"HOLD",53.759241 -1.543540,34.1,238.90,21,9,11.4,4.5,666,55,0.6,2,2,558,-1,12,-1024,-93,-1024,1024,1,0,-1,1,-1,1,-1,-1,-1,0x0000000000000000,1500,1501,1779,1500,2012,1500,1500,2012,1500,1500,1500,1500,1500,1500,1500,1500,1500,1500,1500,1500,1500,1500,1500,1500,1500,1500,1500,1500,1500,1500,1500,1500,8.0
2026-05-04,13:42:17.530,-0.14,0.12,-1.69,-59,0,98,14,0,5,50,-56,100,15,"HOLD",53.759241 -1.543540,34.1,238.90,21,9,11.4,4.5,666,55,0.6,2,2,559,0,12,-1024,-93,-1024,1024,1,0,-1,1,-1,1,-1,-1,-1,0x0000000000000000,1500,1501,1779,1500,2012,1500,1500,2012,1500,1500,1500,1500,1500,1500,1500,1500,1500,1500,1500,1500,1500,1500,1500,1500,1500,1500,1500,1500,1500,1500,1500,1500,8.0
2026-05-04,13:42:18.030,-0.14,0.12,-1.69,-63,0,98,14,0,5,50,-49,100,14,"HOLD",53.759265 -1.544343,39.8,303.60,22,11,11.4,4.5,666,55,0.6,2,2,559,-1,12,-1024,-93,-1024,1024,1,0,-1,1,-1,1,-1,-1,-1,0x0000000000000000,1500,1501,1779,1500,2012,1500,1500,2012,1500,1500,1500,1500,1500,1500,1500,1500,1500,1500,1500,1500,1500,1500,1500,1500,1500,1500,1500,1500,1500,1500,1500,1500,8.0
2026-05-04,13:42:18.530,-0.14,0.12,-1.69,-55,0,98,14,0,5,50,-49,100,15,"HOLD",53.759265 -1.544343,39.8,303.60,22,11,11.4,4.5,666,55,0.6,2,2,558,-1,12,-1024,-93,-1024,1024,1,0,-1,1,-1,1,-1,-1,-1,0x0000000000000000,1500,1501,1779,1500,2012,1500,1500,2012,1500,1500,1500,1500,1500,1500,1500,1500,1500,1500,1500,1500,1500,1500,1500,1500,1500,1500,1500,1500,1500,1500,1500,1500,8.0
2026-05-04,13:42:19.030,-0.14,0.12,-1.69,-55,0,100,14,0,5,50,-52,100,13,"HOLD",53.759265 -1.544343,39.8,303.60,22,11,11.4,4.5,666,55,0.6,3,2,534,-1,12,-1024,-93,-1024,1024,1,0,-1,1,-1,1,-1,-1,-1,0x0000000000000000,1500,1501,1767,1501,2012,1500,1500,2012,1500,1500,1500,1500,1500,1500,1500,1500,1500,1500,1500,1500,1500,1500,1500,1500,1500,1500,1500,1500,1500,1500,1500,1500,8.0
2026-05-04,13:42:19.530,-0.14,0.12,-1.69,-57,0,100,14,0,5,50,-49,100,15,"HOLD",53.759265 -1.544343,39.8,303.60,22,11,11.4,4.0,673,56,0.6,3,2,-310,-1,12,-1024,-93,-1024,1024,1,0,-1,1,-1,1,-1,-1,-1,0x0000000000000000,1500,1501,1345,1501,2012,1500,1500,2012,1500,1500,1500,1500,1500,1500,1500,1500,1500,1500,1500,1500,1500,1500,1500,1500,1500,1500,1500,1500,1500,1500,1500,1500,8.0
2026-05-04,13:42:20.030,-0.14,0.12,-1.69,-62,0,99,14,0,5,50,-63,100,15,"HOLD",53.759265 -1.544343,39.8,303.60,22,11,11.4,4.0,673,56,0.6,3,3,-416,0,13,-1024,-93,-1024,1024,1,0,-1,1,-1,1,-1,-1,-1,0x0000000000000000,1500,1501,1292,1501,2012,1500,1500,2012,1500,1500,1500,1500,1500,1500,1500,1500,1500,1500,1500,1500,1500,1500,1500,1500,1500,1500,1500,1500,1500,1500,1500,1500,8.0
2026-05-04,13:42:20.530,-0.09,0.42,-0.38,-60,0,100,14,0,5,50,-51,100,13,"HOLD",53.759265 -1.544343,39.8,303.60,22,11,11.4,4.0,673,56,0.6,3,2,-367,-1,12,-1024,-93,-1024,1024,1,0,-1,-1,-1,1,-1,-1,-1,0x0000000000000000,1500,1501,1317,1501,2012,1500,1500,988,1500,1500,1500,1500,1500,1500,1500,1500,1500,1500,1500,1500,1500,1500,1500,1500,1500,1500,1500,1500,1500,1500,1500,1500,8.0
2026-05-04,13:42:21.030,-0.09,0.42,-0.38,-54,0,99,14,0,5,50,-47,100,14,"HOLD",53.759265 -1.544343,39.8,303.60,22,11,11.4,4.0,673,56,0.6,5,2,-310,983,12,-1024,-93,-1024,1024,1,0,-1,-1,-1,1,-1,-1,-1,0x0000000000000000,1987,1501,1345,1501,2012,1013,1500,988,1500,1500,1500,1500,1500,1500,1500,1500,1500,1500,1500,1500,1500,1500,1500,1500,1500,1500,1500,1500,1500,1500,1500,1500,8.0
2026-05-04,13:42:21.530,-0.09,0.42,-0.38,-52,0,100,14,0,5,50,-46,100,15,"HOLD",53.759265 -1.544343,39.8,303.60,22,11,11.4,4.0,673,56,0.6,32,-424,-101,800,12,-1024,-93,-1024,1024,1,0,-1,-1,-1,1,-1,-1,-1,0x0000000000000000,1884,1306,1450,1511,2012,1116,1500,988,1500,1500,1500,1500,1500,1500,1500,1500,1500,1500,1500,1500,1500,1500,1500,1500,1500,1500,1500,1500,1500,1500,1500,1500,8.0
2026-05-04,13:42:22.030,-0.09,0.42,-0.38,-58,0,99,14,0,5,50,-59,100,15,"HOLD",53.759265 -1.544343,39.8,303.60,22,11,11.4,4.0,673,56,0.2,39,-309,45,897,12,-1024,-93,-1024,1024,1,0,-1,-1,-1,1,-1,-1,-1,0x0000000000000000,1948,1366,1522,1513,2012,1052,1500,988,1500,1500,1500,1500,1500,1500,1500,1500,1500,1500,1500,1500,1500,1500,1500,1500,1500,1500,1500,1500,1500,1500,1500,1500,8.0
2026-05-04,13:42:22.530,-0.09,0.42,-0.38,-65,0,100,14,0,5,50,-53,100,14,"HOLD",53.759265 -1.544343,39.8,303.60,22,11,11.4,4.0,673,56,0.2,36,-569,168,689,12,-1024,-93,-1024,1024,1,0,-1,-1,-1,1,-1,-1,-1,0x0000000000000000,1825,1236,1584,1512,2012,1175,1500,988,1500,1500,1500,1500,1500,1500,1500,1500,1500,1500,1500,1500,1500,1500,1500,1500,1500,1500,1500,1500,1500,1500,1500,1500,8.0
2026-05-04,13:42:23.030,-0.09,0.42,-0.38,-59,0,100,14,0,5,50,-50,100,14,"HOLD",53.759265 -1.544343,39.8,303.60,22,11,11.4,4.0,673,56,0.2,7,-260,331,1022,12,-1024,-93,-1024,1024,1,0,-1,-1,-1,1,-1,-1,-1,0x0000000000000000,2011,1383,1665,1502,2012,989,1500,988,1500,1500,1500,1500,1500,1500,1500,1500,1500,1500,1500,1500,1500,1500,1500,1500,1500,1500,1500,1500,1500,1500,1500,1500,8.0
2026-05-04,13:42:23.530,-0.09,0.42,-0.38,-57,0,100,14,0,5,50,-49,100,13,"HOLD",53.759745 -1.544759,43.2,3.80,24,11,11.4,4.0,673,56,0.2,2,-335,324,714,12,-1024,-93,-1024,1024,1,0,-1,-1,-1,1,-1,-1,-1,0x0000000000000000,1838,1348,1662,1500,2012,1162,1500,988,1500,1500,1500,1500,1500,1500,1500,1500,1500,1500,1500,1500,1500,1500,1500,1500,1500,1500,1500,1500,1500,1500,1500,1500,8.0
2026-05-04,13:42:24.030,-0.09,0.42,-0.38,-55,0,99,14,0,5,50,-49,100,14,"HOLD",53.759745 -1.544759,43.2,3.80,24,11,11.4,4.0,673,56,0.2,3,-328,320,1023,11,-1024,-93,-1024,1024,1,0,-1,-1,-1,1,-1,-1,-1,0x0000000000000000,2011,1351,1660,1501,2012,989,1500,988,1500,1500,1500,1500,1500,1500,1500,1500,1500,1500,1500,1500,1500,1500,1500,1500,1500,1500,1500,1500,1500,1500,1500,1500,8.0
2026-05-04,13:42:24.530,-0.09,0.42,-0.38,-56,0,100,14,0,5,50,-54,100,14,"HOLD",53.759745 -1.544759,43.2,3.80,24,11,11.4,4.0,673,56,0.2,1,-224,322,1022,12,-1024,-93,-1024,1024,1,0,-1,-1,-1,1,-1,-1,-1,0x0000000000000000,2011,1399,1661,1500,2012,989,1500,988,1500,1500,1500,1500,1500,1500,1500,1500,1500,1500,1500,1500,1500,1500,1500,1500,1500,1500,1500,1500,1500,1500,1500,1500,8.0
2026-05-04,13:42:25.030,-0.09,0.42,-0.38,-61,0,98,14,0,5,50,-53,100,15,"HOLD",53.759745 -1.544759,43.2,3.80,24,11,11.3,4.8,679,55,0.2,0,-481,421,414,12,-1024,-93,-1024,1024,1,0,-1,-1,-1,1,-1,-1,-1,0x0000000000000000,1689,1279,1710,1500,2012,1311,1500,988,1500,1500,1500,1500,1500,1500,1500,1500,1500,1500,1500,1500,1500,1500,1500,1500,1500,1500,1500,1500,1500,1500,1500,1500,8.0
2026-05-04,13:42:25.530,-0.09,0.42,-0.38,-63,0,100,14,0,5,50,-51,100,14,"HOLD",53.759745 -1.544759,43.2,3.80,24,11,11.3,4.8,679,55,0.2,1,-79,443,870,12,-1024,-93,-1024,1024,1,0,-1,-1,-1,1,-1,-1,-1,0x0000000000000000,1922,1465,1721,1500,2012,1078,1500,988,1500,1500,1500,1500,1500,1500,1500,1500,1500,1500,1500,1500,1500,1500,1500,1500,1500,1500,1500,1500,1500,1500,1500,1500,8.0
2026-05-04,13:42:26.030,0.05,1.02,1.28,-66,0,99,13,0,5,50,-56,100,14,"HOLD",53.759745 -1.544759,43.2,3.80,24,11,11.3,4.8,679,55,0.2,3,-236,384,243,12,-1024,-93,-1024,1024,1,0,-1,-1,-1,1,-1,-1,-1,0x0000000000000000,1610,1394,1692,1501,2012,1390,1500,988,1500,1500,1500,1500,1500,1500,1500,1500,1500,1500,1500,1500,1500,1500,1500,1500,1500,1500,1500,1500,1500,1500,1500,1500,8.0
2026-05-04,13:42:26.530,0.05,1.02,1.28,-61,0,98,14,0,5,50,-50,100,14,"ANGL",53.759745 -1.544759,43.2,3.80,24,11,11.3,4.8,679,55,0.2,2,-226,406,276,12,-1024,-93,-1024,1024,1,0,-1,-1,-1,1,-1,-1,-1,0x0000000000000000,1625,1398,1703,1500,2012,1375,1500,988,1500,1500,1500,1500,1500,1500,1500,1500,1500,1500,1500,1500,1500,1500,1500,1500,1500,1500,1500,1500,1500,1500,1500,1500,8.0
2026-05-04,13:42:27.030,0.05,1.02,1.28,-57,0,99,14,0,5,50,-52,100,15,"ANGL",53.759745 -1.544759,43.2,3.80,24,11,11.3,4.8,679,55,0.2,1,-65,401,98,12,-1024,-93,-1024,1024,1,0,-1,-1,-1,1,-1,-1,-1,0x0000000000000000,1544,1471,1700,1500,2012,1456,1500,988,1500,1500,1500,1500,1500,1500,1500,1500,1500,1500,1500,1500,1500,1500,1500,1500,1500,1500,1500,1500,1500,1500,1500,1500,8.0
2026-05-04,13:42:27.530,0.05,1.02,1.28,-59,0,99,14,0,5,50,-50,100,14,"ANGL",53.759745 -1.544759,43.2,3.80,24,11,11.3,4.8,679,55,0.4,2,-534,392,25,12,-1024,-93,-1024,1024,1,0,-1,-1,-1,1,-1,-1,-1,0x0000000000000000,1511,1253,1696,1500,2012,1489,1500,988,1500,1500,1500,1500,1500,1500,1500,1500,1500,1500,1500,1500,1500,1500,1500,1500,1500,1500,1500,1500,1500,1500,1500,1500,8.0
2026-05-04,13:42:28.030,0.05,1.02,1.28,-57,0,100,14,0,5,50,-50,100,14,"ANGL",53.759745 -1.544759,43.2,3.80,24,11,11.3,4.8,679,55,0.4,2,-240,364,82,12,-1024,-93,-1024,1024,1,0,-1,-1,-1,1,-1,-1,-1,0x0000000000000000,1537,1392,1682,1500,2012,1463,1500,988,1500,1500,1500,1500,1500,1500,1500,1500,1500,1500,1500,1500,1500,1500,1500,1500,1500,1500,1500,1500,1500,1500,1500,1500,8.0
2026-05-04,13:42:28.530,0.05,1.02,1.28,-57,0,100,14,0,5,50,-50,100,15,"ANGL",53.759745 -1.544759,43.2,3.80,24,11,11.3,4.8,679,55,0.4,3,2,393,-1,12,-1024,-93,-1024,1024,1,0,-1,-1,-1,1,-1,-1,-1,0x0000000000000000,1500,1501,1696,1501,2012,1500,1500,988,1500,1500,1500,1500,1500,1500,1500,1500,1500,1500,1500,1500,1500,1500,1500,1500,1500,1500,1500,1500,1500,1500,1500,1500,8.0
2026-05-04,13:42:29.030,0.05,1.02,1.28,-58,0,100,14,0,5,50,-56,100,14,"ANGL",53.759745 -1.544759,43.2,3.80,24,11,11.3,4.8,679,55,0.4,2,0,386,-107,12,-1024,-93,-1024,1024,1,0,-1,-1,-1,1,-1,-1,-1,0x0000000000000000,1452,1500,1693,1500,2012,1548,1500,988,1500,1500,1500,1500,1500,1500,1500,1500,1500,1500,1500,1500,1500,1500,1500,1500,1500,1500,1500,1500,1500,1500,1500,1500,8.0
2026-05-04,13:42:29.530,0.05,1.02,1.28,-64,0,100,14,0,5,50,-60,100,15,"ANGL",53.759974 -1.543828,53.7,97.90,20,11,11.3,4.8,679,55,0.4,-70,-4,326,-385,12,-1024,-93,-1024,1024,1,0,-1,-1,-1,1,-1,-1,-1,0x0000000000000000,1325,1498,1663,1476,2012,1675,1500,988,1500,1500,1500,1500,1500,1500,1500,1500,1500,1500,1500,1500,1500,1500,1500,1500,1500,1500,1500,1500,1500,1500,1500,1500,8.0
2026-05-04,13:42:30.030,0.05,1.02,1.28,-70,0,99,14,0,5,50,-63,100,15,"ANGL",53.759974 -1.543828,53.7,97.90,20,11,11.3,4.8,679,55,0.4,-348,-165,283,-684,13,-1024,-93,-1024,1024,1,0,-1,-1,-1,1,-1,-1,-1,0x0000000000000000,1177,1426,1641,1373,2012,1823,1500,988,1500,1500,1500,1500,1500,1500,1500,1500,1500,1500,1500,1500,1500,1500,1500,1500,1500,1500,1500,1500,1500,1500,1500,1500,8.0
2026-05-04,13:42:30.530,0.05,1.02,1.28,-71,0,98,14,0,5,50,-76,100,14,"ANGL",53.759974 -1.543828,53.7,97.90,20,11,11.3,5.0,686,54,0.4,-534,-355,253,-480,13,-1024,-93,-1024,1024,1,0,-1,-1,-1,1,-1,-1,-1,0x0000000000000000,1279,1339,1626,1292,2012,1721,1500,988,1500,1500,1500,1500,1500,1500,1500,1500,1500,1500,1500,1500,1500,1500,1500,1500,1500,1500,1500,1500,1500,1500,1500,1500,8.0
2026-05-04,13:42:31.030,0.05,1.02,1.28,-82,0,99,12,0,5,50,-74,100,12,"ANGL",53.759974 -1.543828,53.7,97.90,20,11,11.3,5.0,686,54,0.4,-664,-610,266,-481,12,-1024,-93,-1024,1024,1,0,-1,-1,-1,1,-1,-1,-1,0x0000000000000000,1279,1215,1633,1226,2012,1721,1500,988,1500,1500,1500,1500,1500,1500,1500,1500,1500,1500,1500,1500,1500,1500,1500,1500,1500,1500,1500,1500,1500,1500,1500,1500,8.0
2026-05-04,13:42:31.530,0.05,-0.51,1.21,-86,0,99,11,0,5,50,-88,100,7,"ANGL",53.759974 -1.543828,53.7,97.90,20,11,11.3,5.0,686,54,0.4,-702,-481,323,-523,13,-1024,-93,-1024,1024,1,0,-1,-1,-1,1,-1,-1,-1,0x0000000000000000,1258,1279,1661,1205,2012,1742,1500,988,1500,1500,1500,1500,1500,1500,1500,1500,1500,1500,1500,1500,1500,1500,1500,1500,1500,1500,1500,1500,1500,1500,1500,1500,8.0
2026-05-04,13:42:32.030,0.05,-0.51,1.21,-91,0,94,7,0,5,50,-84,100,11,"ANGL",53.759974 -1.543828,53.7,97.90,20,11,11.3,5.0,686,54,0.4,-611,-436,332,-551,13,-1024,-93,-1024,1024,1,0,-1,-1,-1,1,-1,-1,-1,0x0000000000000000,1245,1305,1666,1254,2012,1755,1500,988,1500,1500,1500,1500,1500,1500,1500,1500,1500,1500,1500,1500,1500,1500,1500,1500,1500,1500,1500,1500,1500,1500,1500,1500,8.0
2026-05-04,13:42:32.530,0.05,-0.51,1.21,-87,0,96,8,0,5,50,-72,100,14,"ANGL",53.759974 -1.543828,53.7,97.90,20,11,11.3,5.0,686,54,0.4,-626,-456,354,-905,13,-1024,-93,-1024,1024,1,0,-1,-1,-1,1,-1,-1,-1,0x0000000000000000,1058,1291,1677,1246,2012,1942,1500,988,1500,1500,1500,1500,1500,1500,1500,1500,1500,1500,1500,1500,1500,1500,1500,1500,1500,1500,1500,1500,1500,1500,1500,1500,8.0
2026-05-04,13:42:33.030,0.05,-0.51,1.21,-80,0,98,12,0,5,50,-70,100,14,"ANGL",53.759974 -1.543828,53.7,97.90,20,11,11.3,5.0,686,54,0.2,-666,-492,274,-734,13,-1024,-93,-1024,1024,1,0,-1,-1,-1,1,-1,-1,-1,0x0000000000000000,1151,1273,1637,1225,2012,1849,1500,988,1500,1500,1500,1500,1500,1500,1500,1500,1500,1500,1500,1500,1500,1500,1500,1500,1500,1500,1500,1500,1500,1500,1500,1500,8.0
2026-05-04,13:42:33.530,0.05,-0.51,1.21,-76,0,98,13,0,5,50,-64,100,15,"ANGL",53.759974 -1.543828,53.7,97.90,20,11,11.3,5.0,686,54,0.2,-498,-409,329,-515,13,-1024,-93,-1024,1024,1,0,-1,-1,-1,1,-1,-1,-1,0x0000000000000000,1262,1319,1664,1314,2012,1738,1500,988,1500,1500,1500,1500,1500,1500,1500,1500,1500,1500,1500,1500,1500,1500,1500,1500,1500,1500,1500,1500,1500,1500,1500,1500,8.0
2026-05-04,13:42:34.030,0.05,-0.51,1.21,-71,0,99,13,0,5,50,-64,100,14,"ANGL",53.759974 -1.543828,53.7,97.90,20,11,11.3,5.0,686,54,0.2,-117,-515,263,-496,13,-1024,-93,-1024,1024,1,0,-1,-1,-1,1,-1,-1,-1,0x0000000000000000,1272,1262,1626,1464,2012,1728,1500,988,1500,1500,1500,1500,1500,1500,1500,1500,1500,1500,1500,1500,1500,1500,1500,1500,1500,1500,1500,1500,1500,1500,1500,1500,8.0
2026-05-04,13:42:34.530,0.05,-0.51,1.21,-72,0,100,13,0,5,50,-72,100,13,"ANGL",53.759974 -1.543828,53.7,97.90,20,11,11.3,5.0,686,54,0.2,-83,-202,190,-318,12,-1024,-93,-1024,1024,1,0,-1,-1,-1,1,-1,-1,-1,0x0000000000000000,1355,1404,1595,1476,2012,1645,1500,988,1500,1500,1500,1500,1500,1500,1500,1500,1500,1500,1500,1500,1500,1500,1500,1500,1500,1500,1500,1500,1500,1500,1500,1500,8.0
2026-05-04,13:42:35.030,0.05,-0.51,1.21,-76,0,99,12,0,5,50,-67,100,15,"ANGL",53.760238 -1.542928,42.7,-308.96,20,11,11.3,5.0,686,54,0.2,0,-242,226,-644,13,-1024,-93,-1024,1024,1,0,-1,-1,-1,1,-1,-1,-1,0x0000000000000000,1198,1391,1613,1500,2012,1802,1500,988,1500,1500,1500,1500,1500,1500,1500,1500,1500,1500,1500,1500,1500,1500,1500,1500,1500,1500,1500,1500,1500,1500,1500,1500,8.0
2026-05-04,13:42:35.530,0.05,-0.51,1.21,-73,0,96,13,0,5,50,-69,100,14,"ANGL",53.760238 -1.542928,42.7,-308.96,20,11,11.3,5.0,686,54,0.2,-235,-258,294,-708,13,-1024,-93,-1024,1024,1,0,-1,-1,-1,1,-1,-1,-1,0x0000000000000000,1165,1384,1647,1416,2012,1835,1500,988,1500,1500,1500,1500,1500,1500,1500,1500,1500,1500,1500,1500,1500,1500,1500,1500,1500,1500,1500,1500,1500,1500,1500,1500,8.0
2026-05-04,13:42:36.030,0.05,-0.51,1.21,-74,0,99,13,0,5,50,-72,100,14,"ANGL",53.760238 -1.542928,42.7,-308.96,20,11,11.3,4.2,694,55,0.2,-38,-6,289,-313,13,-1024,-93,-1024,1024,1,0,-1,-1,-1,1,-1,-1,-1,0x0000000000000000,1358,1498,1644,1487,2012,1642,1500,988,1500,1500,1500,1500,1500,1500,1500,1500,1500,1500,1500,1500,1500,1500,1500,1500,1500,1500,1500,1500,1500,1500,1500,1500,8.0
2026-05-04,13:42:36.530,0.05,-0.51,1.21,-79,0,98,12,0,5,50,-77,100,13,"ANGL",53.760238 -1.542928,42.7,-308.96,20,11,11.3,4.2,694,55,0.2,2,-196,320,1,12,-1024,-93,-1024,1024,1,0,-1,-1,-1,1,-1,-1,-1,0x0000000000000000,1500,1412,1660,1500,2012,1500,1500,988,1500,1500,1500,1500,1500,1500,1500,1500,1500,1500,1500,1500,1500,1500,1500,1500,1500,1500,1500,1500,1500,1500,1500,1500,8.0
2026-05-04,13:42:37.030,-0.10,-0.25,-2.26,-80,0,96,12,0,5,50,-71,100,13,"ANGL",53.760238 -1.542928,42.7,-308.96,20,11,11.3,4.2,694,55,0.2,266,-114,302,2,12,-1024,-93,-1024,1024,1,0,-1,-1,-1,1,-1,-1,-1,0x0000000000000000,1501,1449,1651,1595,2012,1499,1500,988,1500,1500,1500,1500,1500,1500,1500,1500,1500,1500,1500,1500,1500,1500,1500,1500,1500,1500,1500,1500,1500,1500,1500,1500,8.0
2026-05-04,13:42:37.530,-0.10,-0.25,-2.26,-76,0,100,13,0,5,50,-68,100,13,"ANGL",53.760238 -1.542928,42.7,-308.96,20,11,11.3,4.2,694,55,0.2,203,-116,351,52,12,-1024,-93,-1024,1024,1,0,-1,-1,-1,1,-1,-1,-1,0x0000000000000000,1523,1448,1675,1572,2012,1477,1500,988,1500,1500,1500,1500,1500,1500,1500,1500,1500,1500,1500,1500,1500,1500,1500,1500,1500,1500,1500,1500,1500,1500,1500,1500,8.0
2026-05-04,13:42:38.030,-0.10,-0.25,-2.26,-79,0,100,13,0,5,50,-85,100,9,"ANGL",53.760238 -1.542928,42.7,-308.96,20,11,11.3,4.2,694,55,0.2,6,-267,428,-81,13,-1024,-93,-1024,1024,1,0,-1,-1,-1,1,-1,-1,-1,0x0000000000000000,1464,1379,1714,1502,2012,1536,1500,988,1500,1500,1500,1500,1500,1500,1500,1500,1500,1500,1500,1500,1500,1500,1500,1500,1500,1500,1500,1500,1500,1500,1500,1500,8.0
2026-05-04,13:42:38.530,-0.10,-0.25,-2.26,-84,0,98,9,0,5,50,-78,100,14,"ANGL",53.760238 -1.542928,42.7,-308.96,20,11,11.3,4.2,694,55,0.1,2,-2,621,-52,12,-1024,-93,-1024,1024,1,0,-1,-1,-1,1,-1,-1,-1,0x0000000000000000,1477,1499,1810,1500,2012,1523,1500,988,1500,1500,1500,1500,1500,1500,1500,1500,1500,1500,1500,1500,1500,1500,1500,1500,1500,1500,1500,1500,1500,1500,1500,1500,8.0
2026-05-04,13:42:39.030,-0.10,-0.25,-2.26,-79,0,99,12,0,5,50,-78,100,12,"ANGL",53.760238 -1.542928,42.7,-308.96,20,11,11.3,4.2,694,55,0.1,73,2,293,-1,12,-1024,-93,-1024,1024,1,0,-1,-1,-1,1,-1,-1,-1,0x0000000000000000,1500,1501,1646,1525,2012,1500,1500,988,1500,1500,1500,1500,1500,1500,1500,1500,1500,1500,1500,1500,1500,1500,1500,1500,1500,1500,1500,1500,1500,1500,1500,1500,8.0
2026-05-04,13:42:39.530,-0.10,-0.25,-2.26,-80,0,96,11,0,5,50,-73,100,14,"ANGL",53.760238 -1.542928,42.7,-308.96,20,11,11.3,4.2,694,55,0.1,67,2,268,-1,12,-1024,-93,-1024,1024,1,0,-1,-1,-1,1,-1,-1,-1,0x0000000000000000,1500,1501,1634,1523,2012,1500,1500,988,1500,1500,1500,1500,1500,1500,1500,1500,1500,1500,1500,1500,1500,1500,1500,1500,1500,1500,1500,1500,1500,1500,1500,1500,8.0
2026-05-04,13:42:40.030,-0.10,-0.25,-2.26,-82,0,96,12,0,5,50,-66,100,13,"ANGL",53.760238 -1.542928,42.7,-308.96,20,11,11.3,4.2,694,55,0.1,5,2,268,-1,12,-1024,-93,-1024,1024,1,0,-1,-1,-1,1,-1,-1,-1,0x0000000000000000,1500,1501,1634,1501,2012,1500,1500,988,1500,1500,1500,1500,1500,1500,1500,1500,1500,1500,1500,1500,1500,1500,1500,1500,1500,1500,1500,1500,1500,1500,1500,1500,8.0
2026-05-04,13:42:40.530,-0.10,-0.25,-2.26,-76,0,97,13,0,5,50,-65,100,13,"ANGL",53.760073 -1.543469,40.5,212.00,20,10,11.3,4.2,694,55,0.1,300,-1,283,297,12,-1024,-93,-1024,1024,1,0,-1,-1,-1,1,-1,-1,-1,0x0000000000000000,1634,1500,1641,1609,2012,1366,1500,988,1500,1500,1500,1500,1500,1500,1500,1500,1500,1500,1500,1500,1500,1500,1500,1500,1500,1500,1500,1500,1500,1500,1500,1500,8.0
2026-05-04,13:42:41.030,-0.10,-0.25,-2.26,-72,0,99,13,0,5,50,-63,100,13,"ANGL",53.760073 -1.543469,40.5,212.00,20,10,11.3,4.2,694,55,0.1,436,1,231,1,12,-1024,-93,-1024,1024,1,0,-1,-1,-1,1,-1,-1,-1,0x0000000000000000,1500,1500,1615,1664,2012,1500,1500,988,1500,1500,1500,1500,1500,1500,1500,1500,1500,1500,1500,1500,1500,1500,1500,1500,1500,1500,1500,1500,1500,1500,1500,1500,8.0
2026-05-04,13:42:41.530,-0.10,-0.25,-2.26,-72,0,99,13,0,5,50,-69,100,15,"ANGL",53.760073 -1.543469,40.5,212.00,20,10,11.3,4.2,702,54,0.1,7,-90,490,-124,13,-1024,-93,-1024,1024,1,0,-1,-1,-1,1,-1,-1,-1,0x0000000000000000,1444,1459,1745,1502,2012,1556,1500,988,1500,1500,1500,1500,1500,1500,1500,1500,1500,1500,1500,1500,1500,1500,1500,1500,1500,1500,1500,1500,1500,1500,1500,1500,8.0
2026-05-04,13:42:42.030,-0.10,-0.25,-2.26,-69,0,99,13,0,5,50,-60,100,14,"ANGL",53.760073 -1.543469,40.5,212.00,20,10,11.3,4.2,702,54,0.1,3,-115,440,-223,13,-1024,-93,-1024,1024,1,0,-1,-1,-1,1,-1,-1,-1,0x0000000000000000,1400,1449,1720,1501,2012,1600,1500,988,1500,1500,1500,1500,1500,1500,1500,1500,1500,1500,1500,1500,1500,1500,1500,1500,1500,1500,1500,1500,1500,1500,1500,1500,8.0
2026-05-04,13:42:42.530,0.15,0.25,-1.92,-71,0,99,13,0,5,50,-61,100,13,"ANGL",53.760073 -1.543469,40.5,212.00,20,10,11.3,4.2,702,54,0.1,3,0,410,0,12,-1024,-93,-1024,1024,1,0,-1,-1,-1,1,-1,-1,-1,0x0000000000000000,1500,1500,1705,1501,2012,1500,1500,988,1500,1500,1500,1500,1500,1500,1500,1500,1500,1500,1500,1500,1500,1500,1500,1500,1500,1500,1500,1500,1500,1500,1500,1500,8.0
2026-05-04,13:42:43.030,0.15,0.25,-1.92,-76,0,100,13,0,5,50,-70,100,14,"ANGL",53.760073 -1.543469,40.5,212.00,20,10,11.3,4.2,702,54,0.1,2,1,410,-2,13,-1024,-93,-1024,1024,1,0,-1,-1,-1,1,-1,-1,-1,0x0000000000000000,1499,1500,1705,1500,2012,1501,1500,988,1500,1500,1500,1500,1500,1500,1500,1500,1500,1500,1500,1500,1500,1500,1500,1500,1500,1500,1500,1500,1500,1500,1500,1500,7.9
2026-05-04,13:42:43.530,0.15,0.25,-1.92,-68,0,100,13,0,5,50,-58,100,14,"ANGL",53.760073 -1.543469,40.5,212.00,20,10,11.3,4.2,702,54,0.1,3,1,409,-1,12,-1024,-93,-1024,1024,1,0,-1,-1,-1,1,-1,-1,-1,0x0000000000000000,1500,1500,1704,1501,2012,1501,1500,988,1500,1500,1500,1500,1500,1500,1500,1500,1500,1500,1500,1500,1500,1500,1500,1500,1500,1500,1500,1500,1500,1500,1500,1500,7.9
2026-05-04,13:42:44.030,0.15,0.25,-1.92,-67,0,98,13,0,5,50,-59,100,15,"ANGL",53.760073 -1.543469,40.5,212.00,20,10,11.3,4.2,702,54,-0.1,4,-348,270,-466,12,-1024,-93,-1024,1024,1,0,-1,-1,-1,1,-1,-1,-1,0x0000000000000000,1286,1342,1635,1501,2012,1714,1500,988,1500,1500,1500,1500,1500,1500,1500,1500,1500,1500,1500,1500,1500,1500,1500,1500,1500,1500,1500,1500,1500,1500,1500,1500,7.9
2026-05-04,13:42:44.530,0.15,0.25,-1.92,-66,0,99,13,0,5,50,-54,100,13,"ANGL",53.760073 -1.543469,40.5,212.00,20,10,11.3,4.2,702,54,-0.1,-303,-430,283,-797,13,-1024,-93,-1024,1024,1,0,-1,-1,-1,1,-1,-1,-1,0x0000000000000000,1118,1303,1641,1390,2012,1882,1500,988,1500,1500,1500,1500,1500,1500,1500,1500,1500,1500,1500,1500,1500,1500,1500,1500,1500,1500,1500,1500,1500,1500,1500,1500,7.9
2026-05-04,13:42:45.030,0.15,0.25,-1.92,-66,0,98,14,0,5,50,-53,100,14,"ANGL",53.760073 -1.543469,40.5,212.00,20,10,11.3,4.2,702,54,-0.1,-85,-323,289,-515,13,-1024,-93,-1024,1024,1,0,-1,-1,-1,1,-1,-1,-1,0x0000000000000000,1262,1354,1644,1470,2012,1738,1500,988,1500,1500,1500,1500,1500,1500,1500,1500,1500,1500,1500,1500,1500,1500,1500,1500,1500,1500,1500,1500,1500,1500,1500,1500,7.9
2026-05-04,13:42:45.530,0.15,0.25,-1.92,-64,0,99,14,0,5,50,-62,100,14,"ANGL",53.760073 -1.543469,40.5,212.00,20,10,11.3,4.2,702,54,-0.1,2,-92,348,-148,13,-1024,-93,-1024,1024,1,0,-1,-1,-1,1,-1,-1,-1,0x0000000000000000,1434,1459,1674,1500,2012,1566,1500,988,1500,1500,1500,1500,1500,1500,1500,1500,1500,1500,1500,1500,1500,1500,1500,1500,1500,1500,1500,1500,1500,1500,1500,1500,7.9
2026-05-04,13:42:46.030,0.15,0.25,-1.92,-65,0,100,14,0,5,50,-65,100,14,"ANGL",53.759645 -1.544154,48.0,239.00,18,11,11.3,4.2,702,54,-0.1,2,-36,355,7,12,-1024,-93,-1024,1024,1,0,-1,-1,-1,1,-1,-1,-1,0x0000000000000000,1503,1484,1677,1500,2012,1497,1500,988,1500,1500,1500,1500,1500,1500,1500,1500,1500,1500,1500,1500,1500,1500,1500,1500,1500,1500,1500,1500,1500,1500,1500,1500,7.9
2026-05-04,13:42:46.530,0.15,0.25,-1.92,-66,0,99,14,0,5,50,-52,100,13,"ANGL",53.759645 -1.544154,48.0,239.00,18,11,11.3,4.2,702,54,-0.1,3,-76,403,424,12,-1024,-93,-1024,1024,1,0,-1,-1,-1,1,-1,-1,-1,0x0000000000000000,1694,1466,1701,1501,2012,1306,1500,988,1500,1500,1500,1500,1500,1500,1500,1500,1500,1500,1500,1500,1500,1500,1500,1500,1500,1500,1500,1500,1500,1500,1500,1500,7.9
2026-05-04,13:42:47.030,0.15,0.25,-1.92,-62,0,100,14,0,5,50,-55,100,14,"ANGL",53.759645 -1.544154,48.0,239.00,18,11,11.3,4.5,709,53,-0.1,6,-42,532,711,12,-1024,-93,-1024,1024,1,0,-1,-1,-1,1,-1,-1,-1,0x0000000000000000,1837,1481,1766,1502,2012,1163,1500,988,1500,1500,1500,1500,1500,1500,1500,1500,1500,1500,1500,1500,1500,1500,1500,1500,1500,1500,1500,1500,1500,1500,1500,1500,7.9
2026-05-04,13:42:47.530,0.15,0.25,-1.92,-65,0,99,14,0,5,50,-64,100,14,"ANGL",53.759645 -1.544154,48.0,239.00,18,11,11.3,4.5,709,53,-0.1,169,-279,602,636,12,-1024,-93,-1024,1024,1,0,-1,-1,-1,1,-1,-1,-1,0x0000000000000000,1798,1374,1801,1560,2012,1202,1500,988,1500,1500,1500,1500,1500,1500,1500,1500,1500,1500,1500,1500,1500,1500,1500,1500,1500,1500,1500,1500,1500,1500,1500,1500,7.9
2026-05-04,13:42:48.030,0.00,0.27,-2.25,-72,0,99,13,0,5,50,-62,100,13,"ANGL",53.759645 -1.544154,48.0,239.00,18,11,11.3,4.5,709,53,-0.1,229,-351,652,742,12,-1024,-93,-1024,1024,1,0,-1,-1,-1,1,-1,-1,-1,0x0000000000000000,1853,1340,1826,1582,2012,1147,1500,988,1500,1500,1500,1500,1500,1500,1500,1500,1500,1500,1500,1500,1500,1500,1500,1500,1500,1500,1500,1500,1500,1500,1500,1500,7.9
2026-05-04,13:42:48.530,0.00,0.27,-2.25,-69,0,99,13,0,5,50,-62,100,15,"ANGL",53.759645 -1.544154,48.0,239.00,18,11,11.3,4.5,709,53,-0.1,247,-273,677,787,12,-1024,-93,-1024,1024,1,0,-1,-1,-1,1,-1,-1,-1,0x0000000000000000,1877,1377,1838,1588,2012,1123,1500,988,1500,1500,1500,1500,1500,1500,1500,1500,1500,1500,1500,1500,1500,1500,1500,1500,1500,1500,1500,1500,1500,1500,1500,1500,7.9
2026-05-04,13:42:49.030,0.00,0.27,-2.25,-67,0,100,14,0,5,50,-58,100,14,"ANGL",53.759645 -1.544154,48.0,239.00,18,11,11.3,4.5,709,53,-0.1,189,-263,731,780,12,-1024,-93,-1024,1024,1,0,-1,-1,-1,1,-1,-1,-1,0x0000000000000000,1873,1381,1865,1567,2012,1127,1500,988,1500,1500,1500,1500,1500,1500,1500,1500,1500,1500,1500,1500,1500,1500,1500,1500,1500,1500,1500,1500,1500,1500,1500,1500,7.9
2026-05-04,13:42:49.530,0.00,0.27,-2.25,-63,0,99,14,0,5,50,-56,100,13,"ANGL",53.759645 -1.544154,48.0,239.00,18,11,11.3,4.5,709,53,-0.1,249,-258,690,873,12,-1024,-93,-1024,1024,1,0,-1,-1,-1,1,-1,-1,-1,0x0000000000000000,1924,1384,1845,1589,2012,1076,1500,988,1500,1500,1500,1500,1500,1500,1500,1500,1500,1500,1500,1500,1500,1500,1500,1500,1500,1500,1500,1500,1500,1500,1500,1500,7.9
2026-05-04,13:42:50.030,0.00,0.27,-2.25,-65,0,100,14,0,5,50,-55,100,14,"ANGL",53.759645 -1.544154,48.0,239.00,18,11,11.3,4.5,709,53,-0.8,344,-446,608,564,12,-1024,-93,-1024,1024,1,0,-1,-1,-1,1,-1,-1,-1,0x0000000000000000,1762,1296,1804,1626,2012,1238,1500,988,1500,1500,1500,1500,1500,1500,1500,1500,1500,1500,1500,1500,1500,1500,1500,1500,1500,1500,1500,1500,1500,1500,1500,1500,7.9
2026-05-04,13:42:50.530,0.00,0.27,-2.25,-63,0,99,14,0,5,50,-65,100,13,"ANGL",53.759645 -1.544154,48.0,239.00,18,11,11.3,4.5,709,53,-0.8,380,-343,599,664,12,-1024,-93,-1024,1024,1,0,-1,-1,-1,1,-1,-1,-1,0x0000000000000000,1812,1344,1799,1640,2012,1188,1500,988,1500,1500,1500,1500,1500,1500,1500,1500,1500,1500,1500,1500,1500,1500,1500,1500,1500,1500,1500,1500,1500,1500,1500,1500,7.9
2026-05-04,13:42:51.030,0.00,0.27,-2.25,-69,0,99,14,0,5,50,-61,100,14,"ANGL",53.759645 -1.544154,48.0,239.00,18,11,11.3,4.5,709,53,-0.8,396,-337,593,693,12,-1024,-93,-1024,1024,1,0,-1,-1,-1,1,-1,-1,-1,0x0000000000000000,1827,1347,1796,1647,2012,1173,1500,988,1500,1500,1500,1500,1500,1500,1500,1500,1500,1500,1500,1500,1500,1500,1500,1500,1500,1500,1500,1500,1500,1500,1500,1500,8.0
2026-05-04,13:42:51.530,0.00,0.27,-2.25,-67,0,100,14,0,5,50,-55,100,14,"ANGL",53.759289 -1.545033,58.8,273.10,16,12,11.3,4.5,709,53,-0.8,389,-579,594,486,12,-1024,-93,-1024,1024,1,0,-1,-1,-1,1,-1,-1,-1,0x0000000000000000,1724,1231,1797,1644,2012,1276,1500,988,1500,1500,1500,1500,1500,1500,1500,1500,1500,1500,1500,1500,1500,1500,1500,1500,1500,1500,1500,1500,1500,1500,1500,1500,8.0
2026-05-04,13:42:52.030,0.00,0.27,-2.25,-63,0,99,14,0,5,50,-53,100,14,"ANGL",53.759289 -1.545033,58.8,273.10,16,12,11.3,4.5,709,53,-0.8,354,-645,594,433,12,-1024,-93,-1024,1024,1,0,-1,-1,-1,1,-1,-1,-1,0x0000000000000000,1698,1198,1797,1630,2012,1302,1500,988,1500,1500,1500,1500,1500,1500,1500,1500,1500,1500,1500,1500,1500,1500,1500,1500,1500,1500,1500,1500,1500,1500,1500,1500,8.0
2026-05-04,13:42:52.530,0.00,0.27,-2.25,-66,0,100,14,0,5,50,-63,100,13,"ANGL",53.759289 -1.545033,58.8,273.10,16,12,11.3,4.5,709,53,-0.8,313,-643,590,447,12,-1024,-93,-1024,1024,1,0,-1,-1,-1,1,-1,-1,-1,0x0000000000000000,1705,1199,1795,1614,2012,1295,1500,988,1500,1500,1500,1500,1500,1500,1500,1500,1500,1500,1500,1500,1500,1500,1500,1500,1500,1500,1500,1500,1500,1500,1500,1500,8.0
2026-05-04,13:42:53.030,0.00,0.27,-2.25,-65,0,100,14,0,5,50,-53,100,15,"ANGL",53.759289 -1.545033,58.8,273.10,16,12,11.2,6.9,720,49,-0.8,210,-623,585,467,12,-1024,-93,-1024,1024,1,0,-1,-1,-1,1,-1,-1,-1,0x0000000000000000,1714,1209,1792,1574,2012,1286,1500,988,1500,1500,1500,1500,1500,1500,1500,1500,1500,1500,1500,1500,1500,1500,1500,1500,1500,1500,1500,1500,1500,1500,1500,1500,8.0
2026-05-04,13:42:53.530,-0.17,0.30,0.58,-65,0,100,14,0,5,50,-62,100,15,"ANGL",53.759289 -1.545033,58.8,273.10,16,12,11.2,6.9,720,49,-0.8,3,2,540,-1,12,-1024,-93,-1024,1024,1,0,-1,-1,-1,1,-1,-1,-1,0x0000000000000000,1500,1501,1770,1501,2012,1500,1500,988,1500,1500,1500,1500,1500,1500,1500,1500,1500,1500,1500,1500,1500,1500,1500,1500,1500,1500,1500,1500,1500,1500,1500,1500,8.0
2026-05-04,13:42:54.030,-0.17,0.30,0.58,-69,0,99,13,0,5,50,-75,100,12,"ANGL",53.759289 -1.545033,58.8,273.10,16,12,11.2,6.9,720,49,-0.8,2,-223,539,103,12,-1024,-93,-1024,1024,1,0,-1,-1,-1,1,-1,-1,-1,0x0000000000000000,1546,1400,1769,1500,2012,1454,1500,988,1500,1500,1500,1500,1500,1500,1500,1500,1500,1500,1500,1500,1500,1500,1500,1500,1500,1500,1500,1500,1500,1500,1500,1500,8.0
2026-05-04,13:42:54.530,-0.17,0.30,0.58,-73,0,98,13,0,5,50,-63,100,15,"ANGL",53.759289 -1.545033,58.8,273.10,16,12,11.2,6.9,720,49,-0.8,3,-60,561,518,12,-1024,-93,-1024,1024,1,0,-1,-1,-1,1,-1,-1,-1,0x0000000000000000,1739,1473,1780,1501,2012,1261,1500,988,1500,1500,1500,1500,1500,1500,1500,1500,1500,1500,1500,1500,1500,1500,1500,1500,1500,1500,1500,1500,1500,1500,1500,1500,8.0
2026-05-04,13:42:55.030,-0.17,0.30,0.58,-67,0,99,14,0,5,50,-57,100,14,"ANGL",53.759289 -1.545033,58.8,273.10,16,12,11.2,6.9,720,49,-0.8,3,-293,579,515,12,-1024,-93,-1024,1024,1,0,-1,-1,-1,1,-1,-1,-1,0x0000000000000000,1738,1367,1789,1501,2012,1262,1500,988,1500,1500,1500,1500,1500,1500,1500,1500,1500,1500,1500,1500,1500,1500,1500,1500,1500,1500,1500,1500,1500,1500,1500,1500,8.0
2026-05-04,13:42:55.530,-0.17,0.30,0.58,-68,0,100,13,0,5,50,-65,100,15,"ANGL",53.759289 -1.545033,58.8,273.10,16,12,11.2,6.9,720,49,1.5,4,-405,569,607,12,-1024,-93,-1024,1024,1,0,-1,-1,-1,1,-1,-1,-1,0x0000000000000000,1783,1315,1784,1501,2012,1217,1500,988,1500,1500,1500,1500,1500,1500,1500,1500,1500,1500,1500,1500,1500,1500,1500,1500,1500,1500,1500,1500,1500,1500,1500,1500,8.0
2026-05-04,13:42:56.030,-0.17,0.30,0.58,-68,0,100,14,0,5,50,-57,100,13,"ANGL",53.759289 -1.545033,58.8,273.10,16,12,11.2,6.9,720,49,1.5,3,-439,555,559,12,-1024,-93,-1024,1024,1,0,-1,-1,-1,1,-1,-1,-1,0x0000000000000000,1759,1299,1777,1501,2012,1241,1500,988,1500,1500,1500,1500,1500,1500,1500,1500,1500,1500,1500,1500,1500,1500,1500,1500,1500,1500,1500,1500,1500,1500,1500,1500,8.0
2026-05-04,13:42:56.530,-0.17,0.30,0.58,-63,0,99,14,0,5,50,-64,100,14,"ANGL",53.759289 -1.545033,58.8,273.10,16,12,11.2,6.9,720,49,1.5,2,-423,555,545,12,-1024,-93,-1024,1024,1,0,-1,-1,-1,1,-1,-1,-1,0x0000000000000000,1752,1307,1777,1500,2012,1248,1500,988,1500,1500,1500,1500,1500,1500,1500,1500,1500,1500,1500,1500,1500,1500,1500,1500,1500,1500,1500,1500,1500,1500,1500,1500,8.0
2026-05-04,13:42:57.030,-0.17,0.30,0.58,-66,0,99,13,0,5,50,-54,100,14,"ANGL",53.759826 -1.545163,46.9,51.20,24,11,11.2,6.9,720,49,1.5,2,-165,543,381,12,-1024,-93,-1024,1024,1,0,-1,-1,-1,1,-1,-1,-1,0x0000000000000000,1674,1426,1771,1500,2012,1326,1500,988,1500,1500,1500,1500,1500,1500,1500,1500,1500,1500,1500,1500,1500,1500,1500,1500,1500,1500,1500,1500,1500,1500,1500,1500,8.0
2026-05-04,13:42:57.530,-0.17,0.30,0.58,-65,0,100,13,0,5,50,-57,100,13,"ANGL",53.759826 -1.545163,46.9,51.20,24,11,11.2,6.9,720,49,1.5,2,2,436,-1,12,-1024,-93,-1024,1024,1,0,-1,-1,-1,1,-1,-1,-1,0x0000000000000000,1500,1501,1718,1500,2012,1500,1500,988,1500,1500,1500,1500,1500,1500,1500,1500,1500,1500,1500,1500,1500,1500,1500,1500,1500,1500,1500,1500,1500,1500,1500,1500,8.0
2026-05-04,13:42:58.030,-0.17,0.30,0.58,-67,0,99,14,0,5,50,-72,100,12,"ANGL",53.759826 -1.545163,46.9,51.20,24,11,11.2,6.9,720,49,1.5,2,2,362,-1,12,-1024,-93,-1024,1024,1,0,-1,-1,-1,1,-1,-1,-1,0x0000000000000000,1500,1501,1681,1500,2012,1500,1500,988,1500,1500,1500,1500,1500,1500,1500,1500,1500,1500,1500,1500,1500,1500,1500,1500,1500,1500,1500,1500,1500,1500,1500,1500,8.0
2026-05-04,13:42:58.530,-0.17,0.30,0.58,-70,0,100,14,0,5,50,-62,100,13,"ANGL",53.759826 -1.545163,46.9,51.20,24,11,11.2,6.7,731,48,1.5,2,-2,345,3,13,-1024,-93,-1024,1024,1,0,-1,-1,-1,1,-1,-1,-1,0x0000000000000000,1501,1499,1672,1500,2012,1499,1500,988,1500,1500,1500,1500,1500,1500,1500,1500,1500,1500,1500,1500,1500,1500,1500,1500,1500,1500,1500,1500,1500,1500,1500,1500,8.0
2026-05-04,13:42:59.030,-0.02,0.02,1.34,-65,0,99,14,0,5,50,-54,100,14,"ANGL",53.759826 -1.545163,46.9,51.20,24,11,11.2,6.7,731,48,1.5,3,-38,356,546,12,-1024,-93,-1024,1024,1,0,-1,-1,-1,1,-1,-1,-1,0x0000000000000000,1753,1483,1678,1501,2012,1247,1500,988,1500,1500,1500,1500,1500,1500,1500,1500,1500,1500,1500,1500,1500,1500,1500,1500,1500,1500,1500,1500,1500,1500,1500,1500,8.0
2026-05-04,13:42:59.530,-0.02,0.02,1.34,-63,0,99,14,0,5,50,-62,100,15,"ANGL",53.759826 -1.545163,46.9,51.20,24,11,11.2,6.7,731,48,1.5,2,-115,359,1019,12,-1024,-93,-1024,1024,1,0,-1,-1,-1,1,-1,-1,-1,0x0000000000000000,2009,1449,1679,1500,2012,991,1500,988,1500,1500,1500,1500,1500,1500,1500,1500,1500,1500,1500,1500,1500,1500,1500,1500,1500,1500,1500,1500,1500,1500,1500,1500,8.0
2026-05-04,13:43:00.030,-0.02,0.02,1.34,-67,0,100,13,0,5,50,-63,100,15,"ANGL",53.759826 -1.545163,46.9,51.20,24,11,11.2,6.7,731,48,1.5,2,-274,340,584,12,-1024,-93,-1024,1024,1,0,-1,-1,-1,1,-1,-1,-1,0x0000000000000000,1772,1376,1670,1500,2012,1228,1500,988,1500,1500,1500,1500,1500,1500,1500,1500,1500,1500,1500,1500,1500,1500,1500,1500,1500,1500,1500,1500,1500,1500,1500,1500,8.0
2026-05-04,13:43:00.530,-0.02,0.02,1.34,-64,0,99,14,0,5,50,-56,100,15,"ANGL",53.759826 -1.545163,46.9,51.20,24,11,11.2,6.7,731,48,1.5,2,1,484,0,12,-1024,-93,-1024,1024,1,0,-1,-1,-1,1,-1,-1,-1,0x0000000000000000,1500,1500,1742,1500,2012,1500,1500,988,1500,1500,1500,1500,1500,1500,1500,1500,1500,1500,1500,1500,1500,1500,1500,1500,1500,1500,1500,1500,1500,1500,1500,1500,8.0
2026-05-04,13:43:01.030,-0.02,0.02,1.34,-61,0,100,14,0,5,50,-50,100,14,"ANGL",53.759826 -1.545163,46.9,51.20,24,11,11.2,6.7,731,48,-1.7,1,3,479,-1,12,-1024,-93,-1024,1024,1,0,-1,-1,-1,1,-1,-1,-1,0x0000000000000000,1500,1501,1739,1500,2012,1500,1500,988,1500,1500,1500,1500,1500,1500,1500,1500,1500,1500,1500,1500,1500,1500,1500,1500,1500,1500,1500,1500,1500,1500,1500,1500,8.0
2026-05-04,13:43:01.530,-0.02,0.02,1.34,-59,0,99,14,0,5,50,-53,100,14,"ANGL",53.759826 -1.545163,46.9,51.20,24,11,11.2,6.7,731,48,-1.7,1,-3,267,1,12,-1024,-93,-1024,1024,1,0,-1,-1,-1,1,-1,-1,-1,0x0000000000000000,1500,1499,1633,1500,2012,1500,1500,988,1500,1500,1500,1500,1500,1500,1500,1500,1500,1500,1500,1500,1500,1500,1500,1500,1500,1500,1500,1500,1500,1500,1500,1500,8.0
2026-05-04,13:43:02.030,-0.02,0.02,1.34,-63,0,97,14,0,5,50,-59,100,14,"ANGL",53.759826 -1.545163,46.9,51.20,24,11,11.2,6.7,731,48,-1.7,2,2,374,-2,12,-1024,-93,-1024,1024,1,0,-1,-1,-1,1,-1,-1,-1,0x0000000000000000,1499,1501,1687,1500,2012,1501,1500,988,1500,1500,1500,1500,1500,1500,1500,1500,1500,1500,1500,1500,1500,1500,1500,1500,1500,1500,1500,1500,1500,1500,1500,1500,8.0
2026-05-04,13:43:02.530,-0.02,0.02,1.34,-63,0,97,14,0,5,50,-53,100,14,"ANGL",53.759959 -1.544017,54.9,99.00,28,11,11.2,6.7,731,48,-1.7,-13,3,275,-65,12,-1024,-93,-1024,1024,1,0,-1,-1,-1,1,-1,-1,-1,0x0000000000000000,1471,1501,1637,1496,2012,1529,1500,988,1500,1500,1500,1500,1500,1500,1500,1500,1500,1500,1500,1500,1500,1500,1500,1500,1500,1500,1500,1500,1500,1500,1500,1500,8.0
2026-05-04,13:43:03.030,-0.02,0.02,1.34,-62,0,98,13,0,5,50,-59,100,13,"ANGL",53.759959 -1.544017,54.9,99.00,28,11,11.2,6.7,731,48,-1.7,-307,0,161,-372,13,-1024,-93,-1024,1024,1,0,-1,-1,-1,1,-1,-1,-1,0x0000000000000000,1331,1500,1580,1389,2012,1669,1500,988,1500,1500,1500,1500,1500,1500,1500,1500,1500,1500,1500,1500,1500,1500,1500,1500,1500,1500,1500,1500,1500,1500,1500,1500,8.0
2026-05-04,13:43:03.530,-0.02,0.02,1.34,-65,0,98,13,0,5,50,-60,100,13,"ANGL",53.759959 -1.544017,54.9,99.00,28,11,11.2,6.7,731,48,-1.7,-429,-1,84,-538,13,-1024,-93,-1024,1024,1,0,-1,-1,-1,1,-1,-1,-1,0x0000000000000000,1251,1500,1542,1339,2012,1749,1500,988,1500,1500,1500,1500,1500,1500,1500,1500,1500,1500,1500,1500,1500,1500,1500,1500,1500,1500,1500,1500,1500,1500,1500,1500,8.0
2026-05-04,13:43:04.030,-0.02,0.02,1.34,-73,0,98,13,0,5,50,-65,100,13,"ANGL",53.759959 -1.544017,54.9,99.00,28,11,11.3,4.3,738,52,-1.7,-607,-3,0,-540,13,-1024,-93,-1024,1024,1,0,-1,-1,-1,1,-1,-1,-1,0x0000000000000000,1250,1499,1500,1256,2012,1750,1500,988,1500,1500,1500,1500,1500,1500,1500,1500,1500,1500,1500,1500,1500,1500,1500,1500,1500,1500,1500,1500,1500,1500,1500,1500,8.0
2026-05-04,13:43:04.530,0.00,-0.29,1.22,-79,0,99,12,0,5,50,-79,100,12,"ANGL",53.759959 -1.544017,54.9,99.00,28,11,11.3,4.3,738,52,-1.7,-625,-6,-23,-568,13,-1024,-93,-1024,1024,1,0,-1,-1,-1,1,-1,-1,-1,0x0000000000000000,1236,1498,1489,1247,2012,1764,1500,988,1500,1500,1500,1500,1500,1500,1500,1500,1500,1500,1500,1500,1500,1500,1500,1500,1500,1500,1500,1500,1500,1500,1500,1500,8.0
2026-05-04,13:43:05.030,0.00,-0.29,1.22,-83,0,95,11,0,5,50,-77,100,14,"ANGL",53.759959 -1.544017,54.9,99.00,28,11,11.3,4.3,738,52,-1.7,-658,-20,-53,-527,13,-1024,-93,-1024,1024,1,0,-1,-1,-1,1,-1,-1,-1,0x0000000000000000,1256,1491,1474,1229,2012,1744,1500,988,1500,1500,1500,1500,1500,1500,1500,1500,1500,1500,1500,1500,1500,1500,1500,1500,1500,1500,1500,1500,1500,1500,1500,1500,8.0
2026-05-04,13:43:05.530,0.00,-0.29,1.22,-88,0,98,9,0,5,50,-82,100,11,"ANGL",53.759959 -1.544017,54.9,99.00,28,11,11.3,4.3,738,52,-1.7,-671,-20,-37,-550,13,-1024,-93,-1024,1024,1,0,-1,-1,-1,1,-1,-1,-1,0x0000000000000000,1245,1491,1482,1222,2012,1755,1500,988,1500,1500,1500,1500,1500,1500,1500,1500,1500,1500,1500,1500,1500,1500,1500,1500,1500,1500,1500,1500,1500,1500,1500,1500,8.0
2026-05-04,13:43:06.030,0.00,-0.29,1.22,-83,0,97,11,0,5,50,-74,100,13,"ANGL",53.759959 -1.544017,54.9,99.00,28,11,11.3,4.3,738,52,-1.7,-752,-75,-41,-584,13,-1024,-93,-1024,1024,1,0,-1,-1,-1,1,-1,-1,-1,0x0000000000000000,1228,1467,1480,1176,2012,1772,1500,988,1500,1500,1500,1500,1500,1500,1500,1500,1500,1500,1500,1500,1500,1500,1500,1500,1500,1500,1500,1500,1500,1500,1500,1500,8.0
2026-05-04,13:43:06.530,0.00,-0.29,1.22,-86,0,97,10,0,5,50,-76,100,13,"ANGL",53.759959 -1.544017,54.9,99.00,28,11,11.3,4.3,738,52,-1.8,-723,-122,58,-684,13,-1024,-93,-1024,1024,1,0,-1,-1,-1,1,-1,-1,-1,0x0000000000000000,1177,1445,1529,1193,2012,1823,1500,988,1500,1500,1500,1500,1500,1500,1500,1500,1500,1500,1500,1500,1500,1500,1500,1500,1500,1500,1500,1500,1500,1500,1500,1500,8.0
2026-05-04,13:43:07.030,0.00,-0.29,1.22,-77,0,98,13,0,5,50,-69,100,15,"ANGL",53.759959 -1.544017,54.9,99.00,28,11,11.3,4.3,738,52,-1.8,-652,-144,127,-680,13,-1024,-93,-1024,1024,1,0,-1,-1,-1,1,-1,-1,-1,0x0000000000000000,1180,1435,1563,1233,2012,1820,1500,988,1500,1500,1500,1500,1500,1500,1500,1500,1500,1500,1500,1500,1500,1500,1500,1500,1500,1500,1500,1500,1500,1500,1500,1500,8.0
2026-05-04,13:43:07.530,0.00,-0.29,1.22,-77,0,99,13,0,5,50,-77,100,13,"ANGL",53.759959 -1.544017,54.9,99.00,28,11,11.3,4.3,738,52,-1.8,-462,-323,84,-514,13,-1024,-93,-1024,1024,1,0,-1,-1,-1,1,-1,-1,-1,0x0000000000000000,1263,1354,1542,1325,2012,1737,1500,988,1500,1500,1500,1500,1500,1500,1500,1500,1500,1500,1500,1500,1500,1500,1500,1500,1500,1500,1500,1500,1500,1500,1500,1500,8.0
2026-05-04,13:43:08.030,0.00,-0.29,1.22,-82,0,97,10,0,5,50,-67,100,15,"ANGL",53.760130 -1.542960,49.0,14.50,22,12,11.3,4.3,738,52,-1.8,-274,-512,77,-665,13,-1024,-93,-1024,1024,1,0,-1,-1,-1,1,-1,-1,-1,0x0000000000000000,1187,1264,1538,1402,2012,1813,1500,988,1500,1500,1500,1500,1500,1500,1500,1500,1500,1500,1500,1500,1500,1500,1500,1500,1500,1500,1500,1500,1500,1500,1500,1500,8.0
2026-05-04,13:43:08.530,0.00,-0.29,1.22,-75,0,99,13,0,5,50,-67,100,14,"ANGL",53.760130 -1.542960,49.0,14.50,22,12,11.3,4.3,738,52,-1.8,-97,-506,109,-559,13,-1024,-93,-1024,1024,1,0,-1,-1,-1,1,-1,-1,-1,0x0000000000000000,1241,1267,1554,1466,2012,1759,1500,988,1500,1500,1500,1500,1500,1500,1500,1500,1500,1500,1500,1500,1500,1500,1500,1500,1500,1500,1500,1500,1500,1500,1500,1500,8.0
2026-05-04,13:43:09.030,0.00,-0.29,1.22,-73,0,99,13,0,5,50,-67,100,7,"ANGL",53.760130 -1.542960,49.0,14.50,22,12,11.3,4.3,738,52,-1.8,0,2,107,-34,12,-1024,-93,-1024,1024,1,0,-1,-1,-1,1,-1,-1,-1,0x0000000000000000,1485,1501,1553,1500,2012,1515,1500,988,1500,1500,1500,1500,1500,1500,1500,1500,1500,1500,1500,1500,1500,1500,1500,1500,1500,1500,1500,1500,1500,1500,1500,1500,8.0
2026-05-04,13:43:09.530,0.00,-0.29,1.22,-76,0,98,13,0,5,50,-70,100,15,"ANGL",53.760130 -1.542960,49.0,14.50,22,12,11.3,3.5,743,54,-1.8,3,3,72,-1,12,-1024,-93,-1024,1024,1,0,-1,-1,-1,1,-1,-1,-1,0x0000000000000000,1500,1501,1536,1501,2012,1500,1500,988,1500,1500,1500,1500,1500,1500,1500,1500,1500,1500,1500,1500,1500,1500,1500,1500,1500,1500,1500,1500,1500,1500,1500,1500,8.0
2026-05-04,13:43:10.030,-0.10,-0.05,-1.84,-76,0,98,13,0,5,50,-69,100,14,"ANGL",53.760130 -1.542960,49.0,14.50,22,12,11.3,3.5,743,54,-1.8,2,2,73,-1,12,-1024,-93,-1024,1024,1,0,-1,-1,-1,1,-1,-1,-1,0x0000000000000000,1500,1501,1536,1500,2012,1500,1500,988,1500,1500,1500,1500,1500,1500,1500,1500,1500,1500,1500,1500,1500,1500,1500,1500,1500,1500,1500,1500,1500,1500,1500,1500,8.0
2026-05-04,13:43:10.530,-0.10,-0.05,-1.84,-75,0,98,13,0,5,50,-69,100,15,"ANGL",53.760130 -1.542960,49.0,14.50,22,12,11.3,3.5,743,54,-1.8,2,2,-19,-1,12,-1024,-93,-1024,1024,1,0,-1,-1,-1,1,-1,-1,-1,0x0000000000000000,1500,1501,1482,1500,2012,1500,1500,988,1500,1500,1500,1500,1500,1500,1500,1500,1500,1500,1500,1500,1500,1500,1500,1500,1500,1500,1500,1500,1500,1500,1500,1500,8.0
2026-05-04,13:43:11.030,-0.10,-0.05,-1.84,-75,0,98,13,0,5,50,-68,100,14,"ANGL",53.760130 -1.542960,49.0,14.50,22,12,11.3,3.5,743,54,-1.8,-458,-540,77,-191,12,-1024,-93,-1024,1024,1,0,-1,-1,-1,1,-1,-1,-1,0x0000000000000000,1414,1250,1538,1326,2012,1586,1500,988,1500,1500,1500,1500,1500,1500,1500,1500,1500,1500,1500,1500,1500,1500,1500,1500,1500,1500,1500,1500,1500,1500,1500,1500,8.0
2026-05-04,13:43:11.530,-0.10,-0.05,-1.84,-79,0,97,13,0,5,50,-68,100,14,"ANGL",53.760130 -1.542960,49.0,14.50,22,12,11.3,3.5,743,54,-1.8,-251,-326,271,-3,12,-1024,-93,-1024,1024,1,0,-1,-1,-1,1,-1,-1,-1,0x0000000000000000,1499,1352,1635,1410,2012,1501,1500,988,1500,1500,1500,1500,1500,1500,1500,1500,1500,1500,1500,1500,1500,1500,1500,1500,1500,1500,1500,1500,1500,1500,1500,1500,8.0
2026-05-04,13:43:12.030,-0.10,-0.05,-1.84,-78,0,100,13,0,5,50,-65,100,13,"ANGL",53.760130 -1.542960,49.0,14.50,22,12,11.3,3.5,743,54,-2.8,1,-228,146,6,13,-1024,-93,-1024,1024,1,0,-1,-1,-1,1,-1,-1,-1,0x0000000000000000,1502,1397,1573,1500,2012,1498,1500,988,1500,1500,1500,1500,1500,1500,1500,1500,1500,1500,1500,1500,1500,1500,1500,1500,1500,1500,1500,1500,1500,1500,1500,1500,8.0
2026-05-04,13:43:12.530,-0.10,-0.05,-1.84,-75,0,99,13,0,5,50,-70,100,14,"ANGL",53.760130 -1.542960,49.0,14.50,22,12,11.3,3.5,743,54,-2.8,3,0,124,0,12,-1024,-93,-1024,1024,1,0,-1,-1,-1,1,-1,-1,-1,0x0000000000000000,1500,1500,1562,1501,2012,1500,1500,988,1500,1500,1500,1500,1500,1500,1500,1500,1500,1500,1500,1500,1500,1500,1500,1500,1500,1500,1500,1500,1500,1500,1500,1500,8.0
2026-05-04,13:43:13.030,-0.10,-0.05,-1.84,-76,0,98,13,0,5,50,-69,100,14,"ANGL",53.760130 -1.542960,49.0,14.50,22,12,11.3,3.5,743,54,-2.8,174,-2,8,-1,12,-1024,-93,-1024,1024,1,0,-1,-1,-1,1,-1,-1,-1,0x0000000000000000,1500,1499,1504,1561,2012,1500,1500,988,1500,1500,1500,1500,1500,1500,1500,1500,1500,1500,1500,1500,1500,1500,1500,1500,1500,1500,1500,1500,1500,1500,1500,1500,8.0
2026-05-04,13:43:13.530,-0.10,-0.05,-1.84,-76,0,96,13,0,5,50,-72,100,14,"ANGL",53.760317 -1.543602,34.5,246.80,13,11,11.3,3.5,743,54,-2.8,261,-211,-20,-3,12,-1024,-93,-1024,1024,1,0,-1,-1,-1,1,-1,-1,-1,0x0000000000000000,1499,1405,1490,1594,2012,1501,1500,988,1500,1500,1500,1500,1500,1500,1500,1500,1500,1500,1500,1500,1500,1500,1500,1500,1500,1500,1500,1500,1500,1500,1500,1500,8.0
2026-05-04,13:43:14.030,-0.10,-0.05,-1.84,-81,0,98,12,0,5,50,-69,100,12,"ANGL",53.760317 -1.543602,34.5,246.80,13,11,11.3,3.5,743,54,-2.8,151,-556,47,-4,12,-1024,-93,-1024,1024,1,0,-1,-1,-1,1,-1,-1,-1,0x0000000000000000,1498,1242,1523,1553,2012,1502,1500,988,1500,1500,1500,1500,1500,1500,1500,1500,1500,1500,1500,1500,1500,1500,1500,1500,1500,1500,1500,1500,1500,1500,1500,1500,8.0
2026-05-04,13:43:14.530,-0.10,-0.05,-1.84,-74,0,99,13,0,5,50,-63,100,15,"ANGL",53.760317 -1.543602,34.5,246.80,13,11,11.3,3.5,743,54,-2.8,148,-391,39,1,12,-1024,-93,-1024,1024,1,0,-1,-1,-1,1,-1,-1,-1,0x0000000000000000,1500,1322,1519,1552,2012,1500,1500,988,1500,1500,1500,1500,1500,1500,1500,1500,1500,1500,1500,1500,1500,1500,1500,1500,1500,1500,1500,1500,1500,1500,1500,1500,8.0
2026-05-04,13:43:15.030,-0.10,-0.05,-1.84,-70,0,100,14,0,5,50,-63,100,15,"ANGL",53.760317 -1.543602,34.5,246.80,13,11,11.3,3.0,749,55,-2.8,127,1,35,0,12,-1024,-93,-1024,1024,1,0,-1,-1,-1,1,-1,-1,-1,0x0000000000000000,1500,1500,1517,1544,2012,1500,1500,988,1500,1500,1500,1500,1500,1500,1500,1500,1500,1500,1500,1500,1500,1500,1500,1500,1500,1500,1500,1500,1500,1500,1500,1500,8.0
2026-05-04,13:43:15.530,-0.10,-0.05,-1.84,-84,0,100,11,0,5,50,-72,100,13,"ANGL",53.760317 -1.543602,34.5,246.80,13,11,11.3,3.0,749,55,-2.8,118,3,17,-1,12,-1024,-93,-1024,1024,1,0,-1,-1,-1,1,-1,-1,-1,0x0000000000000000,1500,1501,1508,1541,2012,1500,1500,988,1500,1500,1500,1500,1500,1500,1500,1500,1500,1500,1500,1500,1500,1500,1500,1500,1500,1500,1500,1500,1500,1500,1500,1500,8.0
2026-05-04,13:43:16.030,-0.14,0.10,-2.22,-77,0,99,12,0,5,50,-70,100,16,"ANGL",53.760317 -1.543602,34.5,246.80,13,11,11.3,3.0,749,55,-2.8,95,2,49,-1,12,-1024,-93,-1024,1024,1,0,-1,-1,-1,1,-1,-1,-1,0x0000000000000000,1500,1501,1524,1538,2012,1500,1500,988,1500,1500,1500,1500,1500,1500,1500,1500,1500,1500,1500,1500,1500,1500,1500,1500,1500,1500,1500,1500,1500,1500,1500,1500,8.0
2026-05-04,13:43:16.530,-0.14,0.10,-2.22,-72,0,99,14,0,5,50,-60,100,14,"ANGL",53.760317 -1.543602,34.5,246.80,13,11,11.3,3.0,749,55,-2.8,5,-2,360,0,12,-1024,-93,-1024,1024,1,0,-1,-1,-1,1,-1,-1,-1,0x0000000000000000,1500,1499,1680,1501,2012,1500,1500,988,1500,1500,1500,1500,1500,1500,1500,1500,1500,1500,1500,1500,1500,1500,1500,1500,1500,1500,1500,1500,1500,1500,1500,1500,8.0
2026-05-04,13:43:17.030,-0.14,0.10,-2.22,-69,0,99,14,0,5,50,-64,100,13,"ANGL",53.760317 -1.543602,34.5,246.80,13,11,11.3,3.0,749,55,-2.8,6,-75,735,1,12,-1024,-93,-1024,1024,1,0,-1,-1,-1,1,-1,-1,-1,0x0000000000000000,1500,1467,1867,1502,2012,1500,1500,988,1500,1500,1500,1500,1500,1500,1500,1500,1500,1500,1500,1500,1500,1500,1500,1500,1500,1500,1500,1500,1500,1500,1500,1500,8.0
2026-05-04,13:43:17.530,-0.14,0.10,-2.22,-64,0,97,14,0,5,50,-56,100,14,"ANGL",53.760317 -1.543602,34.5,246.80,13,11,11.3,3.0,749,55,-0.9,3,-2,643,0,12,-1024,-93,-1024,1024,1,0,-1,-1,-1,1,-1,-1,-1,0x0000000000000000,1500,1499,1821,1501,2012,1500,1500,988,1500,1500,1500,1500,1500,1500,1500,1500,1500,1500,1500,1500,1500,1500,1500,1500,1500,1500,1500,1500,1500,1500,1500,1500,8.0
2026-05-04,13:43:18.030,-0.14,0.10,-2.22,-55,0,100,14,0,5,50,-46,100,14,"ANGL",53.760317 -1.543602,34.5,246.80,13,11,11.3,3.0,749,55,-0.9,2,2,549,-1,12,-1024,-93,-1024,1024,1,0,-1,-1,-1,1,-1,-1,-1,0x0000000000000000,1500,1501,1774,1500,2012,1500,1500,988,1500,1500,1500,1500,1500,1500,1500,1500,1500,1500,1500,1500,1500,1500,1500,1500,1500,1500,1500,1500,1500,1500,1500,1500,8.0
2026-05-04,13:43:18.530,-0.14,0.10,-2.22,-52,0,100,13,0,5,50,-44,100,14,"ANGL",53.760317 -1.543602,34.5,246.80,13,11,11.3,3.0,749,55,-0.9,3,2,533,-1,12,-1024,-93,-1024,1024,1,0,-1,-1,-1,1,-1,-1,-1,0x0000000000000000,1500,1501,1766,1500,2012,1500,1500,988,1500,1500,1500,1500,1500,1500,1500,1500,1500,1500,1500,1500,1500,1500,1500,1500,1500,1500,1500,1500,1500,1500,1500,1500,8.0
2026-05-04,13:43:19.030,-0.14,0.10,-2.22,-51,0,100,14,0,5,50,-44,100,15,"ANGL",53.759930 -1.544154,42.1,221.20,6,12,11.3,3.0,749,55,-0.9,2,2,513,-1,12,-1024,-93,-1024,1024,1,0,-1,-1,-1,1,-1,-1,-1,0x0000000000000000,1500,1501,1756,1500,2012,1500,1500,988,1500,1500,1500,1500,1500,1500,1500,1500,1500,1500,1500,1500,1500,1500,1500,1500,1500,1500,1500,1500,1500,1500,1500,1500,8.0
2026-05-04,13:43:19.530,-0.14,0.10,-2.22,-51,0,100,14,0,5,50,-45,100,15,"ANGL",53.759930 -1.544154,42.1,221.20,6,12,11.3,3.0,749,55,-0.9,3,2,513,-1,12,-1024,-93,-1024,1024,1,0,-1,-1,-1,1,-1,-1,-1,0x0000000000000000,1500,1501,1756,1501,2012,1500,1500,988,1500,1500,1500,1500,1500,1500,1500,1500,1500,1500,1500,1500,1500,1500,1500,1500,1500,1500,1500,1500,1500,1500,1500,1500,8.0
2026-05-04,13:43:20.030,-0.14,0.10,-2.22,-54,0,100,14,0,5,50,-58,100,14,"ANGL",53.759930 -1.544154,42.1,221.20,6,12,11.3,3.0,749,55,-0.9,2,2,513,0,12,-1024,-93,-1024,1024,1,0,-1,-1,-1,1,-1,-1,-1,0x0000000000000000,1500,1501,1756,1500,2012,1500,1500,988,1500,1500,1500,1500,1500,1500,1500,1500,1500,1500,1500,1500,1500,1500,1500,1500,1500,1500,1500,1500,1500,1500,1500,1500,8.0
2026-05-04,13:43:20.530,-0.14,0.10,-2.22,-60,0,99,14,0,5,50,-46,100,14,"ANGL",53.759930 -1.544154,42.1,221.20,6,12,11.2,6.1,757,49,-0.9,2,3,513,-1,12,-1024,-93,-1024,1024,1,0,-1,-1,-1,1,-1,-1,-1,0x0000000000000000,1500,1501,1756,1500,2012,1500,1500,988,1500,1500,1500,1500,1500,1500,1500,1500,1500,1500,1500,1500,1500,1500,1500,1500,1500,1500,1500,1500,1500,1500,1500,1500,8.0
2026-05-04,13:43:21.030,-0.14,0.10,-2.22,-54,0,100,14,0,5,50,-51,100,13,"ANGL",53.759930 -1.544154,42.1,221.20,6,12,11.2,6.1,757,49,-0.9,4,-111,473,-1,13,-1024,-93,-1024,1024,1,0,-1,-1,-1,1,-1,-1,-1,0x0000000000000000,1500,1450,1736,1501,2012,1500,1500,988,1500,1500,1500,1500,1500,1500,1500,1500,1500,1500,1500,1500,1500,1500,1500,1500,1500,1500,1500,1500,1500,1500,1500,1500,8.0
2026-05-04,13:43:21.530,0.00,0.03,-2.39,-62,0,98,14,0,5,50,-50,100,13,"ANGL",53.759930 -1.544154,42.1,221.20,6,12,11.2,6.1,757,49,-0.9,5,-812,495,-3,12,-1024,-93,-1024,1024,1,0,-1,-1,-1,1,-1,-1,-1,0x0000000000000000,1499,1110,1747,1501,2012,1501,1500,988,1500,1500,1500,1500,1500,1500,1500,1500,1500,1500,1500,1500,1500,1500,1500,1500,1500,1500,1500,1500,1500,1500,1500,1500,8.0
2026-05-04,13:43:22.030,0.00,0.03,-2.39,-59,0,99,13,0,5,50,-54,100,14,"ANGL",53.759930 -1.544154,42.1,221.20,6,12,11.2,6.1,757,49,-0.9,4,2,605,-19,12,-1024,-93,-1024,1024,1,0,-1,-1,-1,1,-1,-1,-1,0x0000000000000000,1492,1501,1802,1501,2012,1508,1500,988,1500,1500,1500,1500,1500,1500,1500,1500,1500,1500,1500,1500,1500,1500,1500,1500,1500,1500,1500,1500,1500,1500,1500,1500,8.0
2026-05-04,13:43:22.530,0.00,0.03,-2.39,-68,0,97,14,0,5,50,-66,100,14,"ANGL",53.759930 -1.544154,42.1,221.20,6,12,11.2,6.1,757,49,-0.9,66,-1,641,279,12,-1024,-93,-1024,1024,1,0,-1,-1,-1,1,-1,-1,-1,0x0000000000000000,1626,1500,1820,1523,2012,1374,1500,988,1500,1500,1500,1500,1500,1500,1500,1500,1500,1500,1500,1500,1500,1500,1500,1500,1500,1500,1500,1500,1500,1500,1500,1500,8.0
2026-05-04,13:43:23.030,0.00,0.03,-2.39,-74,0,98,13,0,5,50,-66,100,15,"ANGL",53.759930 -1.544154,42.1,221.20,6,12,11.2,6.1,757,49,3.2,307,-314,675,356,12,-1024,-93,-1024,1024,1,0,-1,-1,-1,1,-1,-1,-1,0x0000000000000000,1662,1358,1837,1611,2012,1338,1500,988,1500,1500,1500,1500,1500,1500,1500,1500,1500,1500,1500,1500,1500,1500,1500,1500,1500,1500,1500,1500,1500,1500,1500,1500,8.0
2026-05-04,13:43:23.530,0.00,0.03,-2.39,-81,0,100,12,0,5,50,-77,100,13,"ANGL",53.759930 -1.544154,42.1,221.20,6,12,11.2,6.1,757,49,3.2,337,-494,788,710,12,-1024,-93,-1024,1024,1,0,-1,-1,-1,1,-1,-1,-1,0x0000000000000000,1836,1272,1894,1623,2012,1164,1500,988,1500,1500,1500,1500,1500,1500,1500,1500,1500,1500,1500,1500,1500,1500,1500,1500,1500,1500,1500,1500,1500,1500,1500,1500,8.0
2026-05-04,13:43:24.030,0.00,0.03,-2.39,-69,0,98,14,0,5,50,-59,100,14,"ANGL",53.759930 -1.544154,42.1,221.20,6,12,11.2,6.1,757,49,3.2,353,-662,819,499,12,-1024,-93,-1024,1024,1,0,-1,-1,-1,1,-1,-1,-1,0x0000000000000000,1730,1189,1909,1629,2012,1270,1500,988,1500,1500,1500,1500,1500,1500,1500,1500,1500,1500,1500,1500,1500,1500,1500,1500,1500,1500,1500,1500,1500,1500,1500,1500,8.0
2026-05-04,13:43:24.530,0.00,0.03,-2.39,-63,0,97,14,0,5,50,-52,100,14,"ANGL",53.759930 -1.544154,42.1,221.20,6,12,11.2,6.1,757,49,3.2,576,-506,698,645,12,-1024,-93,-1024,1024,1,0,-1,-1,-1,1,-1,-1,-1,0x0000000000000000,1802,1267,1849,1729,2012,1198,1500,988,1500,1500,1500,1500,1500,1500,1500,1500,1500,1500,1500,1500,1500,1500,1500,1500,1500,1500,1500,1500,1500,1500,1500,1500,8.0
2026-05-04,13:43:25.030,0.00,0.03,-2.39,-58,0,98,14,0,5,50,-51,100,13,"ANGL",53.759408 -1.544827,45.2,214.40,7,11,11.2,6.1,757,49,3.2,596,-536,696,159,12,-1024,-93,-1024,1024,1,0,-1,-1,-1,1,-1,-1,-1,0x0000000000000000,1571,1252,1848,1738,2012,1429,1500,988,1500,1500,1500,1500,1500,1500,1500,1500,1500,1500,1500,1500,1500,1500,1500,1500,1500,1500,1500,1500,1500,1500,1500,1500,8.0
2026-05-04,13:43:25.530,0.00,0.03,-2.39,-59,0,100,14,0,5,50,-53,100,15,"ANGL",53.759408 -1.544827,45.2,214.40,7,11,11.2,6.1,757,49,3.2,338,-605,652,-171,13,-1024,-93,-1024,1024,1,0,-1,-1,-1,1,-1,-1,-1,0x0000000000000000,1423,1218,1826,1623,2012,1577,1500,988,1500,1500,1500,1500,1500,1500,1500,1500,1500,1500,1500,1500,1500,1500,1500,1500,1500,1500,1500,1500,1500,1500,1500,1500,8.0
2026-05-04,13:43:26.030,0.00,0.03,-2.39,-61,0,100,14,0,5,50,-55,100,14,"ANGL",53.759408 -1.544827,45.2,214.40,7,11,11.0,8.9,768,44,3.2,347,-393,532,61,12,-1024,-93,-1024,1024,1,0,-1,-1,-1,1,-1,-1,-1,0x0000000000000000,1527,1321,1766,1627,2012,1473,1500,988,1500,1500,1500,1500,1500,1500,1500,1500,1500,1500,1500,1500,1500,1500,1500,1500,1500,1500,1500,1500,1500,1500,1500,1500,8.0
2026-05-04,13:43:26.530,0.00,0.03,-2.39,-61,0,100,14,0,5,50,-54,100,13,"ANGL",53.759408 -1.544827,45.2,214.40,7,11,11.0,8.9,768,44,3.2,439,-247,499,518,12,-1024,-93,-1024,1024,1,0,-1,-1,-1,1,-1,-1,-1,0x0000000000000000,1739,1389,1749,1665,2012,1261,1500,988,1500,1500,1500,1500,1500,1500,1500,1500,1500,1500,1500,1500,1500,1500,1500,1500,1500,1500,1500,1500,1500,1500,1500,1500,8.0
2026-05-04,13:43:27.030,0.01,0.28,-0.32,-62,0,100,13,0,5,50,-54,100,13,"ANGL",53.759408 -1.544827,45.2,214.40,7,11,11.0,8.9,768,44,3.2,543,-247,428,665,12,-1024,-93,-1024,1024,1,0,-1,-1,-1,1,-1,-1,-1,0x0000000000000000,1813,1389,1714,1713,2012,1187,1500,988,1500,1500,1500,1500,1500,1500,1500,1500,1500,1500,1500,1500,1500,1500,1500,1500,1500,1500,1500,1500,1500,1500,1500,1500,8.0
2026-05-04,13:43:27.530,0.01,0.28,-0.32,-60,0,100,14,0,5,50,-54,100,14,"ANGL",53.759408 -1.544827,45.2,214.40,7,11,11.0,8.9,768,44,3.2,440,-317,412,352,12,-1024,-93,-1024,1024,1,0,-1,-1,-1,1,-1,-1,-1,0x0000000000000000,1660,1356,1706,1666,2012,1340,1500,988,1500,1500,1500,1500,1500,1500,1500,1500,1500,1500,1500,1500,1500,1500,1500,1500,1500,1500,1500,1500,1500,1500,1500,1500,8.0
2026-05-04,13:43:28.030,0.01,0.28,-0.32,-72,0,100,13,0,5,50,-64,100,14,"ANGL",53.759408 -1.544827,45.2,214.40,7,11,11.0,8.9,768,44,3.2,4,-192,542,-101,12,-1024,-93,-1024,1024,1,0,-1,-1,-1,1,-1,-1,-1,0x0000000000000000,1450,1409,1771,1501,2012,1550,1500,988,1500,1500,1500,1500,1500,1500,1500,1500,1500,1500,1500,1500,1500,1500,1500,1500,1500,1500,1500,1500,1500,1500,1500,1500,8.0
2026-05-04,13:43:28.530,0.01,0.28,-0.32,-68,0,99,14,0,5,50,-61,100,14,"ANGL",53.759408 -1.544827,45.2,214.40,7,11,11.0,8.9,768,44,-0.8,1,-120,481,-5,12,-1024,-93,-1024,1024,1,0,-1,-1,-1,1,-1,-1,-1,0x0000000000000000,1498,1446,1740,1500,2012,1502,1500,988,1500,1500,1500,1500,1500,1500,1500,1500,1500,1500,1500,1500,1500,1500,1500,1500,1500,1500,1500,1500,1500,1500,1500,1500,8.0
2026-05-04,13:43:29.030,0.01,0.28,-0.32,-66,0,99,13,0,5,50,-56,100,14,"ANGL",53.759408 -1.544827,45.2,214.40,7,11,11.0,8.9,768,44,-0.8,1,-191,397,234,12,-1024,-93,-1024,1024,1,0,-1,-1,-1,1,-1,-1,-1,0x0000000000000000,1605,1414,1698,1500,2012,1395,1500,988,1500,1500,1500,1500,1500,1500,1500,1500,1500,1500,1500,1500,1500,1500,1500,1500,1500,1500,1500,1500,1500,1500,1500,1500,8.0
2026-05-04,13:43:29.530,0.01,0.28,-0.32,-64,0,100,14,0,5,50,-55,100,14,"ANGL",53.759408 -1.544827,45.2,214.40,7,11,11.0,8.9,768,44,-0.8,2,-2,366,-1,12,-1024,-93,-1024,1024,1,0,-1,-1,-1,1,-1,-1,-1,0x0000000000000000,1500,1499,1683,1500,2012,1500,1500,988,1500,1500,1500,1500,1500,1500,1500,1500,1500,1500,1500,1500,1500,1500,1500,1500,1500,1500,1500,1500,1500,1500,1500,1500,8.0
2026-05-04,13:43:30.030,0.01,0.28,-0.32,-63,0,99,14,0,5,50,-56,100,15,"ANGL",53.759408 -1.544827,45.2,214.40,7,11,11.0,8.9,768,44,-0.8,3,1,372,0,12,-1024,-93,-1024,1024,1,0,-1,-1,-1,1,-1,-1,-1,0x0000000000000000,1500,1500,1686,1501,2012,1500,1500,988,1500,1500,1500,1500,1500,1500,1500,1500,1500,1500,1500,1500,1500,1500,1500,1500,1500,1500,1500,1500,1500,1500,1500,1500,8.0
2026-05-04,13:43:30.530,0.01,0.28,-0.32,-74,0,99,13,0,5,50,-63,100,14,"ANGL",53.759519 -1.545362,39.3,43.50,8,13,11.0,8.9,768,44,-0.8,2,-120,572,175,12,-1024,-93,-1024,1024,1,0,-1,-1,-1,1,-1,-1,-1,0x0000000000000000,1579,1446,1786,1500,2012,1421,1500,988,1500,1500,1500,1500,1500,1500,1500,1500,1500,1500,1500,1500,1500,1500,1500,1500,1500,1500,1500,1500,1500,1500,1500,1500,8.0
2026-05-04,13:43:31.030,0.01,0.28,-0.32,-66,0,99,14,0,5,50,-53,100,15,"ANGL",53.759519 -1.545362,39.3,43.50,8,13,11.0,8.9,768,44,-0.8,0,1,448,-1,12,-1024,-93,-1024,1024,1,0,-1,-1,-1,1,-1,-1,-1,0x0000000000000000,1500,1500,1724,1500,2012,1500,1500,988,1500,1500,1500,1500,1500,1500,1500,1500,1500,1500,1500,1500,1500,1500,1500,1500,1500,1500,1500,1500,1500,1500,1500,1500,8.0
2026-05-04,13:43:31.530,0.01,0.28,-0.32,-62,0,100,14,0,5,50,-53,100,16,"ANGL",53.759519 -1.545362,39.3,43.50,8,13,11.2,5.3,779,49,-0.8,1,-187,353,2,13,-1024,-93,-1024,1024,1,0,-1,-1,-1,1,-1,-1,-1,0x0000000000000000,1501,1416,1676,1500,2012,1499,1500,988,1500,1500,1500,1500,1500,1500,1500,1500,1500,1500,1500,1500,1500,1500,1500,1500,1500,1500,1500,1500,1500,1500,1500,1500,8.0
2026-05-04,13:43:32.030,0.01,0.28,-0.32,-63,0,100,14,0,5,50,-74,100,13,"ANGL",53.759519 -1.545362,39.3,43.50,8,13,11.2,5.3,779,49,-0.8,1,-339,428,3,12,-1024,-93,-1024,1024,1,0,-1,-1,-1,1,-1,-1,-1,0x0000000000000000,1501,1346,1714,1500,2012,1499,1500,988,1500,1500,1500,1500,1500,1500,1500,1500,1500,1500,1500,1500,1500,1500,1500,1500,1500,1500,1500,1500,1500,1500,1500,1500,8.0
2026-05-04,13:43:32.530,-0.08,-0.19,1.32,-70,0,97,13,0,5,50,-50,100,13,"ANGL",53.759519 -1.545362,39.3,43.50,8,13,11.2,5.3,779,49,-0.8,0,-304,368,-1,13,-1024,-93,-1024,1024,1,0,-1,-1,-1,1,-1,-1,-1,0x0000000000000000,1500,1362,1684,1500,2012,1500,1500,988,1500,1500,1500,1500,1500,1500,1500,1500,1500,1500,1500,1500,1500,1500,1500,1500,1500,1500,1500,1500,1500,1500,1500,1500,8.0
2026-05-04,13:43:33.030,-0.08,-0.19,1.32,-60,0,100,14,0,5,50,-55,100,13,"ANGL",53.759519 -1.545362,39.3,43.50,8,13,11.2,5.3,779,49,-0.8,0,-10,318,0,13,-1024,-93,-1024,1024,1,0,-1,-1,-1,1,-1,-1,-1,0x0000000000000000,1500,1496,1659,1500,2012,1500,1500,988,1500,1500,1500,1500,1500,1500,1500,1500,1500,1500,1500,1500,1500,1500,1500,1500,1500,1500,1500,1500,1500,1500,1500,1500,8.0
2026-05-04,13:43:33.530,-0.08,-0.19,1.32,-60,0,100,14,0,5,50,-48,100,13,"ANGL",53.759519 -1.545362,39.3,43.50,8,13,11.2,5.3,779,49,-0.8,0,1,328,-3,12,-1024,-93,-1024,1024,1,0,-1,-1,-1,1,-1,-1,-1,0x0000000000000000,1499,1500,1664,1500,2012,1501,1500,988,1500,1500,1500,1500,1500,1500,1500,1500,1500,1500,1500,1500,1500,1500,1500,1500,1500,1500,1500,1500,1500,1500,1500,1500,8.0
2026-05-04,13:43:34.030,-0.08,-0.19,1.32,-59,0,100,14,0,5,50,-46,100,14,"ANGL",53.759519 -1.545362,39.3,43.50,8,13,11.2,5.3,779,49,-0.1,-1,0,196,0,12,-1024,-93,-1024,1024,1,0,-1,-1,-1,1,-1,-1,-1,0x0000000000000000,1500,1500,1598,1500,2012,1500,1500,988,1500,1500,1500,1500,1500,1500,1500,1500,1500,1500,1500,1500,1500,1500,1500,1500,1500,1500,1500,1500,1500,1500,1500,1500,8.0
2026-05-04,13:43:34.530,-0.08,-0.19,1.32,-58,0,100,14,0,5,50,-46,100,15,"ANGL",53.759519 -1.545362,39.3,43.50,8,13,11.2,5.3,779,49,-0.1,-183,-1,222,-328,13,-1024,-93,-1024,1024,1,0,-1,-1,-1,1,-1,-1,-1,0x0000000000000000,1351,1500,1611,1435,2012,1649,1500,988,1500,1500,1500,1500,1500,1500,1500,1500,1500,1500,1500,1500,1500,1500,1500,1500,1500,1500,1500,1500,1500,1500,1500,1500,8.0
2026-05-04,13:43:35.030,-0.08,-0.19,1.32,-58,0,99,14,0,5,50,-47,100,14,"ANGL",53.759519 -1.545362,39.3,43.50,8,13,11.2,5.3,779,49,-0.1,-114,-14,264,-38,12,-1024,-93,-1024,1024,1,0,-1,-1,-1,1,-1,-1,-1,0x0000000000000000,1483,1494,1632,1460,2012,1517,1500,988,1500,1500,1500,1500,1500,1500,1500,1500,1500,1500,1500,1500,1500,1500,1500,1500,1500,1500,1500,1500,1500,1500,1500,1500,8.0
2026-05-04,13:43:35.530,-0.08,-0.19,1.32,-58,0,98,13,0,5,50,-47,100,13,"ANGL",53.759519 -1.545362,39.3,43.50,8,13,11.2,5.3,779,49,-0.1,-282,-98,169,-5,12,-1024,-93,-1024,1024,1,0,-1,-1,-1,1,-1,-1,-1,0x0000000000000000,1498,1456,1584,1398,2012,1502,1500,988,1500,1500,1500,1500,1500,1500,1500,1500,1500,1500,1500,1500,1500,1500,1500,1500,1500,1500,1500,1500,1500,1500,1500,1500,8.0
2026-05-04,13:43:36.030,-0.08,-0.19,1.32,-52,0,99,14,0,5,50,-48,100,14,"ANGL",53.759622 -1.544354,49.1,93.60,7,12,11.2,5.3,779,49,-0.1,-190,-53,272,-858,13,-1024,-93,-1024,1024,1,0,-1,-1,-1,1,-1,-1,-1,0x0000000000000000,1084,1476,1636,1439,2012,1916,1500,988,1500,1500,1500,1500,1500,1500,1500,1500,1500,1500,1500,1500,1500,1500,1500,1500,1500,1500,1500,1500,1500,1500,1500,1500,8.0
2026-05-04,13:43:36.530,-0.08,-0.19,1.32,-68,0,100,13,0,5,50,-70,100,15,"ANGL",53.759622 -1.544354,49.1,93.60,7,12,11.2,5.3,779,49,-0.1,1,-694,426,-493,13,-1024,-93,-1024,1024,1,0,-1,-1,-1,1,-1,-1,-1,0x0000000000000000,1273,1172,1713,1500,2012,1727,1500,988,1500,1500,1500,1500,1500,1500,1500,1500,1500,1500,1500,1500,1500,1500,1500,1500,1500,1500,1500,1500,1500,1500,1500,1500,8.0
2026-05-04,13:43:37.030,-0.08,-0.19,1.32,-72,0,100,13,0,5,50,-68,100,13,"ANGL",53.759622 -1.544354,49.1,93.60,7,12,11.3,3.5,787,52,-0.1,-13,-608,413,-942,13,-1024,-93,-1024,1024,1,0,-1,-1,-1,1,-1,-1,-1,0x0000000000000000,1037,1216,1706,1496,2012,1963,1500,988,1500,1500,1500,1500,1500,1500,1500,1500,1500,1500,1500,1500,1500,1500,1500,1500,1500,1500,1500,1500,1500,1500,1500,1500,8.0
2026-05-04,13:43:37.530,-0.08,-0.19,1.32,-73,0,99,13,0,5,50,-66,100,14,"ANGL",53.759622 -1.544354,49.1,93.60,7,12,11.3,3.5,787,52,-0.1,1,-648,326,-1000,13,-1024,-93,-1024,1024,1,0,-1,-1,-1,1,-1,-1,-1,0x0000000000000000,1003,1196,1663,1500,2012,1997,1500,988,1500,1500,1500,1500,1500,1500,1500,1500,1500,1500,1500,1500,1500,1500,1500,1500,1500,1500,1500,1500,1500,1500,1500,1500,8.0
2026-05-04,13:43:38.030,-0.13,-0.20,1.05,-75,0,98,13,0,5,50,-64,100,13,"ANGL",53.759622 -1.544354,49.1,93.60,7,12,11.3,3.5,787,52,-0.1,2,-841,320,-1024,13,-1024,-93,-1024,1024,1,0,-1,-1,-1,1,-1,-1,-1,0x0000000000000000,988,1094,1660,1500,2012,2012,1500,988,1500,1500,1500,1500,1500,1500,1500,1500,1500,1500,1500,1500,1500,1500,1500,1500,1500,1500,1500,1500,1500,1500,1500,1500,8.0
2026-05-04,13:43:38.530,-0.13,-0.20,1.05,-81,0,100,12,0,5,50,-75,100,13,"ANGL",53.759622 -1.544354,49.1,93.60,7,12,11.3,3.5,787,52,-0.1,2,-1024,315,-754,13,-1024,-93,-1024,1024,1,0,-1,-1,-1,1,-1,-1,-1,0x0000000000000000,1141,988,1657,1500,2012,1859,1500,988,1500,1500,1500,1500,1500,1500,1500,1500,1500,1500,1500,1500,1500,1500,1500,1500,1500,1500,1500,1500,1500,1500,1500,1500,8.0
2026-05-04,13:43:39.030,-0.13,-0.20,1.05,-84,0,100,12,0,5,50,-79,100,14,"ANGL",53.759622 -1.544354,49.1,93.60,7,12,11.3,3.5,787,52,-0.1,2,-602,314,-789,13,-1024,-93,-1024,1024,1,0,-1,-1,-1,1,-1,-1,-1,0x0000000000000000,1122,1219,1657,1500,2012,1878,1500,988,1500,1500,1500,1500,1500,1500,1500,1500,1500,1500,1500,1500,1500,1500,1500,1500,1500,1500,1500,1500,1500,1500,1500,1500,8.0
2026-05-04,13:43:39.530,-0.13,-0.20,1.05,-87,0,97,9,0,5,50,-83,100,10,"ANGL",53.759622 -1.544354,49.1,93.60,7,12,11.3,3.5,787,52,-0.1,2,-295,314,-1022,13,-1024,-93,-1024,1024,1,0,-1,-1,-1,1,-1,-1,-1,0x0000000000000000,989,1366,1657,1500,2012,2011,1500,988,1500,1500,1500,1500,1500,1500,1500,1500,1500,1500,1500,1500,1500,1500,1500,1500,1500,1500,1500,1500,1500,1500,1500,1500,8.0
2026-05-04,13:43:40.030,-0.13,-0.20,1.05,-90,0,96,8,0,5,50,-82,100,12,"ANGL",53.759622 -1.544354,49.1,93.60,7,12,11.3,3.5,787,52,2.6,0,-750,254,-882,13,-1024,-93,-1024,1024,1,0,-1,-1,-1,1,-1,-1,-1,0x0000000000000000,1070,1143,1627,1500,2012,1930,1500,988,1500,1500,1500,1500,1500,1500,1500,1500,1500,1500,1500,1500,1500,1500,1500,1500,1500,1500,1500,1500,1500,1500,1500,1500,8.0
2026-05-04,13:43:40.530,-0.13,-0.20,1.05,-89,0,100,10,0,5,50,-85,100,9,"ANGL",53.759622 -1.544354,49.1,93.60,7,12,11.3,3.5,787,52,2.6,-1,-863,262,-631,13,-1024,-93,-1024,1024,1,0,-1,-1,-1,1,-1,-1,-1,0x0000000000000000,1205,1081,1631,1500,2012,1795,1500,988,1500,1500,1500,1500,1500,1500,1500,1500,1500,1500,1500,1500,1500,1500,1500,1500,1500,1500,1500,1500,1500,1500,1500,1500,8.0
2026-05-04,13:43:41.030,-0.13,-0.20,1.05,-91,0,98,9,0,5,50,-81,100,12,"ANGL",53.759622 -1.544354,49.1,93.60,7,12,11.3,3.5,787,52,2.6,1,-788,361,-797,13,-1024,-93,-1024,1024,1,0,-1,-1,-1,1,-1,-1,-1,0x0000000000000000,1118,1123,1680,1500,2012,1882,1500,988,1500,1500,1500,1500,1500,1500,1500,1500,1500,1500,1500,1500,1500,1500,1500,1500,1500,1500,1500,1500,1500,1500,1500,1500,8.0
2026-05-04,13:43:41.530,-0.13,-0.20,1.05,-86,0,96,10,0,5,50,-74,100,13,"ANGL",53.759622 -1.544354,49.1,93.60,7,12,11.3,3.5,787,52,2.6,-236,-734,374,-790,13,-1024,-93,-1024,1024,1,0,-1,-1,-1,1,-1,-1,-1,0x0000000000000000,1121,1151,1687,1416,2012,1879,1500,988,1500,1500,1500,1500,1500,1500,1500,1500,1500,1500,1500,1500,1500,1500,1500,1500,1500,1500,1500,1500,1500,1500,1500,1500,8.0
2026-05-04,13:43:42.030,-0.13,-0.20,1.05,-84,0,98,11,0,5,50,-83,100,9,"ANGL",53.759857 -1.543420,39.8,-299.86,8,11,11.3,3.5,787,52,2.6,-419,-531,455,-672,13,-1024,-93,-1024,1024,1,0,-1,-1,-1,1,-1,-1,-1,0x0000000000000000,1184,1254,1727,1343,2012,1816,1500,988,1500,1500,1500,1500,1500,1500,1500,1500,1500,1500,1500,1500,1500,1500,1500,1500,1500,1500,1500,1500,1500,1500,1500,1500,8.0
2026-05-04,13:43:42.530,-0.13,-0.20,1.05,-84,0,99,12,0,5,50,-80,100,12,"ANGL",53.759857 -1.543420,39.8,-299.86,8,11,11.3,3.5,787,52,2.6,-329,-763,549,-670,13,-1024,-93,-1024,1024,1,0,-1,-1,-1,1,-1,-1,-1,0x0000000000000000,1185,1136,1774,1380,2012,1815,1500,988,1500,1500,1500,1500,1500,1500,1500,1500,1500,1500,1500,1500,1500,1500,1500,1500,1500,1500,1500,1500,1500,1500,1500,1500,8.0
2026-05-04,13:43:43.030,-0.13,-0.20,1.05,-87,0,99,8,0,5,50,-75,100,13,"ANGL",53.759857 -1.543420,39.8,-299.86,8,11,11.2,5.7,795,49,2.6,0,-880,399,-717,13,-1024,-93,-1024,1024,1,0,-1,-1,-1,1,-1,-1,-1,0x0000000000000000,1160,1072,1699,1500,2012,1840,1500,988,1500,1500,1500,1500,1500,1500,1500,1500,1500,1500,1500,1500,1500,1500,1500,1500,1500,1500,1500,1500,1500,1500,1500,1500,8.0
2026-05-04,13:43:43.530,-0.13,-0.20,1.05,-83,0,98,12,0,5,50,-71,100,11,"ANGL",53.759857 -1.543420,39.8,-299.86,8,11,11.2,5.7,795,49,2.6,-137,-261,585,-876,13,-1024,-93,-1024,1024,1,0,-1,-1,-1,1,-1,-1,-1,0x0000000000000000,1074,1382,1792,1452,2012,1926,1500,988,1500,1500,1500,1500,1500,1500,1500,1500,1500,1500,1500,1500,1500,1500,1500,1500,1500,1500,1500,1500,1500,1500,1500,1500,8.0
2026-05-04,13:43:44.030,-0.24,-0.56,-1.23,-81,0,99,12,0,5,50,-93,100,1,"ANGL",53.759857 -1.543420,39.8,-299.86,8,11,11.2,5.7,795,49,2.6,-110,-449,542,-714,13,-1024,-93,-1024,1024,1,0,-1,-1,-1,1,-1,-1,-1,0x0000000000000000,1162,1294,1771,1462,2012,1838,1500,988,1500,1500,1500,1500,1500,1500,1500,1500,1500,1500,1500,1500,1500,1500,1500,1500,1500,1500,1500,1500,1500,1500,1500,1500,8.0
2026-05-04,13:43:44.530,-0.24,-0.56,-1.23,-85,0,92,11,0,5,50,-81,100,12,"ANGL",53.759857 -1.543420,39.8,-299.86,8,11,11.2,5.7,795,49,2.6,2,-513,503,-770,13,-1024,-93,-1024,1024,1,0,-1,-1,-1,1,-1,-1,-1,0x0000000000000000,1132,1263,1751,1500,2012,1868,1500,988,1500,1500,1500,1500,1500,1500,1500,1500,1500,1500,1500,1500,1500,1500,1500,1500,1500,1500,1500,1500,1500,1500,1500,1500,8.0
2026-05-04,13:43:45.030,-0.24,-0.56,-1.23,-82,0,97,11,0,5,50,-73,100,14,"ANGL",53.759857 -1.543420,39.8,-299.86,8,11,11.2,5.7,795,49,2.6,-165,-390,611,-917,13,-1024,-93,-1024,1024,1,0,-1,-1,-1,1,-1,-1,-1,0x0000000000000000,1051,1322,1805,1442,2012,1949,1500,988,1500,1500,1500,1500,1500,1500,1500,1500,1500,1500,1500,1500,1500,1500,1500,1500,1500,1500,1500,1500,1500,1500,1500,1500,8.0
2026-05-04,13:43:45.530,-0.24,-0.56,-1.23,-83,0,100,12,0,5,50,-79,100,13,"ANGL",53.759857 -1.543420,39.8,-299.86,8,11,11.2,5.7,795,49,0.5,-188,-499,644,-773,13,-1024,-93,-1024,1024,1,0,-1,-1,-1,1,-1,-1,-1,0x0000000000000000,1131,1270,1822,1434,2012,1869,1500,988,1500,1500,1500,1500,1500,1500,1500,1500,1500,1500,1500,1500,1500,1500,1500,1500,1500,1500,1500,1500,1500,1500,1500,1500,8.0
2026-05-04,13:43:46.030,-0.24,-0.56,-1.23,-88,0,98,9,0,5,50,-74,100,13,"ANGL",53.759857 -1.543420,39.8,-299.86,8,11,11.2,5.7,795,49,0.5,-3,-713,615,-643,13,-1024,-93,-1024,1024,1,0,-1,-1,-1,1,-1,-1,-1,0x0000000000000000,1199,1162,1807,1499,2012,1801,1500,988,1500,1500,1500,1500,1500,1500,1500,1500,1500,1500,1500,1500,1500,1500,1500,1500,1500,1500,1500,1500,1500,1500,1500,1500,8.0
2026-05-04,13:43:46.530,-0.24,-0.56,-1.23,-78,0,97,13,0,5,50,-65,100,13,"ANGL",53.759857 -1.543420,39.8,-299.86,8,11,11.2,5.7,795,49,0.5,-304,-341,643,-657,13,-1024,-93,-1024,1024,1,0,-1,-1,-1,1,-1,-1,-1,0x0000000000000000,1191,1345,1821,1390,2012,1809,1500,988,1500,1500,1500,1500,1500,1500,1500,1500,1500,1500,1500,1500,1500,1500,1500,1500,1500,1500,1500,1500,1500,1500,1500,1500,8.0
2026-05-04,13:43:47.030,-0.24,-0.56,-1.23,-75,0,100,13,0,5,50,-75,100,13,"ANGL",53.759857 -1.543420,39.8,-299.86,8,11,11.2,5.7,795,49,0.5,-239,-494,661,-702,13,-1024,-93,-1024,1024,1,0,-1,-1,-1,1,-1,-1,-1,0x0000000000000000,1168,1272,1830,1415,2012,1832,1500,988,1500,1500,1500,1500,1500,1500,1500,1500,1500,1500,1500,1500,1500,1500,1500,1500,1500,1500,1500,1500,1500,1500,1500,1500,8.0
2026-05-04,13:43:47.530,-0.24,-0.56,-1.23,-74,0,99,13,0,5,50,-59,100,14,"ANGL",53.760161 -1.543987,38.7,272.00,9,11,11.2,5.7,795,49,0.5,0,-826,577,-595,13,-1024,-93,-1024,1024,1,0,-1,-1,-1,1,-1,-1,-1,0x0000000000000000,1223,1102,1788,1500,2012,1777,1500,988,1500,1500,1500,1500,1500,1500,1500,1500,1500,1500,1500,1500,1500,1500,1500,1500,1500,1500,1500,1500,1500,1500,1500,1500,8.0
2026-05-04,13:43:48.030,-0.24,-0.56,-1.23,-72,0,99,13,0,5,50,-61,100,14,"ANGL",53.760161 -1.543987,38.7,272.00,9,11,11.2,5.7,795,49,0.5,0,-159,658,-589,13,-1024,-93,-1024,1024,1,0,-1,-1,-1,1,-1,-1,-1,0x0000000000000000,1226,1429,1829,1500,2012,1774,1500,988,1500,1500,1500,1500,1500,1500,1500,1500,1500,1500,1500,1500,1500,1500,1500,1500,1500,1500,1500,1500,1500,1500,1500,1500,8.0
2026-05-04,13:43:48.530,-0.24,-0.56,-1.23,-65,0,98,14,0,5,50,-53,100,13,"ANGL",53.760161 -1.543987,38.7,272.00,9,11,11.0,8.4,806,43,0.5,-2,-214,678,-917,13,-1024,-93,-1024,1024,1,0,-1,-1,-1,1,-1,-1,-1,0x0000000000000000,1051,1404,1839,1500,2012,1949,1500,988,1500,1500,1500,1500,1500,1500,1500,1500,1500,1500,1500,1500,1500,1500,1500,1500,1500,1500,1500,1500,1500,1500,1500,1500,8.0
2026-05-04,13:43:49.030,-0.24,-0.56,-1.23,-61,0,99,14,0,5,50,-63,100,15,"ANGL",53.760161 -1.543987,38.7,272.00,9,11,11.0,8.4,806,43,0.5,-93,-636,739,-924,13,-1024,-93,-1024,1024,1,0,-1,-1,-1,1,-1,-1,-1,0x0000000000000000,1047,1202,1869,1468,2012,1953,1500,988,1500,1500,1500,1500,1500,1500,1500,1500,1500,1500,1500,1500,1500,1500,1500,1500,1500,1500,1500,1500,1500,1500,1500,1500,8.0
2026-05-04,13:43:49.530,-0.25,-0.31,-2.09,-70,0,99,14,0,5,50,-75,100,12,"ANGL",53.760161 -1.543987,38.7,272.00,9,11,11.0,8.4,806,43,0.5,-111,-574,778,-791,13,-1024,-93,-1024,1024,1,0,-1,-1,-1,1,-1,-1,-1,0x0000000000000000,1121,1233,1889,1461,2012,1879,1500,988,1500,1500,1500,1500,1500,1500,1500,1500,1500,1500,1500,1500,1500,1500,1500,1500,1500,1500,1500,1500,1500,1500,1500,1500,8.0
2026-05-04,13:43:50.030,-0.25,-0.31,-2.09,-65,0,96,14,0,5,50,-52,100,14,"ANGL",53.760161 -1.543987,38.7,272.00,9,11,11.0,8.4,806,43,0.5,-6,-598,694,-616,13,-1024,-93,-1024,1024,1,0,-1,-1,-1,1,-1,-1,-1,0x0000000000000000,1212,1221,1847,1498,2012,1788,1500,988,1500,1500,1500,1500,1500,1500,1500,1500,1500,1500,1500,1500,1500,1500,1500,1500,1500,1500,1500,1500,1500,1500,1500,1500,8.0
2026-05-04,13:43:50.530,-0.25,-0.31,-2.09,-59,0,100,14,0,5,50,-50,100,14,"ANGL",53.760161 -1.543987,38.7,272.00,9,11,11.0,8.4,806,43,0.5,-54,-550,732,-865,13,-1024,-93,-1024,1024,1,0,-1,-1,-1,1,-1,-1,-1,0x0000000000000000,1080,1245,1866,1481,2012,1920,1500,988,1500,1500,1500,1500,1500,1500,1500,1500,1500,1500,1500,1500,1500,1500,1500,1500,1500,1500,1500,1500,1500,1500,1500,1500,8.0
2026-05-04,13:43:51.030,-0.25,-0.31,-2.09,-58,0,100,14,0,5,50,-53,100,14,"ANGL",53.760161 -1.543987,38.7,272.00,9,11,11.0,8.4,806,43,-0.3,-2,-646,583,-887,13,-1024,-93,-1024,1024,1,0,-1,-1,-1,1,-1,-1,-1,0x0000000000000000,1068,1197,1791,1500,2012,1932,1500,988,1500,1500,1500,1500,1500,1500,1500,1500,1500,1500,1500,1500,1500,1500,1500,1500,1500,1500,1500,1500,1500,1500,1500,1500,8.0
2026-05-04,13:43:51.530,-0.25,-0.31,-2.09,-64,0,100,13,0,5,50,-60,100,13,"ANGL",53.760161 -1.543987,38.7,272.00,9,11,11.0,8.4,806,43,-0.3,1,-634,499,-675,13,-1024,-93,-1024,1024,1,0,-1,-1,-1,1,-1,-1,-1,0x0000000000000000,1182,1203,1749,1500,2012,1818,1500,988,1500,1500,1500,1500,1500,1500,1500,1500,1500,1500,1500,1500,1500,1500,1500,1500,1500,1500,1500,1500,1500,1500,1500,1500,8.0
2026-05-04,13:43:52.030,-0.25,-0.31,-2.09,-63,0,100,13,0,5,50,-64,100,14,"ANGL",53.760161 -1.543987,38.7,272.00,9,11,11.0,8.4,806,43,-0.3,1,-522,300,-640,13,-1024,-93,-1024,1024,1,0,-1,-1,-1,1,-1,-1,-1,0x0000000000000000,1200,1259,1650,1500,2012,1800,1500,988,1500,1500,1500,1500,1500,1500,1500,1500,1500,1500,1500,1500,1500,1500,1500,1500,1500,1500,1500,1500,1500,1500,1500,1500,8.0
2026-05-04,13:43:52.530,-0.25,-0.31,-2.09,-67,0,99,14,0,5,50,-50,100,14,"ANGL",53.760161 -1.543987,38.7,272.00,9,11,11.0,8.4,806,43,-0.3,1,-451,235,-434,13,-1024,-93,-1024,1024,1,0,-1,-1,-1,1,-1,-1,-1,0x0000000000000000,1302,1302,1617,1500,2012,1698,1500,988,1500,1500,1500,1500,1500,1500,1500,1500,1500,1500,1500,1500,1500,1500,1500,1500,1500,1500,1500,1500,1500,1500,1500,1500,8.0
2026-05-04,13:43:53.030,-0.25,-0.31,-2.09,-59,0,99,14,0,5,50,-47,100,14,"ANGL",53.759832 -1.544756,49.4,200.50,9,13,11.0,8.4,806,43,-0.3,3,3,236,-170,13,-1024,-93,-1024,1024,1,0,-1,-1,-1,1,-1,-1,-1,0x0000000000000000,1424,1501,1618,1501,2012,1576,1500,988,1500,1500,1500,1500,1500,1500,1500,1500,1500,1500,1500,1500,1500,1500,1500,1500,1500,1500,1500,1500,1500,1500,1500,1500,8.0
2026-05-04,13:43:53.530,-0.25,-0.31,-2.09,-55,0,100,13,0,5,50,-50,100,13,"ANGL",53.759832 -1.544756,49.4,200.50,9,13,11.0,8.4,806,43,-0.3,3,-460,236,-332,13,-1024,-93,-1024,1024,1,1,-1,-1,-1,1,-1,-1,-1,0x0000000000000000,1349,1289,1618,1501,2012,1651,2012,988,1500,1500,1500,1500,1500,1500,1500,1500,1500,1500,1500,1500,1500,1500,1500,1500,1500,1500,1500,1500,1500,1500,1500,1500,8.0
2026-05-04,13:43:54.030,-0.25,-0.31,-2.09,-60,0,100,14,0,5,50,-59,100,14,"ANGL",53.759832 -1.544756,49.4,200.50,9,13,11.2,4.0,818,49,-0.3,4,-702,-61,-690,13,-1024,-93,-1024,1024,1,1,-1,-1,-1,1,-1,-1,-1,0x0000000000000000,1174,1168,1470,1501,2012,1826,2012,988,1500,1500,1500,1500,1500,1500,1500,1500,1500,1500,1500,1500,1500,1500,1500,1500,1500,1500,1500,1500,1500,1500,1500,1500,8.0
2026-05-04,13:43:54.530,-0.25,-0.31,-2.09,-70,0,100,13,0,5,50,-80,100,12,"ANGL",53.759832 -1.544756,49.4,200.50,9,13,11.2,4.0,818,49,-0.3,7,-89,163,-212,12,-1024,-93,-1024,1024,1,1,-1,-1,-1,1,-1,-1,-1,0x0000000000000000,1405,1460,1581,1502,2012,1595,2012,988,1500,1500,1500,1500,1500,1500,1500,1500,1500,1500,1500,1500,1500,1500,1500,1500,1500,1500,1500,1500,1500,1500,1500,1500,8.0
2026-05-04,13:43:55.030,-0.06,-0.22,-2.69,-76,0,97,13,0,5,50,-68,100,13,"ANGL",53.759832 -1.544756,49.4,200.50,9,13,11.2,4.0,818,49,-0.3,3,-4,308,671,12,-1024,-93,-1024,1024,1,1,-1,-1,-1,1,-1,-1,-1,0x0000000000000000,1816,1498,1654,1501,2012,1184,2012,988,1500,1500,1500,1500,1500,1500,1500,1500,1500,1500,1500,1500,1500,1500,1500,1500,1500,1500,1500,1500,1500,1500,1500,1500,8.0
2026-05-04,13:43:55.530,-0.06,-0.22,-2.69,-73,0,98,13,0,5,50,-61,100,14,"ANGL",53.759832 -1.544756,49.4,200.50,9,13,11.2,4.0,818,49,-0.3,3,-129,344,357,12,-1024,-93,-1024,1024,1,1,-1,-1,-1,1,-1,-1,-1,0x0000000000000000,1662,1442,1672,1501,2012,1338,2012,988,1500,1500,1500,1500,1500,1500,1500,1500,1500,1500,1500,1500,1500,1500,1500,1500,1500,1500,1500,1500,1500,1500,1500,1500,8.0
2026-05-04,13:43:56.030,-0.06,-0.22,-2.69,-59,0,100,13,0,5,50,-48,100,14,"AIR",53.759832 -1.544756,49.4,200.50,9,13,11.2,4.0,818,49,-0.3,1,-31,346,77,12,-1024,-93,-1024,1024,1,1,-1,-1,-1,1,-1,-1,-1,0x0000000000000000,1534,1486,1673,1500,2012,1466,2012,988,1500,1500,1500,1500,1500,1500,1500,1500,1500,1500,1500,1500,1500,1500,1500,1500,1500,1500,1500,1500,1500,1500,1500,1500,8.0
2026-05-04,13:43:56.530,-0.06,-0.22,-2.69,-59,0,100,14,0,5,50,-54,100,15,"AIR",53.759832 -1.544756,49.4,200.50,9,13,11.2,4.0,818,49,1.7,2,-38,350,4,13,-1024,-93,-1024,1024,1,1,-1,-1,-1,1,-1,-1,-1,0x0000000000000000,1502,1483,1675,1500,2012,1498,2012,988,1500,1500,1500,1500,1500,1500,1500,1500,1500,1500,1500,1500,1500,1500,1500,1500,1500,1500,1500,1500,1500,1500,1500,1500,8.0
2026-05-04,13:43:57.030,-0.06,-0.22,-2.69,-62,0,99,14,0,5,50,-60,100,15,"AIR",53.759832 -1.544756,49.4,200.50,9,13,11.2,4.0,818,49,1.7,3,-153,445,2,12,-1024,-93,-1024,1024,1,1,-1,-1,-1,1,-1,-1,-1,0x0000000000000000,1501,1431,1722,1501,2012,1499,2012,988,1500,1500,1500,1500,1500,1500,1500,1500,1500,1500,1500,1500,1500,1500,1500,1500,1500,1500,1500,1500,1500,1500,1500,1500,8.0
2026-05-04,13:43:57.530,-0.06,-0.22,-2.69,-66,0,99,14,0,5,50,-62,100,14,"AIR",53.759832 -1.544756,49.4,200.50,9,13,11.2,4.0,818,49,1.7,21,-59,589,619,12,-1024,-93,-1024,1024,1,1,-1,-1,-1,1,-1,-1,-1,0x0000000000000000,1789,1474,1794,1507,2012,1211,2012,988,1500,1500,1500,1500,1500,1500,1500,1500,1500,1500,1500,1500,1500,1500,1500,1500,1500,1500,1500,1500,1500,1500,1500,1500,8.0
2026-05-04,13:43:58.030,-0.06,-0.22,-2.69,-68,0,99,14,0,5,50,-61,100,13,"AIR",53.759832 -1.544756,49.4,200.50,9,13,11.2,4.0,818,49,1.7,56,-381,625,471,12,-1024,-93,-1024,1024,1,1,-1,-1,-1,1,-1,-1,-1,0x0000000000000000,1716,1326,1812,1519,2012,1284,2012,988,1500,1500,1500,1500,1500,1500,1500,1500,1500,1500,1500,1500,1500,1500,1500,1500,1500,1500,1500,1500,1500,1500,1500,1500,8.0
2026-05-04,13:43:58.530,-0.06,-0.22,-2.69,-68,0,99,14,0,5,50,-65,100,14,"AIR",53.759278 -1.544880,36.0,179.30,12,12,11.2,4.0,818,49,1.7,38,-348,627,331,12,-1024,-93,-1024,1024,1,1,-1,-1,-1,1,-1,-1,-1,0x0000000000000000,1650,1342,1813,1513,2012,1350,2012,988,1500,1500,1500,1500,1500,1500,1500,1500,1500,1500,1500,1500,1500,1500,1500,1500,1500,1500,1500,1500,1500,1500,1500,1500,8.0
2026-05-04,13:43:59.030,-0.06,-0.22,-2.69,-72,0,100,13,0,5,50,-64,100,14,"AIR",53.759278 -1.544880,36.0,179.30,12,12,11.2,4.0,818,49,1.7,8,-590,578,3,12,-1024,-93,-1024,1024,1,1,-1,-1,-1,1,-1,-1,-1,0x0000000000000000,1501,1225,1789,1503,2012,1499,2012,988,1500,1500,1500,1500,1500,1500,1500,1500,1500,1500,1500,1500,1500,1500,1500,1500,1500,1500,1500,1500,1500,1500,1500,1500,8.0
2026-05-04,13:43:59.530,-0.06,-0.22,-2.69,-72,0,100,13,0,5,50,-59,100,13,"AIR",53.759278 -1.544880,36.0,179.30,12,12,11.0,8.1,826,43,1.7,18,-511,546,152,12,-1024,-93,-1024,1024,1,1,-1,-1,-1,1,-1,-1,-1,0x0000000000000000,1568,1264,1773,1506,2012,1432,2012,988,1500,1500,1500,1500,1500,1500,1500,1500,1500,1500,1500,1500,1500,1500,1500,1500,1500,1500,1500,1500,1500,1500,1500,1500,8.0
2026-05-04,13:44:00.030,-0.06,-0.22,-2.69,-62,0,100,14,0,5,50,-50,100,14,"AIR",53.759278 -1.544880,36.0,179.30,12,12,11.0,8.1,826,43,1.7,198,-428,493,217,12,-1024,-93,-1024,1024,1,1,-1,-1,-1,1,-1,-1,-1,0x0000000000000000,1598,1304,1746,1570,2012,1402,2012,988,1500,1500,1500,1500,1500,1500,1500,1500,1500,1500,1500,1500,1500,1500,1500,1500,1500,1500,1500,1500,1500,1500,1500,1500,8.0
2026-05-04,13:44:00.530,-0.42,0.72,-1.66,-59,0,100,13,0,5,50,-49,100,13,"AIR",53.759278 -1.544880,36.0,179.30,12,12,11.0,8.1,826,43,1.7,244,-304,494,263,12,-1024,-93,-1024,1024,1,1,-1,-1,-1,1,-1,-1,-1,0x0000000000000000,1619,1362,1747,1587,2012,1381,2012,988,1500,1500,1500,1500,1500,1500,1500,1500,1500,1500,1500,1500,1500,1500,1500,1500,1500,1500,1500,1500,1500,1500,1500,1500,8.0
2026-05-04,13:44:01.030,-0.42,0.72,-1.66,-56,0,100,14,0,5,50,-50,100,14,"AIR",53.759278 -1.544880,36.0,179.30,12,12,11.0,8.1,826,43,1.7,209,-522,501,4,12,-1024,-93,-1024,1024,1,1,-1,-1,-1,1,-1,-1,-1,0x0000000000000000,1502,1259,1750,1574,2012,1498,2012,988,1500,1500,1500,1500,1500,1500,1500,1500,1500,1500,1500,1500,1500,1500,1500,1500,1500,1500,1500,1500,1500,1500,1500,1500,8.0
2026-05-04,13:44:01.530,-0.42,0.72,-1.66,-62,0,100,14,0,5,50,-58,100,14,"AIR",53.759278 -1.544880,36.0,179.30,12,12,11.0,8.1,826,43,1.7,102,-574,518,-3,12,-1024,-93,-1024,1024,1,1,-1,-1,-1,1,-1,-1,-1,0x0000000000000000,1499,1233,1759,1536,2012,1501,2012,988,1500,1500,1500,1500,1500,1500,1500,1500,1500,1500,1500,1500,1500,1500,1500,1500,1500,1500,1500,1500,1500,1500,1500,1500,8.0
2026-05-04,13:44:02.030,-0.42,0.72,-1.66,-64,0,100,14,0,5,50,-60,100,14,"AIR",53.759278 -1.544880,36.0,179.30,12,12,11.0,8.1,826,43,1.7,7,-549,526,-4,12,-1024,-93,-1024,1024,1,1,-1,-1,-1,1,-1,-1,-1,0x0000000000000000,1498,1246,1763,1502,2012,1502,2012,988,1500,1500,1500,1500,1500,1500,1500,1500,1500,1500,1500,1500,1500,1500,1500,1500,1500,1500,1500,1500,1500,1500,1500,1500,8.0
2026-05-04,13:44:02.530,-0.42,0.72,-1.66,-73,0,97,13,0,5,50,-64,100,13,"AIR",53.759278 -1.544880,36.0,179.30,12,12,11.0,8.1,826,43,0.0,3,0,505,-1,12,-1024,-93,-1024,1024,1,1,-1,-1,-1,1,-1,-1,-1,0x0000000000000000,1500,1500,1752,1501,2012,1500,2012,988,1500,1500,1500,1500,1500,1500,1500,1500,1500,1500,1500,1500,1500,1500,1500,1500,1500,1500,1500,1500,1500,1500,1500,1500,8.0
2026-05-04,13:44:03.030,-0.42,0.72,-1.66,-73,0,96,14,0,5,50,-64,100,15,"AIR",53.759278 -1.544880,36.0,179.30,12,12,11.0,8.1,826,43,0.0,2,0,486,-573,13,-1024,-93,-1024,1024,1,1,-1,-1,-1,1,-1,-1,-1,0x0000000000000000,1234,1500,1743,1500,2012,1766,2012,988,1500,1500,1500,1500,1500,1500,1500,1500,1500,1500,1500,1500,1500,1500,1500,1500,1500,1500,1500,1500,1500,1500,1500,1500,8.0
2026-05-04,13:44:03.530,-0.42,0.72,-1.66,-73,0,98,14,0,5,50,-70,100,13,"AIR",53.759278 -1.544880,36.0,179.30,12,12,11.0,8.1,826,43,0.0,0,7,453,-6,12,-1024,-93,-1024,1024,1,1,-1,-1,-1,1,-1,-1,-1,0x0000000000000000,1498,1503,1726,1500,2012,1502,2012,988,1500,1500,1500,1500,1500,1500,1500,1500,1500,1500,1500,1500,1500,1500,1500,1500,1500,1500,1500,1500,1500,1500,1500,1500,8.0
2026-05-04,13:44:04.030,-0.42,0.72,-1.66,-74,0,100,13,0,5,50,-65,100,13,"AIR",53.759234 -1.545481,45.6,-298.26,18,13,11.0,8.1,826,43,0.0,1,3,498,-3,12,-1024,-93,-1024,1024,1,1,-1,-1,-1,1,-1,-1,-1,0x0000000000000000,1499,1501,1749,1500,2012,1501,2012,988,1500,1500,1500,1500,1500,1500,1500,1500,1500,1500,1500,1500,1500,1500,1500,1500,1500,1500,1500,1500,1500,1500,1500,1500,8.0
2026-05-04,13:44:04.530,-0.42,0.72,-1.66,-74,0,100,13,0,5,50,-75,100,12,"AIR",53.759234 -1.545481,45.6,-298.26,18,13,11.0,8.1,826,43,0.0,1,2,523,-1,12,-1024,-93,-1024,1024,1,1,-1,-1,-1,1,-1,-1,-1,0x0000000000000000,1500,1501,1761,1500,2012,1500,2012,988,1500,1500,1500,1500,1500,1500,1500,1500,1500,1500,1500,1500,1500,1500,1500,1500,1500,1500,1500,1500,1500,1500,1500,1500,8.0
2026-05-04,13:44:05.030,-0.42,0.72,-1.66,-76,0,97,13,0,5,50,-63,100,14,"AIR",53.759234 -1.545481,45.6,-298.26,18,13,11.0,8.1,826,43,0.0,0,3,530,-1,12,-1024,-93,-1024,1024,1,1,-1,-1,-1,1,-1,-1,-1,0x0000000000000000,1500,1501,1765,1500,2012,1500,2012,988,1500,1500,1500,1500,1500,1500,1500,1500,1500,1500,1500,1500,1500,1500,1500,1500,1500,1500,1500,1500,1500,1500,1500,1500,8.0
2026-05-04,13:44:05.530,-0.42,0.72,-1.66,-71,0,100,14,0,5,50,-62,100,14,"AIR",53.759234 -1.545481,45.6,-298.26,18,13,11.1,5.8,836,46,0.0,0,273,513,-45,12,-1024,-93,-1024,1024,1,1,-1,-1,-1,1,-1,-1,-1,0x0000000000000000,1480,1623,1756,1500,2012,1520,2012,988,1500,1500,1500,1500,1500,1500,1500,1500,1500,1500,1500,1500,1500,1500,1500,1500,1500,1500,1500,1500,1500,1500,1500,1500,8.0
2026-05-04,13:44:06.030,-0.31,0.07,0.67,-65,0,100,14,0,5,50,-62,100,15,"AIR",53.759234 -1.545481,45.6,-298.26,18,13,11.1,5.8,836,46,0.0,1,-3,508,188,12,-1024,-93,-1024,1024,1,1,-1,-1,-1,1,-1,-1,-1,0x0000000000000000,1585,1499,1754,1500,2012,1415,2012,988,1500,1500,1500,1500,1500,1500,1500,1500,1500,1500,1500,1500,1500,1500,1500,1500,1500,1500,1500,1500,1500,1500,1500,1500,8.0
2026-05-04,13:44:06.530,-0.31,0.07,0.67,-69,0,99,14,0,5,50,-51,100,14,"AIR",53.759234 -1.545481,45.6,-298.26,18,13,11.1,5.8,836,46,0.0,1,5,499,378,12,-1024,-93,-1024,1024,1,1,-1,-1,-1,1,-1,-1,-1,0x0000000000000000,1672,1502,1749,1500,2012,1328,2012,988,1500,1500,1500,1500,1500,1500,1500,1500,1500,1500,1500,1500,1500,1500,1500,1500,1500,1500,1500,1500,1500,1500,1500,1500,8.0
2026-05-04,13:44:07.030,-0.31,0.07,0.67,-60,0,100,14,0,5,50,-54,100,14,"AIR",53.759234 -1.545481,45.6,-298.26,18,13,11.1,5.8,836,46,0.0,1,-10,490,577,12,-1024,-93,-1024,1024,1,1,-1,-1,-1,1,-1,-1,-1,0x0000000000000000,1768,1496,1745,1500,2012,1232,2012,988,1500,1500,1500,1500,1500,1500,1500,1500,1500,1500,1500,1500,1500,1500,1500,1500,1500,1500,1500,1500,1500,1500,1500,1500,8.0
2026-05-04,13:44:07.530,-0.31,0.07,0.67,-62,0,99,14,0,5,50,-61,100,13,"AIR",53.759234 -1.545481,45.6,-298.26,18,13,11.1,5.8,836,46,0.0,2,-96,490,511,12,-1024,-93,-1024,1024,1,1,-1,-1,-1,1,-1,-1,-1,0x0000000000000000,1736,1457,1745,1500,2012,1264,2012,988,1500,1500,1500,1500,1500,1500,1500,1500,1500,1500,1500,1500,1500,1500,1500,1500,1500,1500,1500,1500,1500,1500,1500,1500,8.0
2026-05-04,13:44:08.030,-0.31,0.07,0.67,-62,0,100,14,0,5,50,-51,100,13,"AIR",53.759234 -1.545481,45.6,-298.26,18,13,11.1,5.8,836,46,0.1,1,-184,508,47,12,-1024,-93,-1024,1024,1,1,-1,-1,-1,1,-1,-1,-1,0x0000000000000000,1521,1417,1754,1500,2012,1479,2012,988,1500,1500,1500,1500,1500,1500,1500,1500,1500,1500,1500,1500,1500,1500,1500,1500,1500,1500,1500,1500,1500,1500,1500,1500,8.0
2026-05-04,13:44:08.530,-0.31,0.07,0.67,-62,0,100,14,0,5,50,-54,100,13,"AIR",53.759234 -1.545481,45.6,-298.26,18,13,11.1,5.8,836,46,0.1,1,-181,540,42,12,-1024,-93,-1024,1024,1,1,-1,-1,-1,1,-1,-1,-1,0x0000000000000000,1519,1419,1770,1500,2012,1481,2012,988,1500,1500,1500,1500,1500,1500,1500,1500,1500,1500,1500,1500,1500,1500,1500,1500,1500,1500,1500,1500,1500,1500,1500,1500,8.0
2026-05-04,13:44:09.030,-0.31,0.07,0.67,-62,0,99,14,0,5,50,-54,100,13,"AIR",53.759234 -1.545481,45.6,-298.26,18,13,11.1,5.8,836,46,0.1,1,-258,496,62,12,-1024,-93,-1024,1024,1,1,-1,-1,-1,1,-1,-1,-1,0x0000000000000000,1528,1384,1748,1500,2012,1472,2012,988,1500,1500,1500,1500,1500,1500,1500,1500,1500,1500,1500,1500,1500,1500,1500,1500,1500,1500,1500,1500,1500,1500,1500,1500,8.0
2026-05-04,13:44:09.530,-0.31,0.07,0.67,-61,0,99,13,0,5,50,-52,100,15,"AIR",53.759640 -1.544879,40.5,30.40,23,13,11.1,5.8,836,46,0.1,1,-1,545,0,13,-1024,-93,-1024,1024,1,1,-1,-1,-1,1,-1,-1,-1,0x0000000000000000,1500,1500,1772,1500,2012,1500,2012,988,1500,1500,1500,1500,1500,1500,1500,1500,1500,1500,1500,1500,1500,1500,1500,1500,1500,1500,1500,1500,1500,1500,1500,1500,8.0
2026-05-04,13:44:10.030,-0.31,0.07,0.67,-60,0,100,14,0,5,50,-51,100,13,"AIR",53.759640 -1.544879,40.5,30.40,23,13,11.1,5.8,836,46,0.1,0,0,544,-266,13,-1024,-93,-1024,1024,1,1,-1,-1,-1,1,-1,-1,-1,0x0000000000000000,1380,1500,1772,1500,2012,1620,2012,988,1500,1500,1500,1500,1500,1500,1500,1500,1500,1500,1500,1500,1500,1500,1500,1500,1500,1500,1500,1500,1500,1500,1500,1500,8.0
2026-05-04,13:44:10.530,-0.31,0.07,0.67,-60,0,100,14,0,5,50,-53,100,14,"AIR",53.759640 -1.544879,40.5,30.40,23,13,11.1,5.8,836,46,0.1,-17,-1,475,-186,12,-1024,-93,-1024,1024,1,1,-1,-1,-1,1,-1,-1,-1,0x0000000000000000,1416,1500,1737,1494,2012,1584,2012,988,1500,1500,1500,1500,1500,1500,1500,1500,1500,1500,1500,1500,1500,1500,1500,1500,1500,1500,1500,1500,1500,1500,1500,1500,8.0
2026-05-04,13:44:11.030,-0.31,0.07,0.67,-62,0,100,13,0,5,50,-49,100,15,"AIR",53.759640 -1.544879,40.5,30.40,23,13,11.1,5.9,847,46,0.1,-1,-1,489,-336,12,-1024,-93,-1024,1024,1,1,-1,-1,-1,1,-1,-1,-1,0x0000000000000000,1347,1500,1744,1500,2012,1653,2012,988,1500,1500,1500,1500,1500,1500,1500,1500,1500,1500,1500,1500,1500,1500,1500,1500,1500,1500,1500,1500,1500,1500,1500,1500,8.0
2026-05-04,13:44:11.530,0.04,0.86,1.64,-54,0,100,14,0,5,50,-46,100,14,"AIR",53.759640 -1.544879,40.5,30.40,23,13,11.1,5.9,847,46,0.1,-33,-1,507,-501,13,-1024,-93,-1024,1024,1,1,-1,-1,-1,1,-1,-1,-1,0x0000000000000000,1269,1500,1753,1489,2012,1731,2012,988,1500,1500,1500,1500,1500,1500,1500,1500,1500,1500,1500,1500,1500,1500,1500,1500,1500,1500,1500,1500,1500,1500,1500,1500,8.0
2026-05-04,13:44:12.030,0.04,0.86,1.64,-58,0,99,13,0,5,50,-48,100,14,"AIR",53.759640 -1.544879,40.5,30.40,23,13,11.1,5.9,847,46,0.1,-39,-2,553,-666,13,-1024,-93,-1024,1024,1,1,-1,-1,-1,1,-1,-1,-1,0x0000000000000000,1187,1499,1776,1487,2012,1813,2012,988,1500,1500,1500,1500,1500,1500,1500,1500,1500,1500,1500,1500,1500,1500,1500,1500,1500,1500,1500,1500,1500,1500,1500,1500,8.0
2026-05-04,13:44:12.530,0.04,0.86,1.64,-58,0,99,14,0,5,50,-56,100,15,"AIR",53.759640 -1.544879,40.5,30.40,23,13,11.1,5.9,847,46,0.1,-164,-1,579,-374,13,-1024,-93,-1024,1024,1,1,-1,-1,-1,1,-1,-1,-1,0x0000000000000000,1330,1500,1789,1442,2012,1670,2012,988,1500,1500,1500,1500,1500,1500,1500,1500,1500,1500,1500,1500,1500,1500,1500,1500,1500,1500,1500,1500,1500,1500,1500,1500,8.0
2026-05-04,13:44:13.030,0.04,0.86,1.64,-65,0,100,13,0,5,50,-58,100,14,"AIR",53.759640 -1.544879,40.5,30.40,23,13,11.1,5.9,847,46,0.1,-205,2,579,-298,12,-1024,-93,-1024,1024,1,1,-1,-1,-1,1,-1,-1,-1,0x0000000000000000,1354,1501,1789,1427,2012,1646,2012,988,1500,1500,1500,1500,1500,1500,1500,1500,1500,1500,1500,1500,1500,1500,1500,1500,1500,1500,1500,1500,1500,1500,1500,1500,8.0
2026-05-04,13:44:13.530,0.04,0.86,1.64,-77,0,100,12,0,5,50,-70,100,13,"AIR",53.759640 -1.544879,40.5,30.40,23,13,11.1,5.9,847,46,-0.1,-423,-70,518,-368,13,-1024,-93,-1024,1024,1,1,-1,-1,-1,1,-1,-1,-1,0x0000000000000000,1333,1469,1759,1342,2012,1667,2012,988,1500,1500,1500,1500,1500,1500,1500,1500,1500,1500,1500,1500,1500,1500,1500,1500,1500,1500,1500,1500,1500,1500,1500,1500,8.0
2026-05-04,13:44:14.030,0.04,0.86,1.64,-84,0,99,11,0,5,50,-78,100,12,"AIR",53.759640 -1.544879,40.5,30.40,23,13,11.1,5.9,847,46,-0.1,-489,-70,506,-178,12,-1024,-93,-1024,1024,1,1,-1,-1,-1,1,-1,-1,-1,0x0000000000000000,1420,1469,1753,1313,2012,1580,2012,988,1500,1500,1500,1500,1500,1500,1500,1500,1500,1500,1500,1500,1500,1500,1500,1500,1500,1500,1500,1500,1500,1500,1500,1500,8.0
2026-05-04,13:44:14.530,0.04,0.86,1.64,-87,0,99,10,0,5,50,-74,100,13,"AIR",53.759640 -1.544879,40.5,30.40,23,13,11.1,5.9,847,46,-0.1,-414,-701,532,-7,12,-1024,-93,-1024,1024,1,1,-1,-1,-1,1,-1,-1,-1,0x0000000000000000,1497,1169,1766,1345,2012,1503,2012,988,1500,1500,1500,1500,1500,1500,1500,1500,1500,1500,1500,1500,1500,1500,1500,1500,1500,1500,1500,1500,1500,1500,1500,1500,8.0
2026-05-04,13:44:15.030,0.04,0.86,1.64,-85,0,100,10,0,5,50,-79,100,8,"AIR",53.759721 -1.543802,54.9,98.00,11,13,11.1,5.9,847,46,-0.1,-136,-820,575,33,12,-1024,-93,-1024,1024,1,1,-1,-1,-1,1,-1,-1,-1,0x0000000000000000,1515,1105,1787,1452,2012,1485,2012,988,1500,1500,1500,1500,1500,1500,1500,1500,1500,1500,1500,1500,1500,1500,1500,1500,1500,1500,1500,1500,1500,1500,1500,1500,8.0
2026-05-04,13:44:15.530,0.04,0.86,1.64,-84,0,99,10,0,5,50,-75,100,12,"AIR",53.759721 -1.543802,54.9,98.00,11,13,11.1,5.9,847,46,-0.1,-6,-778,569,6,12,-1024,-93,-1024,1024,1,1,-1,-1,-1,1,-1,-1,-1,0x0000000000000000,1502,1128,1784,1498,2012,1498,2012,988,1500,1500,1500,1500,1500,1500,1500,1500,1500,1500,1500,1500,1500,1500,1500,1500,1500,1500,1500,1500,1500,1500,1500,1500,8.0
2026-05-04,13:44:16.030,0.04,0.86,1.64,-82,0,100,11,0,5,50,-75,100,13,"AIR",53.759721 -1.543802,54.9,98.00,11,13,11.1,5.9,847,46,-0.1,-8,-208,517,2,12,-1024,-93,-1024,1024,1,1,-1,-1,-1,1,-1,-1,-1,0x0000000000000000,1501,1406,1758,1497,2012,1499,2012,988,1500,1500,1500,1500,1500,1500,1500,1500,1500,1500,1500,1500,1500,1500,1500,1500,1500,1500,1500,1500,1500,1500,1500,1500,8.0
2026-05-04,13:44:16.530,0.04,0.86,1.64,-82,0,99,13,0,5,50,-77,100,14,"AIR",53.759721 -1.543802,54.9,98.00,11,13,11.1,6.5,856,45,-0.1,2,2,515,0,12,-1024,-93,-1024,1024,1,1,-1,-1,-1,1,-1,-1,-1,0x0000000000000000,1500,1501,1757,1500,2012,1500,2012,988,1500,1500,1500,1500,1500,1500,1500,1500,1500,1500,1500,1500,1500,1500,1500,1500,1500,1500,1500,1500,1500,1500,1500,1500,8.0
2026-05-04,13:44:17.030,-0.37,-0.60,-1.10,-80,0,100,12,0,5,50,-76,100,13,"AIR",53.759721 -1.543802,54.9,98.00,11,13,11.1,6.5,856,45,-0.1,2,2,515,-1,12,-1024,-93,-1024,1024,1,1,-1,-1,-1,1,-1,-1,-1,0x0000000000000000,1500,1501,1757,1500,2012,1500,2012,988,1500,1500,1500,1500,1500,1500,1500,1500,1500,1500,1500,1500,1500,1500,1500,1500,1500,1500,1500,1500,1500,1500,1500,1500,8.0
2026-05-04,13:44:17.530,-0.37,-0.60,-1.10,-81,0,98,13,0,5,50,-66,100,14,"AIR",53.759721 -1.543802,54.9,98.00,11,13,11.1,6.5,856,45,-0.1,3,2,515,-1,12,-1024,-93,-1024,1024,1,1,-1,-1,-1,1,-1,-1,-1,0x0000000000000000,1500,1501,1757,1501,2012,1500,2012,988,1500,1500,1500,1500,1500,1500,1500,1500,1500,1500,1500,1500,1500,1500,1500,1500,1500,1500,1500,1500,1500,1500,1500,1500,8.0
2026-05-04,13:44:18.030,-0.37,-0.60,-1.10,-73,0,98,13,0,5,50,-64,100,15,"AIR",53.759721 -1.543802,54.9,98.00,11,13,11.1,6.5,856,45,-0.1,2,2,515,0,12,-1024,-93,-1024,1024,1,1,-1,-1,-1,1,-1,-1,-1,0x0000000000000000,1500,1501,1757,1500,2012,1500,2012,988,1500,1500,1500,1500,1500,1500,1500,1500,1500,1500,1500,1500,1500,1500,1500,1500,1500,1500,1500,1500,1500,1500,1500,1500,8.0
2026-05-04,13:44:18.530,-0.37,-0.60,-1.10,-71,0,100,14,0,5,50,-75,100,13,"AIR",53.759721 -1.543802,54.9,98.00,11,13,11.1,6.5,856,45,-0.1,3,2,515,0,13,-1024,-93,-1024,1024,1,1,-1,-1,-1,1,-1,-1,-1,0x0000000000000000,1500,1501,1757,1501,2012,1500,2012,988,1500,1500,1500,1500,1500,1500,1500,1500,1500,1500,1500,1500,1500,1500,1500,1500,1500,1500,1500,1500,1500,1500,1500,1500,8.0
2026-05-04,13:44:19.030,-0.37,-0.60,-1.10,-66,0,99,14,0,5,50,-55,100,14,"AIR",53.759721 -1.543802,54.9,98.00,11,13,11.1,6.5,856,45,1.7,2,2,515,-1,12,-1024,-93,-1024,1024,1,1,-1,-1,-1,1,-1,-1,-1,0x0000000000000000,1500,1501,1757,1500,2012,1500,2012,988,1500,1500,1500,1500,1500,1500,1500,1500,1500,1500,1500,1500,1500,1500,1500,1500,1500,1500,1500,1500,1500,1500,1500,1500,8.0
2026-05-04,13:44:19.530,-0.37,-0.60,-1.10,-64,0,100,13,0,5,50,-55,100,14,"AIR",53.759721 -1.543802,54.9,98.00,11,13,11.1,6.5,856,45,1.7,2,2,514,-1,12,-1024,-93,-1024,1024,1,1,-1,-1,-1,1,-1,-1,-1,0x0000000000000000,1500,1501,1757,1500,2012,1500,2012,988,1500,1500,1500,1500,1500,1500,1500,1500,1500,1500,1500,1500,1500,1500,1500,1500,1500,1500,1500,1500,1500,1500,1500,1500,8.0
2026-05-04,13:44:20.030,-0.37,-0.60,-1.10,-65,0,99,14,0,5,50,-57,100,13,"AIR",53.759721 -1.543802,54.9,98.00,11,13,11.1,6.5,856,45,1.7,2,-304,515,-546,13,-1024,-93,-1024,1024,1,1,-1,-1,-1,1,-1,-1,-1,0x0000000000000000,1247,1362,1757,1500,2012,1753,2012,988,1500,1500,1500,1500,1500,1500,1500,1500,1500,1500,1500,1500,1500,1500,1500,1500,1500,1500,1500,1500,1500,1500,1500,1500,8.0
2026-05-04,13:44:20.530,-0.37,-0.60,-1.10,-64,0,99,13,0,5,50,-58,100,14,"AIR",53.760019 -1.543891,33.7,263.40,13,13,11.1,6.5,856,45,1.7,2,-311,540,-862,13,-1024,-93,-1024,1024,1,1,-1,-1,-1,1,-1,-1,-1,0x0000000000000000,1082,1359,1770,1500,2012,1918,2012,988,1500,1500,1500,1500,1500,1500,1500,1500,1500,1500,1500,1500,1500,1500,1500,1500,1500,1500,1500,1500,1500,1500,1500,1500,8.0
2026-05-04,13:44:21.030,-0.37,-0.60,-1.10,-65,0,100,14,0,5,50,-63,100,14,"AIR",53.760019 -1.543891,33.7,263.40,13,13,11.1,6.5,856,45,1.7,-296,-3,640,-297,13,-1024,-93,-1024,1024,1,1,-1,-1,-1,1,-1,-1,-1,0x0000000000000000,1366,1499,1820,1393,2012,1634,2012,988,1500,1500,1500,1500,1500,1500,1500,1500,1500,1500,1500,1500,1500,1500,1500,1500,1500,1500,1500,1500,1500,1500,1500,1500,8.0
2026-05-04,13:44:21.530,-0.37,-0.60,-1.10,-70,0,99,14,0,5,50,-64,100,13,"AIR",53.760019 -1.543891,33.7,263.40,13,13,11.1,6.5,856,45,1.7,-104,-4,636,-59,12,-1024,-93,-1024,1024,1,1,-1,-1,-1,1,-1,-1,-1,0x0000000000000000,1474,1498,1818,1464,2012,1526,2012,988,1500,1500,1500,1500,1500,1500,1500,1500,1500,1500,1500,1500,1500,1500,1500,1500,1500,1500,1500,1500,1500,1500,1500,1500,8.0
2026-05-04,13:44:22.030,-0.37,-0.60,-1.10,-68,0,100,13,0,5,50,-52,100,15,"AIR",53.760019 -1.543891,33.7,263.40,13,13,11.0,6.8,866,44,1.7,2,-165,622,104,12,-1024,-93,-1024,1024,1,1,-1,-1,-1,1,-1,-1,-1,0x0000000000000000,1547,1426,1811,1500,2012,1453,2012,988,1500,1500,1500,1500,1500,1500,1500,1500,1500,1500,1500,1500,1500,1500,1500,1500,1500,1500,1500,1500,1500,1500,1500,1500,8.0
2026-05-04,13:44:22.530,-0.37,-0.60,-1.10,-58,0,100,14,0,5,50,-53,100,14,"AIR",53.760019 -1.543891,33.7,263.40,13,13,11.0,6.8,866,44,1.7,2,-261,621,8,12,-1024,-93,-1024,1024,1,1,-1,-1,-1,1,-1,-1,-1,0x0000000000000000,1503,1382,1810,1500,2012,1497,2012,988,1500,1500,1500,1500,1500,1500,1500,1500,1500,1500,1500,1500,1500,1500,1500,1500,1500,1500,1500,1500,1500,1500,1500,1500,8.0
2026-05-04,13:44:23.030,-0.19,-0.91,-2.23,-63,0,100,14,0,5,50,-57,100,15,"AIR",53.760019 -1.543891,33.7,263.40,13,13,11.0,6.8,866,44,1.7,3,-11,621,3,12,-1024,-93,-1024,1024,1,1,-1,-1,-1,1,-1,-1,-1,0x0000000000000000,1501,1495,1810,1501,2012,1499,2012,988,1500,1500,1500,1500,1500,1500,1500,1500,1500,1500,1500,1500,1500,1500,1500,1500,1500,1500,1500,1500,1500,1500,1500,1500,8.0
2026-05-04,13:44:23.530,-0.19,-0.91,-2.23,-57,0,100,13,0,5,50,-46,100,14,"AIR",53.760019 -1.543891,33.7,263.40,13,13,11.0,6.8,866,44,1.7,3,-3,622,0,12,-1024,-93,-1024,1024,1,1,-1,-1,-1,1,-1,-1,-1,0x0000000000000000,1500,1499,1811,1501,2012,1500,2012,988,1500,1500,1500,1500,1500,1500,1500,1500,1500,1500,1500,1500,1500,1500,1500,1500,1500,1500,1500,1500,1500,1500,1500,1500,8.0
2026-05-04,13:44:24.030,-0.19,-0.91,-2.23,-56,0,100,14,0,5,50,-53,100,13,"AIR",53.760019 -1.543891,33.7,263.40,13,13,11.0,6.8,866,44,1.7,2,3,622,-1,13,-1024,-93,-1024,1024,1,1,-1,-1,-1,1,-1,-1,-1,0x0000000000000000,1500,1501,1811,1500,2012,1500,2012,988,1500,1500,1500,1500,1500,1500,1500,1500,1500,1500,1500,1500,1500,1500,1500,1500,1500,1500,1500,1500,1500,1500,1500,1500,8.0
2026-05-04,13:44:24.530,-0.19,-0.91,-2.23,-58,0,100,14,0,5,50,-58,100,14,"AIR",53.760019 -1.543891,33.7,263.40,13,13,11.0,6.8,866,44,1.3,3,2,621,-45,12,-1024,-93,-1024,1024,1,1,-1,-1,-1,1,-1,-1,-1,0x0000000000000000,1480,1501,1810,1501,2012,1520,2012,988,1500,1500,1500,1500,1500,1500,1500,1500,1500,1500,1500,1500,1500,1500,1500,1500,1500,1500,1500,1500,1500,1500,1500,1500,8.0
2026-05-04,13:44:25.030,-0.19,-0.91,-2.23,-60,0,100,14,0,5,50,-54,100,14,"AIR",53.760019 -1.543891,33.7,263.40,13,13,11.0,6.8,866,44,1.3,2,5,622,-80,12,-1024,-93,-1024,1024,1,1,-1,-1,-1,1,-1,-1,-1,0x0000000000000000,1464,1502,1811,1500,2012,1536,2012,988,1500,1500,1500,1500,1500,1500,1500,1500,1500,1500,1500,1500,1500,1500,1500,1500,1500,1500,1500,1500,1500,1500,1500,1500,8.0
2026-05-04,13:44:25.530,-0.19,-0.91,-2.23,-60,0,100,14,0,5,50,-52,100,13,"AIR",53.760019 -1.543891,33.7,263.40,13,13,11.0,6.8,866,44,1.3,2,3,619,-9,12,-1024,-93,-1024,1024,1,1,-1,-1,-1,1,-1,-1,-1,0x0000000000000000,1496,1501,1809,1500,2012,1504,2012,988,1500,1500,1500,1500,1500,1500,1500,1500,1500,1500,1500,1500,1500,1500,1500,1500,1500,1500,1500,1500,1500,1500,1500,1500,8.0
2026-05-04,13:44:26.030,-0.19,-0.91,-2.23,-62,0,99,14,0,5,50,-58,100,13,"AIR",53.759735 -1.544458,38.8,183.50,19,11,11.0,6.8,866,44,1.3,2,1,577,-4,12,-1024,-93,-1024,1024,1,1,-1,-1,-1,1,-1,-1,-1,0x0000000000000000,1498,1500,1788,1500,2012,1502,2012,988,1500,1500,1500,1500,1500,1500,1500,1500,1500,1500,1500,1500,1500,1500,1500,1500,1500,1500,1500,1500,1500,1500,1500,1500,8.0
2026-05-04,13:44:26.530,-0.19,-0.91,-2.23,-64,0,98,13,0,5,50,-60,100,14,"AIR",53.759735 -1.544458,38.8,183.50,19,11,11.0,6.8,866,44,1.3,2,3,577,-1,12,-1024,-93,-1024,1024,1,1,-1,-1,-1,1,-1,-1,-1,0x0000000000000000,1500,1501,1788,1500,2012,1500,2012,988,1500,1500,1500,1500,1500,1500,1500,1500,1500,1500,1500,1500,1500,1500,1500,1500,1500,1500,1500,1500,1500,1500,1500,1500,8.0
2026-05-04,13:44:27.030,-0.19,-0.91,-2.23,-66,0,98,14,0,5,50,-54,100,15,"AIR",53.759735 -1.544458,38.8,183.50,19,11,11.0,6.8,866,44,1.3,2,2,577,-1,12,-1024,-93,-1024,1024,1,1,-1,-1,-1,1,-1,-1,-1,0x0000000000000000,1500,1501,1788,1500,2012,1500,2012,988,1500,1500,1500,1500,1500,1500,1500,1500,1500,1500,1500,1500,1500,1500,1500,1500,1500,1500,1500,1500,1500,1500,1500,1500,8.0
2026-05-04,13:44:27.530,-0.19,-0.91,-2.23,-64,0,99,14,0,5,50,-55,100,15,"AIR",53.759735 -1.544458,38.8,183.50,19,11,11.0,7.5,879,42,1.3,2,1,577,0,13,-1024,-93,-1024,1024,1,1,-1,-1,-1,1,-1,-1,-1,0x0000000000000000,1500,1500,1788,1500,2012,1500,2012,988,1500,1500,1500,1500,1500,1500,1500,1500,1500,1500,1500,1500,1500,1500,1500,1500,1500,1500,1500,1500,1500,1500,1500,1500,8.0
2026-05-04,13:44:28.030,-0.19,-0.91,-2.23,-66,0,100,14,0,5,50,-58,100,14,"AIR",53.759735 -1.544458,38.8,183.50,19,11,11.0,7.5,879,42,1.3,2,1,578,-1,12,-1024,-93,-1024,1024,1,1,-1,-1,-1,1,-1,-1,-1,0x0000000000000000,1500,1500,1789,1500,2012,1500,2012,988,1500,1500,1500,1500,1500,1500,1500,1500,1500,1500,1500,1500,1500,1500,1500,1500,1500,1500,1500,1500,1500,1500,1500,1500,8.0
2026-05-04,13:44:28.530,-0.26,-0.10,-2.59,-65,0,99,14,0,5,50,-58,100,14,"AIR",53.759735 -1.544458,38.8,183.50,19,11,11.0,7.5,879,42,1.3,3,0,578,187,12,-1024,-93,-1024,1024,1,1,-1,-1,-1,1,-1,-1,-1,0x0000000000000000,1584,1500,1789,1501,2012,1416,2012,988,1500,1500,1500,1500,1500,1500,1500,1500,1500,1500,1500,1500,1500,1500,1500,1500,1500,1500,1500,1500,1500,1500,1500,1500,8.0
2026-05-04,13:44:29.030,-0.26,-0.10,-2.59,-69,0,98,14,0,5,50,-67,100,15,"AIR",53.759735 -1.544458,38.8,183.50,19,11,11.0,7.5,879,42,1.3,3,-1,605,1024,12,-1024,-93,-1024,1024,1,1,-1,-1,-1,1,-1,-1,-1,0x0000000000000000,2012,1500,1802,1501,2012,988,2012,988,1500,1500,1500,1500,1500,1500,1500,1500,1500,1500,1500,1500,1500,1500,1500,1500,1500,1500,1500,1500,1500,1500,1500,1500,8.0
2026-05-04,13:44:29.530,-0.26,-0.10,-2.59,-66,0,99,14,0,5,50,-58,100,13,"AIR",53.759735 -1.544458,38.8,183.50,19,11,11.0,7.5,879,42,1.3,3,2,603,-1,12,-1024,-93,-1024,1024,1,1,-1,-1,-1,1,-1,-1,-1,0x0000000000000000,1500,1501,1801,1501,2012,1500,2012,988,1500,1500,1500,1500,1500,1500,1500,1500,1500,1500,1500,1500,1500,1500,1500,1500,1500,1500,1500,1500,1500,1500,1500,1500,8.0
2026-05-04,13:44:30.030,-0.26,-0.10,-2.59,-76,0,99,13,0,5,50,-73,100,14,"AIR",53.759735 -1.544458,38.8,183.50,19,11,11.0,7.5,879,42,0.8,2,3,603,-1,12,-1024,-93,-1024,1024,1,1,-1,-1,-1,1,-1,-1,-1,0x0000000000000000,1500,1501,1801,1500,2012,1500,2012,988,1500,1500,1500,1500,1500,1500,1500,1500,1500,1500,1500,1500,1500,1500,1500,1500,1500,1500,1500,1500,1500,1500,1500,1500,8.0
2026-05-04,13:44:30.530,-0.26,-0.10,-2.59,-81,0,98,11,0,5,50,-64,100,14,"AIR",53.759735 -1.544458,38.8,183.50,19,11,11.0,7.5,879,42,0.8,2,2,603,-1,12,-1024,-93,-1024,1024,1,1,-1,-1,-1,1,-1,-1,-1,0x0000000000000000,1500,1501,1801,1500,2012,1500,2012,988,1500,1500,1500,1500,1500,1500,1500,1500,1500,1500,1500,1500,1500,1500,1500,1500,1500,1500,1500,1500,1500,1500,1500,1500,8.0
2026-05-04,13:44:31.030,-0.26,-0.10,-2.59,-74,0,96,14,0,5,50,-77,100,13,"AIR",53.759735 -1.544458,38.8,183.50,19,11,11.0,7.5,879,42,0.8,2,2,603,-1,12,-1024,-93,-1024,1024,1,1,-1,-1,-1,1,-1,-1,-1,0x0000000000000000,1500,1501,1801,1500,2012,1500,2012,988,1500,1500,1500,1500,1500,1500,1500,1500,1500,1500,1500,1500,1500,1500,1500,1500,1500,1500,1500,1500,1500,1500,1500,1500,8.0
2026-05-04,13:44:31.530,-0.26,-0.10,-2.59,-73,0,97,13,0,5,50,-66,100,15,"AIR",53.759317 -1.544759,38.7,213.60,28,12,11.0,7.5,879,42,0.8,3,2,603,-1,12,-1024,-93,-1024,1024,1,1,-1,-1,-1,1,-1,-1,-1,0x0000000000000000,1500,1501,1801,1501,2012,1500,2012,988,1500,1500,1500,1500,1500,1500,1500,1500,1500,1500,1500,1500,1500,1500,1500,1500,1500,1500,1500,1500,1500,1500,1500,1500,8.0
2026-05-04,13:44:32.030,-0.26,-0.10,-2.59,-81,0,99,12,0,5,50,-71,100,13,"AIR",53.759317 -1.544759,38.7,213.60,28,12,11.0,7.5,879,42,0.8,217,-116,472,316,12,-1024,-93,-1024,1024,1,1,-1,-1,-1,1,-1,-1,-1,0x0000000000000000,1643,1448,1736,1577,2012,1357,2012,988,1500,1500,1500,1500,1500,1500,1500,1500,1500,1500,1500,1500,1500,1500,1500,1500,1500,1500,1500,1500,1500,1500,1500,1500,8.0
2026-05-04,13:44:32.530,-0.26,-0.10,-2.59,-75,0,99,12,0,5,50,-63,100,15,"AIR",53.759317 -1.544759,38.7,213.60,28,12,11.0,7.5,879,42,0.8,274,-225,469,295,12,-1024,-93,-1024,1024,1,1,-1,-1,-1,1,-1,-1,-1,0x0000000000000000,1634,1399,1734,1598,2012,1366,2012,988,1500,1500,1500,1500,1500,1500,1500,1500,1500,1500,1500,1500,1500,1500,1500,1500,1500,1500,1500,1500,1500,1500,1500,1500,8.0
2026-05-04,13:44:33.030,-0.26,-0.10,-2.59,-73,0,99,13,0,5,50,-78,100,12,"AIR",53.759317 -1.544759,38.7,213.60,28,12,11.0,7.0,890,42,0.8,391,-434,476,6,12,-1024,-93,-1024,1024,1,1,-1,-1,-1,1,-1,-1,-1,0x0000000000000000,1502,1301,1738,1645,2012,1498,2012,988,1500,1500,1500,1500,1500,1500,1500,1500,1500,1500,1500,1500,1500,1500,1500,1500,1500,1500,1500,1500,1500,1500,1500,1500,8.0
2026-05-04,13:44:33.530,-0.26,-0.10,-2.59,-77,0,98,12,0,5,50,-60,100,14,"AIR",53.759317 -1.544759,38.7,213.60,28,12,11.0,7.0,890,42,0.8,383,-516,527,0,12,-1024,-93,-1024,1024,1,1,-1,-1,-1,1,-1,-1,-1,0x0000000000000000,1500,1262,1763,1642,2012,1500,2012,988,1500,1500,1500,1500,1500,1500,1500,1500,1500,1500,1500,1500,1500,1500,1500,1500,1500,1500,1500,1500,1500,1500,1500,1500,8.0
2026-05-04,13:44:34.030,-0.04,0.60,-1.81,-65,0,99,14,0,5,50,-59,100,14,"AIR",53.759317 -1.544759,38.7,213.60,28,12,11.0,7.0,890,42,0.8,164,-683,540,-522,13,-1024,-93,-1024,1024,1,1,-1,-1,-1,1,-1,-1,-1,0x0000000000000000,1259,1178,1770,1558,2012,1741,2012,988,1500,1500,1500,1500,1500,1500,1500,1500,1500,1500,1500,1500,1500,1500,1500,1500,1500,1500,1500,1500,1500,1500,1500,1500,8.0
2026-05-04,13:44:34.530,-0.04,0.60,-1.81,-72,0,99,13,0,5,50,-71,100,14,"AIR",53.759317 -1.544759,38.7,213.60,28,12,11.0,7.0,890,42,0.8,189,-471,529,-86,13,-1024,-93,-1024,1024,1,1,-1,-1,-1,1,-1,-1,-1,0x0000000000000000,1462,1284,1764,1567,2012,1538,2012,988,1500,1500,1500,1500,1500,1500,1500,1500,1500,1500,1500,1500,1500,1500,1500,1500,1500,1500,1500,1500,1500,1500,1500,1500,8.0
2026-05-04,13:44:35.030,-0.04,0.60,-1.81,-69,0,98,14,0,5,50,-61,100,13,"AIR",53.759317 -1.544759,38.7,213.60,28,12,11.0,7.0,890,42,0.8,163,-442,537,-2,12,-1024,-93,-1024,1024,1,1,-1,-1,-1,1,-1,-1,-1,0x0000000000000000,1499,1298,1768,1557,2012,1501,2012,988,1500,1500,1500,1500,1500,1500,1500,1500,1500,1500,1500,1500,1500,1500,1500,1500,1500,1500,1500,1500,1500,1500,1500,1500,8.0
2026-05-04,13:44:35.530,-0.04,0.60,-1.81,-67,0,98,14,0,5,50,-65,100,14,"AIR",53.759317 -1.544759,38.7,213.60,28,12,11.0,7.0,890,42,-0.5,38,-466,584,-37,12,-1024,-93,-1024,1024,1,1,-1,-1,-1,1,-1,-1,-1,0x0000000000000000,1484,1286,1792,1513,2012,1516,2012,988,1500,1500,1500,1500,1500,1500,1500,1500,1500,1500,1500,1500,1500,1500,1500,1500,1500,1500,1500,1500,1500,1500,1500,1500,8.0
2026-05-04,13:44:36.030,-0.04,0.60,-1.81,-69,0,99,13,0,5,50,-56,100,15,"AIR",53.759317 -1.544759,38.7,213.60,28,12,11.0,7.0,890,42,-0.5,2,-187,684,-218,13,-1024,-93,-1024,1024,1,1,-1,-1,-1,1,-1,-1,-1,0x0000000000000000,1402,1416,1842,1500,2012,1586,2012,988,1500,1500,1500,1500,1500,1500,1500,1500,1500,1500,1500,1500,1500,1500,1500,1500,1500,1500,1500,1500,1500,1500,1500,1500,8.0
2026-05-04,13:44:36.530,-0.04,0.60,-1.81,-66,0,98,14,0,5,50,-58,100,14,"AIR",53.759317 -1.544759,38.7,213.60,28,12,11.0,7.0,890,42,-0.5,-30,-154,641,-169,12,-1024,-93,-1024,1024,1,1,-1,-1,-1,1,-1,-1,-1,0x0000000000000000,1424,1431,1820,1490,2012,1576,2012,988,1500,1500,1500,1500,1500,1500,1500,1500,1500,1500,1500,1500,1500,1500,1500,1500,1500,1500,1500,1500,1500,1500,1500,1500,8.0
2026-05-04,13:44:37.030,-0.04,0.60,-1.81,-71,0,100,12,0,5,50,-66,100,14,"AIR",53.759317 -1.544759,38.7,213.60,28,12,11.0,7.0,890,42,-0.5,-39,-3,820,252,12,-1024,-93,-1024,1024,1,1,-1,-1,-1,1,-1,-1,-1,0x0000000000000000,1614,1499,1910,1487,2012,1386,2012,988,1500,1500,1500,1500,1500,1500,1500,1500,1500,1500,1500,1500,1500,1500,1500,1500,1500,1500,1500,1500,1500,1500,1500,1500,8.0
2026-05-04,13:44:37.530,-0.04,0.60,-1.81,-66,0,98,13,0,5,50,-56,100,14,"AIR",53.759299 -1.545742,59.8,-307.36,23,13,11.0,7.0,890,42,-0.5,-1,-2,605,1023,12,-1024,-93,-1024,1024,1,1,-1,-1,-1,1,-1,-1,-1,0x0000000000000000,2011,1499,1802,1500,2012,989,2012,988,1500,1500,1500,1500,1500,1500,1500,1500,1500,1500,1500,1500,1500,1500,1500,1500,1500,1500,1500,1500,1500,1500,1500,1500,8.0
2026-05-04,13:44:38.030,-0.04,0.60,-1.81,-66,0,100,14,0,5,50,-67,100,15,"AIR",53.759299 -1.545742,59.8,-307.36,23,13,11.0,7.0,890,42,-0.5,0,66,598,1022,11,-1024,-93,-1024,1024,1,1,-1,-1,-1,1,-1,-1,-1,0x0000000000000000,2011,1534,1799,1500,2012,989,2012,988,1500,1500,1500,1500,1500,1500,1500,1500,1500,1500,1500,1500,1500,1500,1500,1500,1500,1500,1500,1500,1500,1500,1500,1500,8.0
2026-05-04,13:44:38.530,-0.04,0.60,-1.81,-76,0,100,12,0,5,50,-60,100,14,"AIR",53.759299 -1.545742,59.8,-307.36,23,13,10.9,10.5,901,37,-0.5,1,1024,588,1018,12,-1024,-93,-1024,1024,1,1,-1,-1,-1,1,-1,-1,-1,0x0000000000000000,2008,2012,1794,1500,2012,992,2012,988,1500,1500,1500,1500,1500,1500,1500,1500,1500,1500,1500,1500,1500,1500,1500,1500,1500,1500,1500,1500,1500,1500,1500,1500,8.0
2026-05-04,13:44:39.030,-0.04,0.60,-1.81,-70,0,100,13,0,5,50,-60,100,15,"AIR",53.759299 -1.545742,59.8,-307.36,23,13,10.9,10.5,901,37,-0.5,-1,79,191,1023,12,-1024,-93,-1024,1024,1,1,-1,-1,-1,1,-1,-1,-1,0x0000000000000000,2011,1535,1595,1500,2012,989,2012,988,1500,1500,1500,1500,1500,1500,1500,1500,1500,1500,1500,1500,1500,1500,1500,1500,1500,1500,1500,1500,1500,1500,1500,1500,8.0
2026-05-04,13:44:39.530,-0.20,1.84,0.67,-75,0,99,12,0,5,50,-62,100,14,"AIR",53.759299 -1.545742,59.8,-307.36,23,13,10.9,10.5,901,37,-0.5,1,-256,185,1024,11,-1024,-93,-1024,1024,1,1,-1,-1,-1,1,-1,-1,-1,0x0000000000000000,2012,1384,1592,1500,2012,988,2012,988,1500,1500,1500,1500,1500,1500,1500,1500,1500,1500,1500,1500,1500,1500,1500,1500,1500,1500,1500,1500,1500,1500,1500,1500,8.0
2026-05-04,13:44:40.030,-0.20,1.84,0.67,-68,0,100,14,0,5,50,-58,100,14,"AIR",53.759299 -1.545742,59.8,-307.36,23,13,10.9,10.5,901,37,-0.5,2,-859,217,1024,12,-1024,-93,-1024,1024,1,1,-1,-1,-1,1,-1,-1,-1,0x0000000000000000,1961,1019,1608,1500,2012,1039,2012,988,1500,1500,1500,1500,1500,1500,1500,1500,1500,1500,1500,1500,1500,1500,1500,1500,1500,1500,1500,1500,1500,1500,1500,1500,8.0
2026-05-04,13:44:40.530,-0.20,1.84,0.67,-71,0,100,13,0,5,50,-62,100,15,"AIR",53.759299 -1.545742,59.8,-307.36,23,13,10.9,10.5,901,37,-0.5,2,-552,257,954,12,-1024,-93,-1024,1024,1,1,-1,-1,-1,1,-1,-1,-1,0x0000000000000000,1970,1244,1628,1500,2012,1030,2012,988,1500,1500,1500,1500,1500,1500,1500,1500,1500,1500,1500,1500,1500,1500,1500,1500,1500,1500,1500,1500,1500,1500,1500,1500,8.0
2026-05-04,13:44:41.030,-0.20,1.84,0.67,-67,0,98,13,0,5,50,-59,100,14,"AIR",53.759299 -1.545742,59.8,-307.36,23,13,10.9,10.5,901,37,-10.9,3,-900,306,-477,12,-1024,-93,-1024,1024,1,1,-1,-1,-1,1,-1,-1,-1,0x0000000000000000,1281,1061,1653,1501,2012,1719,2012,988,1500,1500,1500,1500,1500,1500,1500,1500,1500,1500,1500,1500,1500,1500,1500,1500,1500,1500,1500,1500,1500,1500,1500,1500,8.0
2026-05-04,13:44:41.530,-0.20,1.84,0.67,-65,0,96,14,0,5,50,-60,100,14,"AIR",53.759299 -1.545742,59.8,-307.36,23,13,10.9,10.5,901,37,-10.9,2,-296,338,-388,13,-1024,-93,-1024,1024,1,1,-1,-1,-1,1,-1,-1,-1,0x0000000000000000,1323,1366,1669,1500,2012,1677,2012,988,1500,1500,1500,1500,1500,1500,1500,1500,1500,1500,1500,1500,1500,1500,1500,1500,1500,1500,1500,1500,1500,1500,1500,1500,8.0
2026-05-04,13:44:42.030,-0.20,1.84,0.67,-67,0,99,14,0,5,50,-71,100,14,"AIR",53.759299 -1.545742,59.8,-307.36,23,13,10.9,10.5,901,37,-10.9,-2,-53,361,-518,13,-1024,-93,-1024,1024,1,1,-1,-1,-1,1,-1,-1,-1,0x0000000000000000,1267,1482,1680,1500,2012,1733,2012,988,1500,1500,1500,1500,1500,1500,1500,1500,1500,1500,1500,1500,1500,1500,1500,1500,1500,1500,1500,1500,1500,1500,1500,1500,8.0
2026-05-04,13:44:42.530,-0.20,1.84,0.67,-74,0,98,13,0,5,50,-76,100,14,"AIR",53.759299 -1.545742,59.8,-307.36,23,13,10.9,10.5,901,37,-10.9,-7,5,481,-121,12,-1024,-93,-1024,1024,1,1,-1,-1,-1,1,-1,-1,-1,0x0000000000000000,1446,1502,1740,1498,2012,1554,2012,988,1500,1500,1500,1500,1500,1500,1500,1500,1500,1500,1500,1500,1500,1500,1500,1500,1500,1500,1500,1500,1500,1500,1500,1500,8.0
2026-05-04,13:44:43.030,-0.20,1.84,0.67,-75,0,98,13,0,5,50,-68,100,13,"AIR",53.759833 -1.545449,51.6,15.50,22,11,10.9,10.5,901,37,-10.9,-3,-91,801,206,12,-1024,-93,-1024,1024,1,1,-1,-1,-1,1,-1,-1,-1,0x0000000000000000,1593,1459,1900,1499,2012,1407,2012,988,1500,1500,1500,1500,1500,1500,1500,1500,1500,1500,1500,1500,1500,1500,1500,1500,1500,1500,1500,1500,1500,1500,1500,1500,8.0
2026-05-04,13:44:43.530,-0.20,1.84,0.67,-83,0,100,11,0,5,50,-68,100,14,"AIR",53.759833 -1.545449,51.6,15.50,22,11,10.9,10.5,901,37,-10.9,0,-235,473,498,12,-1024,-93,-1024,1024,1,1,-1,-1,-1,1,-1,-1,-1,0x0000000000000000,1729,1394,1736,1500,2012,1271,2012,988,1500,1500,1500,1500,1500,1500,1500,1500,1500,1500,1500,1500,1500,1500,1500,1500,1500,1500,1500,1500,1500,1500,1500,1500,8.0
2026-05-04,13:44:44.030,-0.20,1.84,0.67,-76,0,99,12,0,5,50,-55,100,14,"AIR",53.759833 -1.545449,51.6,15.50,22,11,11.1,5.6,909,45,-10.9,0,-1,376,3,12,-1024,-93,-1024,1024,1,1,-1,-1,-1,1,-1,-1,-1,0x0000000000000000,1501,1499,1688,1500,2012,1499,2012,988,1500,1500,1500,1500,1500,1500,1500,1500,1500,1500,1500,1500,1500,1500,1500,1500,1500,1500,1500,1500,1500,1500,1500,1500,8.0
2026-05-04,13:44:44.530,-0.20,1.84,0.67,-65,0,99,14,0,5,50,-56,100,14,"AIR",53.759833 -1.545449,51.6,15.50,22,11,11.1,5.6,909,45,-10.9,1,1,974,-1,13,-1024,-93,-1024,1024,1,1,-1,-1,-1,1,-1,-1,-1,0x0000000000000000,1500,1500,1995,1500,2012,1500,2012,988,1500,1500,1500,1500,1500,1500,1500,1500,1500,1500,1500,1500,1500,1500,1500,1500,1500,1500,1500,1500,1500,1500,1500,1500,8.0
2026-05-04,13:44:45.030,-0.35,0.28,1.34,-67,0,100,14,0,5,50,-52,100,15,"AIR",53.759833 -1.545449,51.6,15.50,22,11,11.1,5.6,909,45,-10.9,1,0,1024,0,12,-1024,-93,-1024,1024,1,1,-1,-1,-1,1,-1,-1,-1,0x0000000000000000,1500,1500,2012,1500,2012,1500,2012,988,1500,1500,1500,1500,1500,1500,1500,1500,1500,1500,1500,1500,1500,1500,1500,1500,1500,1500,1500,1500,1500,1500,1500,1500,8.0
2026-05-04,13:44:45.530,-0.35,0.28,1.34,-65,0,98,14,0,5,50,-56,100,14,"AIR",53.759833 -1.545449,51.6,15.50,22,11,11.1,5.6,909,45,-10.9,0,1,1024,-2,12,-1024,-93,-1024,1024,1,1,-1,-1,-1,1,-1,-1,-1,0x0000000000000000,1499,1500,2012,1500,2012,1501,2012,988,1500,1500,1500,1500,1500,1500,1500,1500,1500,1500,1500,1500,1500,1500,1500,1500,1500,1500,1500,1500,1500,1500,1500,1500,8.0
2026-05-04,13:44:46.030,-0.35,0.28,1.34,-68,0,99,14,0,5,50,-56,100,15,"AIR",53.759833 -1.545449,51.6,15.50,22,11,11.1,5.6,909,45,-10.9,-22,5,943,-145,12,-1024,-93,-1024,1024,1,1,-1,-1,-1,1,-1,-1,-1,0x0000000000000000,1427,1502,1971,1493,2012,1573,2012,988,1500,1500,1500,1500,1500,1500,1500,1500,1500,1500,1500,1500,1500,1500,1500,1500,1500,1500,1500,1500,1500,1500,1500,1500,8.0
2026-05-04,13:44:46.530,-0.35,0.28,1.34,-65,0,97,14,0,5,50,-55,100,15,"AIR",53.759833 -1.545449,51.6,15.50,22,11,11.1,5.6,909,45,1.3,-8,79,839,-117,12,-1024,-93,-1024,1024,1,1,-1,-1,-1,1,-1,-1,-1,0x0000000000000000,1448,1535,1919,1497,2012,1552,2012,988,1500,1500,1500,1500,1500,1500,1500,1500,1500,1500,1500,1500,1500,1500,1500,1500,1500,1500,1500,1500,1500,1500,1500,1500,8.0
2026-05-04,13:44:47.030,-0.35,0.28,1.34,-66,0,99,14,0,5,50,-62,100,14,"AIR",53.759833 -1.545449,51.6,15.50,22,11,11.1,5.6,909,45,1.3,-2,31,664,-86,12,-1024,-93,-1024,1024,1,1,-1,-1,-1,1,-1,-1,-1,0x0000000000000000,1462,1514,1832,1500,2012,1538,2012,988,1500,1500,1500,1500,1500,1500,1500,1500,1500,1500,1500,1500,1500,1500,1500,1500,1500,1500,1500,1500,1500,1500,1500,1500,8.0
2026-05-04,13:44:47.530,-0.35,0.28,1.34,-66,0,100,14,0,5,50,-63,100,14,"AIR",53.759833 -1.545449,51.6,15.50,22,11,11.1,5.6,909,45,1.3,-2,8,714,-80,12,-1024,-93,-1024,1024,1,1,-1,-1,-1,1,-1,-1,-1,0x0000000000000000,1464,1503,1857,1500,2012,1536,2012,988,1500,1500,1500,1500,1500,1500,1500,1500,1500,1500,1500,1500,1500,1500,1500,1500,1500,1500,1500,1500,1500,1500,1500,1500,8.0
2026-05-04,13:44:48.030,-0.35,0.28,1.34,-68,0,100,13,0,5,50,-55,100,15,"AIR",53.759833 -1.545449,51.6,15.50,22,11,11.1,5.6,909,45,1.3,-1,58,724,-357,13,-1024,-93,-1024,1024,1,1,-1,-1,-1,1,-1,-1,-1,0x0000000000000000,1338,1526,1862,1500,2012,1663,2012,988,1500,1500,1500,1500,1500,1500,1500,1500,1500,1500,1500,1500,1500,1500,1500,1500,1500,1500,1500,1500,1500,1500,1500,1500,8.0
2026-05-04,13:44:48.530,-0.35,0.28,1.34,-69,0,100,14,0,5,50,-61,100,14,"AIR",53.759870 -1.544474,44.2,96.80,28,13,11.1,5.6,909,45,1.3,-1,102,792,-306,13,-1024,-93,-1024,1024,1,1,-1,-1,-1,1,-1,-1,-1,0x0000000000000000,1361,1546,1896,1500,2012,1639,2012,988,1500,1500,1500,1500,1500,1500,1500,1500,1500,1500,1500,1500,1500,1500,1500,1500,1500,1500,1500,1500,1500,1500,1500,1500,8.0
2026-05-04,13:44:49.030,-0.35,0.28,1.34,-69,0,100,13,0,5,50,-55,100,15,"AIR",53.759870 -1.544474,44.2,96.80,28,13,11.1,5.6,909,45,1.3,-1,6,761,52,12,-1024,-93,-1024,1024,1,1,-1,-1,-1,1,-1,-1,-1,0x0000000000000000,1523,1502,1880,1500,2012,1477,2012,988,1500,1500,1500,1500,1500,1500,1500,1500,1500,1500,1500,1500,1500,1500,1500,1500,1500,1500,1500,1500,1500,1500,1500,1500,8.0
2026-05-04,13:44:49.530,-0.35,0.28,1.34,-68,0,100,13,0,5,50,-54,100,15,"AIR",53.759870 -1.544474,44.2,96.80,28,13,10.9,9.0,924,38,1.3,-1,-245,780,286,12,-1024,-93,-1024,1024,1,1,-1,-1,-1,1,-1,-1,-1,0x0000000000000000,1629,1389,1890,1500,2012,1371,2012,988,1500,1500,1500,1500,1500,1500,1500,1500,1500,1500,1500,1500,1500,1500,1500,1500,1500,1500,1500,1500,1500,1500,1500,1500,8.0
2026-05-04,13:44:50.030,-0.35,0.28,1.34,-66,0,100,14,0,5,50,-67,100,15,"AIR",53.759870 -1.544474,44.2,96.80,28,13,10.9,9.0,924,38,1.3,-1,-160,759,687,12,-1024,-93,-1024,1024,1,1,-1,-1,-1,1,-1,-1,-1,0x0000000000000000,1824,1428,1879,1500,2012,1176,2012,988,1500,1500,1500,1500,1500,1500,1500,1500,1500,1500,1500,1500,1500,1500,1500,1500,1500,1500,1500,1500,1500,1500,1500,1500,8.0
2026-05-04,13:44:50.530,-0.20,-0.10,1.35,-67,0,100,13,0,5,50,-59,100,14,"AIR",53.759870 -1.544474,44.2,96.80,28,13,10.9,9.0,924,38,1.3,0,-5,760,-2,12,-1024,-93,-1024,1024,1,1,-1,-1,-1,1,-1,-1,-1,0x0000000000000000,1499,1498,1880,1500,2012,1501,2012,988,1500,1500,1500,1500,1500,1500,1500,1500,1500,1500,1500,1500,1500,1500,1500,1500,1500,1500,1500,1500,1500,1500,1500,1500,8.0
2026-05-04,13:44:51.030,-0.20,-0.10,1.35,-66,0,100,14,0,5,50,-56,100,15,"AIR",53.759870 -1.544474,44.2,96.80,28,13,10.9,9.0,924,38,1.3,-1,-2,756,-500,12,-1024,-93,-1024,1024,1,1,-1,-1,-1,1,-1,-1,-1,0x0000000000000000,1270,1499,1878,1500,2012,1730,2012,988,1500,1500,1500,1500,1500,1500,1500,1500,1500,1500,1500,1500,1500,1500,1500,1500,1500,1500,1500,1500,1500,1500,1500,1500,8.0
2026-05-04,13:44:51.530,-0.20,-0.10,1.35,-69,0,100,13,0,5,50,-63,100,15,"AIR",53.759870 -1.544474,44.2,96.80,28,13,10.9,9.0,924,38,1.3,-66,-3,759,-680,13,-1024,-93,-1024,1024,1,1,-1,-1,-1,1,-1,-1,-1,0x0000000000000000,1180,1499,1879,1477,2012,1820,2012,988,1500,1500,1500,1500,1500,1500,1500,1500,1500,1500,1500,1500,1500,1500,1500,1500,1500,1500,1500,1500,1500,1500,1500,1500,8.0
2026-05-04,13:44:52.030,-0.20,-0.10,1.35,-72,0,99,13,0,5,50,-63,100,15,"AIR",53.759870 -1.544474,44.2,96.80,28,13,10.9,9.0,924,38,-0.6,-397,-3,759,-258,13,-1024,-93,-1024,1024,1,1,-1,-1,-1,1,-1,-1,-1,0x0000000000000000,1384,1499,1879,1352,2012,1616,2012,988,1500,1500,1500,1500,1500,1500,1500,1500,1500,1500,1500,1500,1500,1500,1500,1500,1500,1500,1500,1500,1500,1500,1500,1500,8.0
2026-05-04,13:44:52.530,-0.20,-0.10,1.35,-75,0,99,13,0,5,50,-77,100,14,"AIR",53.759870 -1.544474,44.2,96.80,28,13,10.9,9.0,924,38,-0.6,-349,-283,743,-1,12,-1024,-93,-1024,1024,1,1,-1,-1,-1,1,-1,-1,-1,0x0000000000000000,1500,1372,1871,1372,2012,1500,2012,988,1500,1500,1500,1500,1500,1500,1500,1500,1500,1500,1500,1500,1500,1500,1500,1500,1500,1500,1500,1500,1500,1500,1500,1500,8.0
2026-05-04,13:44:53.030,-0.20,-0.10,1.35,-82,0,99,12,0,5,50,-72,100,13,"AIR",53.759870 -1.544474,44.2,96.80,28,13,10.9,9.0,924,38,-0.6,-62,-567,678,4,12,-1024,-93,-1024,1024,1,1,-1,-1,-1,1,-1,-1,-1,0x0000000000000000,1502,1237,1839,1479,2012,1498,2012,988,1500,1500,1500,1500,1500,1500,1500,1500,1500,1500,1500,1500,1500,1500,1500,1500,1500,1500,1500,1500,1500,1500,1500,1500,8.0
2026-05-04,13:44:53.530,-0.20,-0.10,1.35,-82,0,97,11,0,5,50,-81,100,13,"AIR",53.759870 -1.544474,44.2,96.80,28,13,10.9,9.0,924,38,-0.6,2,-782,670,75,12,-1024,-93,-1024,1024,1,1,-1,-1,-1,1,-1,-1,-1,0x0000000000000000,1533,1126,1835,1500,2012,1467,2012,988,1500,1500,1500,1500,1500,1500,1500,1500,1500,1500,1500,1500,1500,1500,1500,1500,1500,1500,1500,1500,1500,1500,1500,1500,8.0
2026-05-04,13:44:54.030,-0.20,-0.10,1.35,-90,0,95,6,0,5,50,-79,100,12,"AIR",53.759924 -1.543440,49.5,86.60,36,12,10.9,9.0,924,38,-0.6,2,-559,682,-422,13,-1024,-93,-1024,1024,1,1,-1,-1,-1,1,-1,-1,-1,0x0000000000000000,1307,1241,1841,1500,2012,1693,2012,988,1500,1500,1500,1500,1500,1500,1500,1500,1500,1500,1500,1500,1500,1500,1500,1500,1500,1500,1500,1500,1500,1500,1500,1500,8.0
2026-05-04,13:44:54.530,-0.20,-0.10,1.35,-81,0,98,12,0,5,50,-76,100,13,"AIR",53.759924 -1.543440,49.5,86.60,36,12,10.9,9.0,924,38,-0.6,1,-512,700,-10,12,-1024,-93,-1024,1024,1,1,-1,-1,-1,1,-1,-1,-1,0x0000000000000000,1496,1264,1850,1500,2012,1504,2012,988,1500,1500,1500,1500,1500,1500,1500,1500,1500,1500,1500,1500,1500,1500,1500,1500,1500,1500,1500,1500,1500,1500,1500,1500,8.0
2026-05-04,13:44:55.030,-0.20,-0.10,1.35,-79,0,100,13,0,5,50,-71,100,13,"AIR",53.759924 -1.543440,49.5,86.60,36,12,10.9,7.9,939,39,-0.6,1,-7,701,-20,12,-1024,-93,-1024,1024,1,1,-1,-1,-1,1,-1,-1,-1,0x0000000000000000,1491,1497,1850,1500,2012,1509,2012,988,1500,1500,1500,1500,1500,1500,1500,1500,1500,1500,1500,1500,1500,1500,1500,1500,1500,1500,1500,1500,1500,1500,1500,1500,8.0
2026-05-04,13:44:55.530,-0.20,-0.10,1.35,-77,0,100,12,0,5,50,-71,100,14,"AIR",53.759924 -1.543440,49.5,86.60,36,12,10.9,7.9,939,39,-0.6,2,-280,712,-2,12,-1024,-93,-1024,1024,1,1,-1,-1,-1,1,-1,-1,-1,0x0000000000000000,1494,1378,1856,1500,2012,1506,2012,988,1500,1500,1500,1500,1500,1500,1500,1500,1500,1500,1500,1500,1500,1500,1500,1500,1500,1500,1500,1500,1500,1500,1500,1500,8.0
2026-05-04,13:44:56.030,-0.45,-0.76,-1.08,-75,0,99,14,0,5,50,-65,100,13,"AIR",53.759924 -1.543440,49.5,86.60,36,12,10.9,7.9,939,39,-0.6,1,-64,792,50,12,-1024,-93,-1024,1024,1,1,-1,-1,-1,1,-1,-1,-1,0x0000000000000000,1522,1471,1896,1500,2012,1478,2012,988,1500,1500,1500,1500,1500,1500,1500,1500,1500,1500,1500,1500,1500,1500,1500,1500,1500,1500,1500,1500,1500,1500,1500,1500,8.0
2026-05-04,13:44:56.530,-0.45,-0.76,-1.08,-72,0,100,13,0,5,50,-63,100,15,"AIR",53.759924 -1.543440,49.5,86.60,36,12,10.9,7.9,939,39,-0.6,3,-7,1022,901,12,-1024,-93,-1024,1024,1,1,-1,-1,-1,1,-1,-1,-1,0x0000000000000000,1940,1497,2011,1501,2012,1060,2012,988,1500,1500,1500,1500,1500,1500,1500,1500,1500,1500,1500,1500,1500,1500,1500,1500,1500,1500,1500,1500,1500,1500,1500,1500,8.0
2026-05-04,13:44:57.030,-0.45,-0.76,-1.08,-80,0,100,12,0,5,50,-76,100,13,"AIR",53.759924 -1.543440,49.5,86.60,36,12,10.9,7.9,939,39,-0.6,2,0,1024,0,12,-1024,-93,-1024,1024,1,1,-1,-1,-1,1,-1,-1,-1,0x0000000000000000,1500,1500,2012,1500,2012,1500,2012,988,1500,1500,1500,1500,1500,1500,1500,1500,1500,1500,1500,1500,1500,1500,1500,1500,1500,1500,1500,1500,1500,1500,1500,1500,8.0
2026-05-04,13:44:57.530,-0.45,-0.76,-1.08,-83,0,99,10,0,5,50,-79,100,12,"AIR",53.759924 -1.543440,49.5,86.60,36,12,10.9,7.9,939,39,-0.6,3,-135,1024,-292,12,-1024,-93,-1024,1024,1,1,-1,-1,-1,1,-1,-1,-1,0x0000000000000000,1357,1435,2012,1500,2012,1643,2012,988,1500,1500,1500,1500,1500,1500,1500,1500,1500,1500,1500,1500,1500,1500,1500,1500,1500,1500,1500,1500,1500,1500,1500,1500,8.0
2026-05-04,13:44:58.030,-0.45,-0.76,-1.08,-81,0,98,12,0,5,50,-78,100,13,"AIR",53.759924 -1.543440,49.5,86.60,36,12,10.9,7.9,939,39,3.0,1,-103,1024,-877,13,-1024,-93,-1024,1024,1,1,-1,-1,-1,1,-1,-1,-1,0x0000000000000000,1074,1454,2012,1500,2012,1926,2012,988,1500,1500,1500,1500,1500,1500,1500,1500,1500,1500,1500,1500,1500,1500,1500,1500,1500,1500,1500,1500,1500,1500,1500,1500,8.0
2026-05-04,13:44:58.530,-0.45,-0.76,-1.08,-81,0,99,12,0,5,50,-73,100,15,"AIR",53.759924 -1.543440,49.5,86.60,36,12,10.9,7.9,939,39,3.0,1,-169,1024,-372,13,-1024,-93,-1024,1024,1,1,-1,-1,-1,1,-1,-1,-1,0x0000000000000000,1331,1424,2012,1500,2012,1669,2012,988,1500,1500,1500,1500,1500,1500,1500,1500,1500,1500,1500,1500,1500,1500,1500,1500,1500,1500,1500,1500,1500,1500,1500,1500,8.0
2026-05-04,13:44:59.030,-0.45,-0.76,-1.08,-80,0,99,12,0,5,50,-86,100,5,"AIR",53.759924 -1.543440,49.5,86.60,36,12,10.9,7.9,939,39,3.0,2,-352,1024,-8,12,-1024,-93,-1024,1024,1,1,-1,-1,-1,1,-1,-1,-1,0x0000000000000000,1497,1340,2012,1500,2012,1503,2012,988,1500,1500,1500,1500,1500,1500,1500,1500,1500,1500,1500,1500,1500,1500,1500,1500,1500,1500,1500,1500,1500,1500,1500,1500,8.0
2026-05-04,13:44:59.530,-0.45,-0.76,-1.08,-83,0,97,9,0,5,50,-67,100,13,"AIR",53.760176 -1.543599,26.0,243.50,44,14,10.9,7.9,939,39,3.0,1,-592,829,1,12,-1024,-93,-1024,1024,1,1,-1,-1,-1,1,-1,-1,-1,0x0000000000000000,1500,1224,1914,1500,2012,1500,2012,988,1500,1500,1500,1500,1500,1500,1500,1500,1500,1500,1500,1500,1500,1500,1500,1500,1500,1500,1500,1500,1500,1500,1500,1500,8.0
2026-05-04,13:45:00.030,-0.45,-0.76,-1.08,-76,0,99,12,0,5,50,-70,100,14,"AIR",53.760176 -1.543599,26.0,243.50,44,14,10.9,7.9,939,39,3.0,1,13,770,906,12,-1024,-93,-1024,1024,1,1,-1,-1,-1,1,-1,-1,-1,0x0000000000000000,1943,1506,1885,1500,2012,1057,2012,988,1500,1500,1500,1500,1500,1500,1500,1500,1500,1500,1500,1500,1500,1500,1500,1500,1500,1500,1500,1500,1500,1500,1500,1500,8.0
2026-05-04,13:45:00.530,-0.45,-0.76,-1.08,-81,0,100,11,0,5,50,-86,100,7,"AIR",53.760176 -1.543599,26.0,243.50,44,14,10.7,12.8,955,30,3.0,1,8,679,1024,11,-1024,-93,-1024,1024,1,1,-1,-1,-1,1,-1,-1,-1,0x0000000000000000,2012,1503,1839,1500,2012,988,2012,988,1500,1500,1500,1500,1500,1500,1500,1500,1500,1500,1500,1500,1500,1500,1500,1500,1500,1500,1500,1500,1500,1500,1500,1500,8.0
2026-05-04,13:45:01.030,-0.45,-0.76,-1.08,-82,0,99,10,0,5,50,-72,100,14,"AIR",53.760176 -1.543599,26.0,243.50,44,14,10.7,12.8,955,30,3.0,2,814,677,1021,12,-1024,-93,-1024,1024,1,1,-1,-1,-1,1,-1,-1,-1,0x0000000000000000,2010,1892,1838,1500,2012,990,2012,988,1500,1500,1500,1500,1500,1500,1500,1500,1500,1500,1500,1500,1500,1500,1500,1500,1500,1500,1500,1500,1500,1500,1500,1500,8.0
2026-05-04,13:45:01.530,-0.91,0.15,-1.91,-80,0,99,12,0,5,50,-74,100,13,"AIR",53.760176 -1.543599,26.0,243.50,44,14,10.7,12.8,955,30,3.0,2,635,709,1022,11,-1024,-93,-1024,1024,1,1,-1,-1,-1,1,-1,-1,-1,0x0000000000000000,2011,1790,1854,1500,2012,989,2012,988,1500,1500,1500,1500,1500,1500,1500,1500,1500,1500,1500,1500,1500,1500,1500,1500,1500,1500,1500,1500,1500,1500,1500,1500,8.0
2026-05-04,13:45:02.030,-0.91,0.15,-1.91,-82,0,98,10,0,5,50,-83,100,8,"AIR",53.760176 -1.543599,26.0,243.50,44,14,10.7,12.8,955,30,3.0,3,224,697,1023,11,-1024,-93,-1024,1024,1,1,-1,-1,-1,1,-1,-1,-1,0x0000000000000000,2011,1601,1848,1501,2012,989,2012,988,1500,1500,1500,1500,1500,1500,1500,1500,1500,1500,1500,1500,1500,1500,1500,1500,1500,1500,1500,1500,1500,1500,1500,1500,8.0
2026-05-04,13:45:02.530,-0.91,0.15,-1.91,-84,0,99,9,0,5,50,-76,100,10,"AIR",53.760176 -1.543599,26.0,243.50,44,14,10.7,12.8,955,30,3.0,3,461,719,1023,11,-1024,-93,-1024,1024,1,1,-1,-1,-1,1,-1,-1,-1,0x0000000000000000,2011,1712,1859,1501,2012,989,2012,988,1500,1500,1500,1500,1500,1500,1500,1500,1500,1500,1500,1500,1500,1500,1500,1500,1500,1500,1500,1500,1500,1500,1500,1500,8.0
2026-05-04,13:45:03.030,-0.91,0.15,-1.91,-77,0,100,12,0,5,50,-77,100,11,"AIR",53.760176 -1.543599,26.0,243.50,44,14,10.7,12.8,955,30,3.0,3,770,768,877,12,-1024,-93,-1024,1024,1,1,-1,-1,-1,1,-1,-1,-1,0x0000000000000000,1926,1868,1884,1501,2012,1074,2012,988,1500,1500,1500,1500,1500,1500,1500,1500,1500,1500,1500,1500,1500,1500,1500,1500,1500,1500,1500,1500,1500,1500,1500,1500,8.0
2026-05-04,13:45:03.530,-0.91,0.15,-1.91,-71,0,99,11,0,5,50,-56,100,14,"AIR",53.760176 -1.543599,26.0,243.50,44,14,10.7,12.8,955,30,-7.1,1,-49,253,1024,12,-1024,-93,-1024,1024,1,1,-1,-1,-1,1,-1,-1,-1,0x0000000000000000,2012,1469,1620,1500,2012,988,2012,988,1500,1500,1500,1500,1500,1500,1500,1500,1500,1500,1500,1500,1500,1500,1500,1500,1500,1500,1500,1500,1500,1500,1500,1500,8.0
2026-05-04,13:45:04.030,-0.91,0.15,-1.91,-67,0,100,13,0,5,50,-64,100,13,"AIR",53.760176 -1.543599,26.0,243.50,44,14,10.7,12.8,955,30,-7.1,1,-636,324,-65,12,-1024,-93,-1024,1024,1,1,-1,-1,-1,1,-1,-1,-1,0x0000000000000000,1471,1202,1662,1500,2012,1529,2012,988,1500,1500,1500,1500,1500,1500,1500,1500,1500,1500,1500,1500,1500,1500,1500,1500,1500,1500,1500,1500,1500,1500,1500,1500,8.0
2026-05-04,13:45:04.530,-0.91,0.15,-1.91,-67,0,100,14,0,5,50,-55,100,14,"AIR",53.760176 -1.543599,26.0,243.50,44,14,10.7,12.8,955,30,-7.1,1,-27,347,-180,12,-1024,-93,-1024,1024,1,1,-1,-1,-1,1,-1,-1,-1,0x0000000000000000,1419,1488,1673,1500,2012,1581,2012,988,1500,1500,1500,1500,1500,1500,1500,1500,1500,1500,1500,1500,1500,1500,1500,1500,1500,1500,1500,1500,1500,1500,1500,1500,8.0
2026-05-04,13:45:05.030,-0.91,0.15,-1.91,-65,0,99,13,0,5,50,-53,100,14,"AIR",53.760126 -1.544138,32.2,231.20,47,14,10.7,12.8,955,30,-7.1,1,2,442,-364,13,-1024,-93,-1024,1024,1,1,-1,-1,-1,1,-1,-1,-1,0x0000000000000000,1334,1501,1721,1500,2012,1666,2012,988,1500,1500,1500,1500,1500,1500,1500,1500,1500,1500,1500,1500,1500,1500,1500,1500,1500,1500,1500,1500,1500,1500,1500,1500,8.0
2026-05-04,13:45:05.530,-0.91,0.15,-1.91,-59,0,99,14,0,5,50,-49,100,14,"AIR",53.760126 -1.544138,32.2,231.20,47,14,10.7,12.8,955,30,-7.1,1,3,579,-64,13,-1024,-93,-1024,1024,1,1,-1,-1,-1,1,-1,-1,-1,0x0000000000000000,1471,1501,1789,1500,2012,1507,2012,988,1500,1500,1500,1500,1500,1500,1500,1500,1500,1500,1500,1500,1500,1500,1500,1500,1500,1500,1500,1500,1500,1500,1500,1500,8.0
2026-05-04,13:45:06.030,-0.91,0.15,-1.91,-59,0,100,14,0,5,50,-50,100,14,"AIR",53.760126 -1.544138,32.2,231.20,47,14,10.7,12.8,955,30,-7.1,1,-1,356,429,12,-1024,-93,-1024,1024,1,1,-1,-1,-1,1,-1,-1,-1,0x0000000000000000,1696,1500,1678,1500,2012,1304,2012,988,1500,1500,1500,1500,1500,1500,1500,1500,1500,1500,1500,1500,1500,1500,1500,1500,1500,1500,1500,1500,1500,1500,1500,1500,8.0
2026-05-04,13:45:06.530,-0.91,0.15,-1.91,-59,0,100,13,0,5,50,-49,100,15,"AIR",53.760126 -1.544138,32.2,231.20,47,14,11.1,3.7,968,45,-7.1,2,4,331,336,12,-1024,-93,-1024,1024,1,1,-1,-1,-1,1,-1,-1,-1,0x0000000000000000,1653,1502,1665,1500,2012,1347,2012,988,1500,1500,1500,1500,1500,1500,1500,1500,1500,1500,1500,1500,1500,1500,1500,1500,1500,1500,1500,1500,1500,1500,1500,1500,8.0
2026-05-04,13:45:07.030,0.00,-0.69,-3.04,-59,0,99,14,0,5,50,-52,100,14,"AIR",53.760126 -1.544138,32.2,231.20,47,14,11.1,3.7,968,45,-7.1,1,2,461,-38,12,-1024,-93,-1024,1024,1,1,-1,-1,-1,1,-1,-1,-1,0x0000000000000000,1483,1501,1730,1500,2012,1517,2012,988,1500,1500,1500,1500,1500,1500,1500,1500,1500,1500,1500,1500,1500,1500,1500,1500,1500,1500,1500,1500,1500,1500,1500,1500,8.0
2026-05-04,13:45:07.530,0.00,-0.69,-3.04,-61,0,98,14,0,5,50,-51,100,14,"AIR",53.760126 -1.544138,32.2,231.20,47,14,11.1,3.7,968,45,-7.1,1,4,449,-3,12,-1024,-93,-1024,1024,1,1,-1,-1,-1,1,-1,-1,-1,0x0000000000000000,1499,1502,1724,1500,2012,1501,2012,988,1500,1500,1500,1500,1500,1500,1500,1500,1500,1500,1500,1500,1500,1500,1500,1500,1500,1500,1500,1500,1500,1500,1500,1500,8.0
2026-05-04,13:45:08.030,0.00,-0.69,-3.04,-60,0,100,14,0,5,50,-59,100,14,"AIR",53.760126 -1.544138,32.2,231.20,47,14,11.1,3.7,968,45,-7.1,2,3,386,-4,12,-1024,-93,-1024,1024,1,1,-1,-1,-1,1,-1,-1,-1,0x0000000000000000,1498,1501,1693,1500,2012,1502,2012,988,1500,1500,1500,1500,1500,1500,1500,1500,1500,1500,1500,1500,1500,1500,1500,1500,1500,1500,1500,1500,1500,1500,1500,1500,8.0
2026-05-04,13:45:08.530,0.00,-0.69,-3.04,-67,0,99,14,0,5,50,-63,100,15,"AIR",53.760126 -1.544138,32.2,231.20,47,14,11.1,3.7,968,45,-7.1,3,2,385,-2,13,-1024,-93,-1024,1024,1,1,-1,-1,-1,1,-1,-1,-1,0x0000000000000000,1499,1501,1692,1501,2012,1501,2012,988,1500,1500,1500,1500,1500,1500,1500,1500,1500,1500,1500,1500,1500,1500,1500,1500,1500,1500,1500,1500,1500,1500,1500,1500,8.0
2026-05-04,13:45:09.030,0.00,-0.69,-3.04,-65,0,100,14,0,5,50,-61,100,14,"AIR",53.760126 -1.544138,32.2,231.20,47,14,11.1,3.7,968,45,-2.4,3,1,385,1,12,-1024,-93,-1024,1024,1,1,-1,-1,-1,1,-1,-1,-1,0x0000000000000000,1500,1500,1692,1501,2012,1500,2012,988,1500,1500,1500,1500,1500,1500,1500,1500,1500,1500,1500,1500,1500,1500,1500,1500,1500,1500,1500,1500,1500,1500,1500,1500,8.0
2026-05-04,13:45:09.530,0.00,-0.69,-3.04,-65,0,100,14,0,5,50,-56,100,14,"AIR",53.760126 -1.544138,32.2,231.20,47,14,11.1,3.7,968,45,-2.4,4,-1,385,308,12,-1024,-93,-1024,1024,1,1,-1,-1,-1,1,-1,-1,-1,0x0000000000000000,1640,1500,1692,1501,2012,1360,2012,988,1500,1500,1500,1500,1500,1500,1500,1500,1500,1500,1500,1500,1500,1500,1500,1500,1500,1500,1500,1500,1500,1500,1500,1500,8.0
2026-05-04,13:45:10.030,0.00,-0.69,-3.04,-66,0,100,14,0,5,50,-56,100,14,"AIR",53.760126 -1.544138,32.2,231.20,47,14,11.1,3.7,968,45,-2.4,6,-175,437,567,12,-1024,-93,-1024,1024,1,1,-1,-1,-1,1,-1,-1,-1,0x0000000000000000,1754,1415,1724,1502,2012,1246,2012,988,1500,1500,1500,1500,1500,1500,1500,1500,1500,1500,1500,1500,1500,1500,1500,1500,1500,1500,1500,1500,1500,1500,1500,1500,8.0
2026-05-04,13:45:10.530,0.00,-0.69,-3.04,-66,0,100,14,0,5,50,-62,100,15,"AIR",53.759487 -1.544478,55.8,175.10,22,13,11.1,3.7,968,45,-2.4,141,-470,580,426,12,-1024,-93,-1024,1024,1,1,-1,-1,-1,1,-1,-1,-1,0x0000000000000000,1695,1284,1790,1549,2012,1305,2012,988,1500,1500,1500,1500,1500,1500,1500,1500,1500,1500,1500,1500,1500,1500,1500,1500,1500,1500,1500,1500,1500,1500,1500,1500,8.0
2026-05-04,13:45:11.030,0.00,-0.69,-3.04,-68,0,100,14,0,5,50,-69,100,14,"AIR",53.759487 -1.544478,55.8,175.10,22,13,11.1,3.7,968,45,-2.4,140,-735,647,183,12,-1024,-93,-1024,1024,1,1,-1,-1,-1,1,-1,-1,-1,0x0000000000000000,1582,1151,1823,1549,2012,1418,2012,988,1500,1500,1500,1500,1500,1500,1500,1500,1500,1500,1500,1500,1500,1500,1500,1500,1500,1500,1500,1500,1500,1500,1500,1500,8.0
2026-05-04,13:45:11.530,0.00,-0.69,-3.04,-74,0,100,13,0,5,50,-66,100,14,"AIR",53.759487 -1.544478,55.8,175.10,22,13,11.1,3.7,968,45,-2.4,176,-690,663,6,12,-1024,-93,-1024,1024,1,1,-1,-1,-1,1,-1,-1,-1,0x0000000000000000,1502,1174,1831,1562,2012,1498,2012,988,1500,1500,1500,1500,1500,1500,1500,1500,1500,1500,1500,1500,1500,1500,1500,1500,1500,1500,1500,1500,1500,1500,1500,1500,8.0
2026-05-04,13:45:12.030,0.00,-0.69,-3.04,-81,0,99,12,0,5,50,-69,100,14,"AIR",53.759487 -1.544478,55.8,175.10,22,13,11.0,5.3,975,43,-2.4,195,-672,670,-11,12,-1024,-93,-1024,1024,1,1,-1,-1,-1,1,-1,-1,-1,0x0000000000000000,1495,1184,1835,1569,2012,1505,2012,988,1500,1500,1500,1500,1500,1500,1500,1500,1500,1500,1500,1500,1500,1500,1500,1500,1500,1500,1500,1500,1500,1500,1500,1500,8.0
2026-05-04,13:45:12.530,-0.26,1.01,-2.03,-77,0,99,12,0,5,50,-67,100,14,"AIR",53.759487 -1.544478,55.8,175.10,22,13,11.0,5.3,975,43,-2.4,11,-532,741,-214,13,-1024,-93,-1024,1024,1,1,-1,-1,-1,1,-1,-1,-1,0x0000000000000000,1404,1254,1870,1504,2012,1596,2012,988,1500,1500,1500,1500,1500,1500,1500,1500,1500,1500,1500,1500,1500,1500,1500,1500,1500,1500,1500,1500,1500,1500,1500,1500,8.0
2026-05-04,13:45:13.030,-0.26,1.01,-2.03,-75,0,100,13,0,5,50,-74,100,14,"AIR",53.759487 -1.544478,55.8,175.10,22,13,11.0,5.3,975,43,-2.4,3,-70,761,-654,13,-1024,-93,-1024,1024,1,1,-1,-1,-1,1,-1,-1,-1,0x0000000000000000,1192,1474,1880,1501,2012,1808,2012,988,1500,1500,1500,1500,1500,1500,1500,1500,1500,1500,1500,1500,1500,1500,1500,1500,1500,1500,1500,1500,1500,1500,1500,1500,8.0
2026-05-04,13:45:13.530,-0.26,1.01,-2.03,-80,0,99,13,0,5,50,-79,100,12,"AIR",53.759487 -1.544478,55.8,175.10,22,13,11.0,5.3,975,43,-2.4,2,-4,698,-537,13,-1024,-93,-1024,1024,1,1,-1,-1,-1,1,-1,-1,-1,0x0000000000000000,1257,1498,1849,1500,2012,1743,2012,988,1500,1500,1500,1500,1500,1500,1500,1500,1500,1500,1500,1500,1500,1500,1500,1500,1500,1500,1500,1500,1500,1500,1500,1500,8.0
2026-05-04,13:45:14.030,-0.26,1.01,-2.03,-80,0,99,11,0,5,50,-59,100,14,"AIR",53.759487 -1.544478,55.8,175.10,22,13,11.0,5.3,975,43,-2.4,3,-333,772,395,12,-1024,-93,-1024,1024,1,1,-1,-1,-1,1,-1,-1,-1,0x0000000000000000,1688,1355,1891,1501,2012,1312,2012,988,1500,1500,1500,1500,1500,1500,1500,1500,1500,1500,1500,1500,1500,1500,1500,1500,1500,1500,1500,1500,1500,1500,1500,1500,8.0
2026-05-04,13:45:14.530,-0.26,1.01,-2.03,-63,0,98,14,0,5,50,-58,100,14,"AIR",53.759487 -1.544478,55.8,175.10,22,13,11.0,5.3,975,43,-0.3,3,-226,881,132,12,-1024,-93,-1024,1024,1,1,-1,-1,-1,1,-1,-1,-1,0x0000000000000000,1559,1398,1940,1501,2012,1441,2012,988,1500,1500,1500,1500,1500,1500,1500,1500,1500,1500,1500,1500,1500,1500,1500,1500,1500,1500,1500,1500,1500,1500,1500,1500,8.0
2026-05-04,13:45:15.030,-0.26,1.01,-2.03,-66,0,100,13,0,5,50,-60,100,15,"AIR",53.759487 -1.544478,55.8,175.10,22,13,11.0,5.3,975,43,-0.3,4,-469,911,88,12,-1024,-93,-1024,1024,1,1,-1,-1,-1,1,-1,-1,-1,0x0000000000000000,1539,1292,1955,1501,2012,1461,2012,988,1500,1500,1500,1500,1500,1500,1500,1500,1500,1500,1500,1500,1500,1500,1500,1500,1500,1500,1500,1500,1500,1500,1500,1500,8.0
2026-05-04,13:45:15.530,-0.26,1.01,-2.03,-60,0,99,13,0,5,50,-49,100,13,"AIR",53.759487 -1.544478,55.8,175.10,22,13,11.0,5.3,975,43,-0.3,5,-107,1024,126,12,-1024,-93,-1024,1024,1,1,-1,-1,-1,1,-1,-1,-1,0x0000000000000000,1556,1452,2012,1501,2012,1444,2012,988,1500,1500,1500,1500,1500,1500,1500,1500,1500,1500,1500,1500,1500,1500,1500,1500,1500,1500,1500,1500,1500,1500,1500,1500,8.0
2026-05-04,13:45:16.030,-0.26,1.01,-2.03,-60,0,100,14,0,5,50,-50,100,13,"AIR",53.759294 -1.544901,56.5,-298.76,27,14,11.0,5.3,975,43,-0.3,6,-18,1024,370,12,-1024,-93,-1024,1024,1,1,-1,-1,-1,1,-1,-1,-1,0x0000000000000000,1668,1492,2012,1502,2012,1332,2012,988,1500,1500,1500,1500,1500,1500,1500,1500,1500,1500,1500,1500,1500,1500,1500,1500,1500,1500,1500,1500,1500,1500,1500,1500,8.0
2026-05-04,13:45:16.530,-0.26,1.01,-2.03,-58,0,100,13,0,5,50,-60,100,14,"AIR",53.759294 -1.544901,56.5,-298.76,27,14,11.0,5.3,975,43,-0.3,2,1,820,1024,12,-1024,-93,-1024,1024,1,1,-1,-1,-1,1,-1,-1,-1,0x0000000000000000,2012,1500,1910,1500,2012,988,2012,988,1500,1500,1500,1500,1500,1500,1500,1500,1500,1500,1500,1500,1500,1500,1500,1500,1500,1500,1500,1500,1500,1500,1500,1500,8.0
2026-05-04,13:45:17.030,-0.26,1.01,-2.03,-61,0,100,14,0,5,50,-49,100,14,"AIR",53.759294 -1.544901,56.5,-298.76,27,14,11.0,5.3,975,43,-0.3,3,56,795,1024,12,-1024,-93,-1024,1024,1,1,-1,-1,-1,1,-1,-1,-1,0x0000000000000000,2012,1525,1897,1501,2012,988,2012,988,1500,1500,1500,1500,1500,1500,1500,1500,1500,1500,1500,1500,1500,1500,1500,1500,1500,1500,1500,1500,1500,1500,1500,1500,8.0
2026-05-04,13:45:17.530,-0.26,1.01,-2.03,-58,0,100,14,0,5,50,-59,100,15,"AIR",53.759294 -1.544901,56.5,-298.76,27,14,10.7,12.7,988,31,-0.3,4,1024,766,849,12,-1024,-93,-1024,1024,1,1,-1,-1,-1,1,-1,-1,-1,0x0000000000000000,1911,2012,1883,1501,2012,1089,2012,988,1500,1500,1500,1500,1500,1500,1500,1500,1500,1500,1500,1500,1500,1500,1500,1500,1500,1500,1500,1500,1500,1500,1500,1500,8.0
2026-05-04,13:45:18.030,-0.48,2.03,0.11,-66,0,98,13,0,5,50,-67,100,14,"AIR",53.759294 -1.544901,56.5,-298.76,27,14,10.7,12.7,988,31,-0.3,3,1024,781,652,12,-1024,-93,-1024,1024,1,1,-1,-1,-1,1,-1,-1,-1,0x0000000000000000,1806,2012,1890,1501,2012,1194,2012,988,1500,1500,1500,1500,1500,1500,1500,1500,1500,1500,1500,1500,1500,1500,1500,1500,1500,1500,1500,1500,1500,1500,1500,1500,8.0
2026-05-04,13:45:18.530,-0.48,2.03,0.11,-66,0,99,13,0,5,50,-52,100,14,"AIR",53.759294 -1.544901,56.5,-298.76,27,14,10.7,12.7,988,31,-0.3,3,1024,812,135,12,-1024,-93,-1024,1024,1,1,-1,-1,-1,1,-1,-1,-1,0x0000000000000000,1561,2012,1906,1501,2012,1439,2012,988,1500,1500,1500,1500,1500,1500,1500,1500,1500,1500,1500,1500,1500,1500,1500,1500,1500,1500,1500,1500,1500,1500,1500,1500,8.0
2026-05-04,13:45:19.030,-0.48,2.03,0.11,-65,0,99,14,0,5,50,-55,100,14,"AIR",53.759294 -1.544901,56.5,-298.76,27,14,10.7,12.7,988,31,-0.3,3,1024,839,-223,12,-1024,-93,-1024,1024,1,1,-1,-1,-1,1,-1,-1,-1,0x0000000000000000,1400,2012,1919,1501,2012,1600,2012,988,1500,1500,1500,1500,1500,1500,1500,1500,1500,1500,1500,1500,1500,1500,1500,1500,1500,1500,1500,1500,1500,1500,1500,1500,8.0
2026-05-04,13:45:19.530,-0.48,2.03,0.11,-64,0,99,14,0,5,50,-50,100,14,"AIR",53.759294 -1.544901,56.5,-298.76,27,14,10.7,12.7,988,31,-0.3,2,996,861,-453,13,-1024,-93,-1024,1024,1,1,-1,-1,-1,1,-1,-1,-1,0x0000000000000000,1292,1995,1930,1500,2012,1708,2012,988,1500,1500,1500,1500,1500,1500,1500,1500,1500,1500,1500,1500,1500,1500,1500,1500,1500,1500,1500,1500,1500,1500,1500,1500,8.0
2026-05-04,13:45:20.030,-0.48,2.03,0.11,-56,0,100,14,0,5,50,-47,100,14,"AIR",53.759294 -1.544901,56.5,-298.76,27,14,10.7,12.7,988,31,-1.2,1,909,837,-670,13,-1024,-93,-1024,1024,1,1,-1,-1,-1,1,-1,-1,-1,0x0000000000000000,1185,1944,1918,1500,2012,1815,2012,988,1500,1500,1500,1500,1500,1500,1500,1500,1500,1500,1500,1500,1500,1500,1500,1500,1500,1500,1500,1500,1500,1500,1500,1500,8.0
2026-05-04,13:45:20.530,-0.48,2.03,0.11,-57,0,100,14,0,5,50,-53,100,14,"AIR",53.759294 -1.544901,56.5,-298.76,27,14,10.7,12.7,988,31,-1.2,1,838,815,-785,13,-1024,-93,-1024,1024,1,1,-1,-1,-1,1,-1,-1,-1,0x0000000000000000,1124,1905,1907,1500,2012,1876,2012,988,1500,1500,1500,1500,1500,1500,1500,1500,1500,1500,1500,1500,1500,1500,1500,1500,1500,1500,1500,1500,1500,1500,1500,1500,8.0
2026-05-04,13:45:21.030,-0.48,2.03,0.11,-57,0,100,14,0,5,50,-48,100,14,"AIR",53.759294 -1.544901,56.5,-298.76,27,14,10.7,12.7,988,31,-1.2,1,1024,808,-111,13,-1024,-93,-1024,1024,1,1,-1,-1,-1,1,-1,-1,-1,0x0000000000000000,1450,2012,1904,1500,2012,1550,2012,988,1500,1500,1500,1500,1500,1500,1500,1500,1500,1500,1500,1500,1500,1500,1500,1500,1500,1500,1500,1500,1500,1500,1500,1500,8.0
2026-05-04,13:45:21.530,-0.48,2.03,0.11,-58,0,100,14,0,5,50,-53,100,14,"AIR",53.759870 -1.544877,47.1,35.10,39,14,10.7,12.7,988,31,-1.2,1,588,790,-6,12,-1024,-93,-1024,1024,1,1,-1,-1,-1,1,-1,-1,-1,0x0000000000000000,1498,1774,1895,1500,2012,1502,2012,988,1500,1500,1500,1500,1500,1500,1500,1500,1500,1500,1500,1500,1500,1500,1500,1500,1500,1500,1500,1500,1500,1500,1500,1500,8.0
2026-05-04,13:45:22.030,-0.48,2.03,0.11,-69,0,100,13,0,5,50,-67,100,13,"AIR",53.759870 -1.544877,47.1,35.10,39,14,10.7,12.7,988,31,-1.2,0,559,775,-1,12,-1024,-93,-1024,1024,1,1,-1,-1,-1,1,-1,-1,-1,0x0000000000000000,1500,1759,1887,1500,2012,1500,2012,988,1500,1500,1500,1500,1500,1500,1500,1500,1500,1500,1500,1500,1500,1500,1500,1500,1500,1500,1500,1500,1500,1500,1500,1500,8.0
2026-05-04,13:45:22.530,-0.48,2.03,0.11,-74,0,100,13,0,5,50,-66,100,14,"AIR",53.759870 -1.544877,47.1,35.10,39,14,10.7,12.7,988,31,-1.2,1,1024,784,-108,12,-1024,-93,-1024,1024,1,1,-1,-1,-1,1,-1,-1,-1,0x0000000000000000,1452,2012,1892,1500,2012,1548,2012,988,1500,1500,1500,1500,1500,1500,1500,1500,1500,1500,1500,1500,1500,1500,1500,1500,1500,1500,1500,1500,1500,1500,1500,1500,8.0
2026-05-04,13:45:23.030,-0.48,2.03,0.11,-73,0,97,13,0,5,50,-69,100,14,"AIR",53.759870 -1.544877,47.1,35.10,39,14,10.8,9.1,1004,35,-1.2,1,984,784,824,12,-1024,-93,-1024,1024,1,1,-1,-1,-1,1,-1,-1,-1,0x0000000000000000,1897,1988,1892,1500,2012,1103,2012,988,1500,1500,1500,1500,1500,1500,1500,1500,1500,1500,1500,1500,1500,1500,1500,1500,1500,1500,1500,1500,1500,1500,1500,1500,8.0
2026-05-04,13:45:23.530,-0.48,2.03,0.11,-79,0,96,12,0,5,50,-75,100,13,"AIR",53.759870 -1.544877,47.1,35.10,39,14,10.8,9.1,1004,35,-1.2,1,228,770,1024,12,-1024,-93,-1024,1024,1,1,-1,-1,-1,1,-1,-1,-1,0x0000000000000000,2012,1603,1885,1500,2012,988,2012,988,1500,1500,1500,1500,1500,1500,1500,1500,1500,1500,1500,1500,1500,1500,1500,1500,1500,1500,1500,1500,1500,1500,1500,1500,8.0
2026-05-04,13:45:24.030,-0.23,2.96,0.85,-71,0,98,13,0,5,50,-58,100,13,"AIR",53.759870 -1.544877,47.1,35.10,39,14,10.8,9.1,1004,35,-1.2,1,7,760,1024,11,-1024,-93,-1024,1024,1,1,-1,-1,-1,1,-1,-1,-1,0x0000000000000000,2012,1503,1880,1500,2012,988,2012,988,1500,1500,1500,1500,1500,1500,1500,1500,1500,1500,1500,1500,1500,1500,1500,1500,1500,1500,1500,1500,1500,1500,1500,1500,8.0
2026-05-04,13:45:24.530,-0.23,2.96,0.85,-66,0,99,14,0,5,50,-56,100,14,"AIR",53.759870 -1.544877,47.1,35.10,39,14,10.8,9.1,1004,35,-1.2,16,-430,738,660,12,-1024,-93,-1024,1024,1,1,-1,-1,-1,1,-1,-1,-1,0x0000000000000000,1810,1303,1869,1505,2012,1190,2012,988,1500,1500,1500,1500,1500,1500,1500,1500,1500,1500,1500,1500,1500,1500,1500,1500,1500,1500,1500,1500,1500,1500,1500,1500,8.0
2026-05-04,13:45:25.030,-0.23,2.96,0.85,-65,0,100,14,0,5,50,-63,100,14,"AIR",53.759870 -1.544877,47.1,35.10,39,14,10.8,9.1,1004,35,-1.2,6,-795,740,-4,12,-1024,-93,-1024,1024,1,1,-1,-1,-1,1,-1,-1,-1,0x0000000000000000,1498,1119,1870,1502,2012,1502,2012,988,1500,1500,1500,1500,1500,1500,1500,1500,1500,1500,1500,1500,1500,1500,1500,1500,1500,1500,1500,1500,1500,1500,1500,1500,8.0
2026-05-04,13:45:25.530,-0.23,2.96,0.85,-68,0,100,14,0,5,50,-67,100,13,"AIR",53.759870 -1.544877,47.1,35.10,39,14,10.8,9.1,1004,35,-4.7,22,-613,659,122,12,-1024,-93,-1024,1024,1,1,-1,-1,-1,1,-1,-1,-1,0x0000000000000000,1555,1214,1829,1507,2012,1445,2012,988,1500,1500,1500,1500,1500,1500,1500,1500,1500,1500,1500,1500,1500,1500,1500,1500,1500,1500,1500,1500,1500,1500,1500,1500,8.0
2026-05-04,13:45:26.030,-0.23,2.96,0.85,-68,0,97,14,0,5,50,-62,100,15,"AIR",53.759870 -1.544877,47.1,35.10,39,14,10.8,9.1,1004,35,-4.7,228,-670,531,92,12,-1024,-93,-1024,1024,1,1,-1,-1,-1,1,-1,-1,-1,0x0000000000000000,1541,1185,1765,1581,2012,1459,2012,988,1500,1500,1500,1500,1500,1500,1500,1500,1500,1500,1500,1500,1500,1500,1500,1500,1500,1500,1500,1500,1500,1500,1500,1500,8.0
2026-05-04,13:45:26.530,-0.23,2.96,0.85,-76,0,98,13,0,5,50,-70,100,15,"AIR",53.759870 -1.544877,47.1,35.10,39,14,10.8,9.1,1004,35,-4.7,207,-599,528,67,12,-1024,-93,-1024,1024,1,1,-1,-1,-1,1,-1,-1,-1,0x0000000000000000,1530,1221,1764,1573,2012,1470,2012,988,1500,1500,1500,1500,1500,1500,1500,1500,1500,1500,1500,1500,1500,1500,1500,1500,1500,1500,1500,1500,1500,1500,1500,1500,8.0
2026-05-04,13:45:27.030,-0.23,2.96,0.85,-79,0,100,12,0,5,50,-76,100,8,"AIR",53.760310 -1.543871,58.8,54.20,28,14,10.8,9.1,1004,35,-4.7,174,-499,523,25,12,-1024,-93,-1024,1024,1,1,-1,-1,-1,1,-1,-1,-1,0x0000000000000000,1511,1270,1761,1561,2012,1489,2012,988,1500,1500,1500,1500,1500,1500,1500,1500,1500,1500,1500,1500,1500,1500,1500,1500,1500,1500,1500,1500,1500,1500,1500,1500,8.0
2026-05-04,13:45:27.530,-0.23,2.96,0.85,-73,0,99,12,0,5,50,-64,100,13,"AIR",53.760310 -1.543871,58.8,54.20,28,14,10.8,9.1,1004,35,-4.7,126,-342,530,3,12,-1024,-93,-1024,1024,1,1,-1,-1,-1,1,-1,-1,-1,0x0000000000000000,1501,1345,1765,1544,2012,1499,2012,988,1500,1500,1500,1500,1500,1500,1500,1500,1500,1500,1500,1500,1500,1500,1500,1500,1500,1500,1500,1500,1500,1500,1500,1500,8.0
2026-05-04,13:45:28.030,-0.23,2.96,0.85,-79,0,98,12,0,5,50,-80,100,9,"AIR",53.760310 -1.543871,58.8,54.20,28,14,10.8,9.1,1004,35,-4.7,106,-184,531,-28,12,-1024,-93,-1024,1024,1,1,-1,-1,-1,1,-1,-1,-1,0x0000000000000000,1488,1417,1765,1537,2012,1512,2012,988,1500,1500,1500,1500,1500,1500,1500,1500,1500,1500,1500,1500,1500,1500,1500,1500,1500,1500,1500,1500,1500,1500,1500,1500,8.0
2026-05-04,13:45:28.530,-0.23,2.96,0.85,-84,0,99,9,0,5,50,-77,100,13,"AIR",53.760310 -1.543871,58.8,54.20,28,14,11.0,5.1,1017,42,-4.7,7,-191,497,-470,13,-1024,-93,-1024,1024,1,1,-1,-1,-1,1,-1,-1,-1,0x0000000000000000,1284,1414,1748,1502,2012,1716,2012,988,1500,1500,1500,1500,1500,1500,1500,1500,1500,1500,1500,1500,1500,1500,1500,1500,1500,1500,1500,1500,1500,1500,1500,1500,8.0
2026-05-04,13:45:29.030,-0.23,2.96,0.85,-87,0,97,9,0,5,50,-83,100,10,"AIR",53.760310 -1.543871,58.8,54.20,28,14,11.0,5.1,1017,42,-4.7,3,-6,472,-550,13,-1024,-93,-1024,1024,1,1,-1,-1,-1,1,-1,-1,-1,0x0000000000000000,1245,1498,1736,1501,2012,1755,2012,988,1500,1500,1500,1500,1500,1500,1500,1500,1500,1500,1500,1500,1500,1500,1500,1500,1500,1500,1500,1500,1500,1500,1500,1500,8.0
2026-05-04,13:45:29.530,-0.06,0.94,-2.73,-86,0,95,8,0,5,50,-68,100,14,"AIR",53.760310 -1.543871,58.8,54.20,28,14,11.0,5.1,1017,42,-4.7,5,-3,605,-2,13,-1024,-93,-1024,1024,1,1,-1,-1,-1,1,-1,-1,-1,0x0000000000000000,1499,1499,1802,1501,2012,1501,2012,988,1500,1500,1500,1500,1500,1500,1500,1500,1500,1500,1500,1500,1500,1500,1500,1500,1500,1500,1500,1500,1500,1500,1500,1500,8.0
2026-05-04,13:45:30.030,-0.06,0.94,-2.73,-73,0,99,13,0,5,50,-63,100,15,"AIR",53.760310 -1.543871,58.8,54.20,28,14,11.0,5.1,1017,42,-4.7,4,2,934,-1,12,-1024,-93,-1024,1024,1,1,-1,-1,-1,1,-1,-1,-1,0x0000000000000000,1500,1501,1967,1501,2012,1500,2012,988,1500,1500,1500,1500,1500,1500,1500,1500,1500,1500,1500,1500,1500,1500,1500,1500,1500,1500,1500,1500,1500,1500,1500,1500,8.0
2026-05-04,13:45:30.530,-0.06,0.94,-2.73,-73,0,99,14,0,5,50,-63,100,13,"AIR",53.760310 -1.543871,58.8,54.20,28,14,11.0,5.1,1017,42,-4.7,4,-4,1024,4,12,-1024,-93,-1024,1024,1,1,-1,-1,-1,1,-1,-1,-1,0x0000000000000000,1502,1498,2012,1501,2012,1498,2012,988,1500,1500,1500,1500,1500,1500,1500,1500,1500,1500,1500,1500,1500,1500,1500,1500,1500,1500,1500,1500,1500,1500,1500,1500,8.0
2026-05-04,13:45:31.030,-0.06,0.94,-2.73,-70,0,98,13,0,5,50,-67,100,15,"AIR",53.760310 -1.543871,58.8,54.20,28,14,11.0,5.1,1017,42,1.4,2,2,1024,-1,12,-1024,-93,-1024,1024,1,1,-1,-1,-1,1,-1,-1,-1,0x0000000000000000,1500,1501,2012,1500,2012,1500,2012,988,1500,1500,1500,1500,1500,1500,1500,1500,1500,1500,1500,1500,1500,1500,1500,1500,1500,1500,1500,1500,1500,1500,1500,1500,8.0
2026-05-04,13:45:31.530,-0.06,0.94,-2.73,-73,0,95,13,0,5,50,-64,100,15,"AIR",53.760310 -1.543871,58.8,54.20,28,14,11.0,5.1,1017,42,1.4,1,2,1023,-1,12,-1024,-93,-1024,1024,1,1,-1,-1,-1,1,-1,-1,-1,0x0000000000000000,1500,1501,2011,1500,2012,1500,2012,988,1500,1500,1500,1500,1500,1500,1500,1500,1500,1500,1500,1500,1500,1500,1500,1500,1500,1500,1500,1500,1500,1500,1500,1500,8.0
2026-05-04,13:45:32.030,-0.06,0.94,-2.73,-74,0,95,12,0,5,50,-65,100,13,"AIR",53.760310 -1.543871,58.8,54.20,28,14,11.0,5.1,1017,42,1.4,3,6,698,460,12,-1024,-93,-1024,1024,1,1,-1,-1,-1,1,-1,-1,-1,0x0000000000000000,1711,1502,1849,1501,2012,1289,2012,988,1500,1500,1500,1500,1500,1500,1500,1500,1500,1500,1500,1500,1500,1500,1500,1500,1500,1500,1500,1500,1500,1500,1500,1500,8.0
2026-05-04,13:45:32.530,-0.06,0.94,-2.73,-69,0,98,13,0,5,50,-59,100,15,"AIR",53.759872 -1.543885,51.8,221.50,25,12,11.0,5.1,1017,42,1.4,3,1,514,-105,12,-1024,-93,-1024,1024,1,1,-1,-1,-1,1,-1,-1,-1,0x0000000000000000,1453,1500,1757,1501,2012,1547,2012,988,1500,1500,1500,1500,1500,1500,1500,1500,1500,1500,1500,1500,1500,1500,1500,1500,1500,1500,1500,1500,1500,1500,1500,1500,8.0
2026-05-04,13:45:33.030,-0.06,0.94,-2.73,-63,0,96,14,0,5,50,-56,100,14,"AIR",53.759872 -1.543885,51.8,221.50,25,12,11.0,5.1,1017,42,1.4,3,2,462,-259,12,-1024,-93,-1024,1024,1,1,-1,-1,-1,1,-1,-1,-1,0x0000000000000000,1383,1501,1731,1501,2012,1617,2012,988,1500,1500,1500,1500,1500,1500,1500,1500,1500,1500,1500,1500,1500,1500,1500,1500,1500,1500,1500,1500,1500,1500,1500,1500,8.0
2026-05-04,13:45:33.530,-0.06,0.94,-2.73,-66,0,98,14,0,5,50,-63,100,15,"AIR",53.759872 -1.543885,51.8,221.50,25,12,11.0,5.1,1017,42,1.4,2,2,475,-3,12,-1024,-93,-1024,1024,1,1,-1,-1,-1,1,-1,-1,-1,0x0000000000000000,1499,1501,1737,1500,2012,1501,2012,988,1500,1500,1500,1500,1500,1500,1500,1500,1500,1500,1500,1500,1500,1500,1500,1500,1500,1500,1500,1500,1500,1500,1500,1500,8.0
2026-05-04,13:45:34.030,-0.06,0.94,-2.73,-71,0,99,13,0,5,50,-67,100,14,"AIR",53.759872 -1.543885,51.8,221.50,25,12,11.0,5.7,1029,40,1.4,1,2,409,-1,12,-1024,-93,-1024,1024,1,1,-1,-1,-1,1,-1,-1,-1,0x0000000000000000,1500,1501,1704,1500,2012,1500,2012,988,1500,1500,1500,1500,1500,1500,1500,1500,1500,1500,1500,1500,1500,1500,1500,1500,1500,1500,1500,1500,1500,1500,1500,1500,8.0
2026-05-04,13:45:34.530,-0.06,0.94,-2.73,-72,0,98,13,0,5,50,-63,100,15,"AIR",53.759872 -1.543885,51.8,221.50,25,12,11.0,5.7,1029,40,1.4,1,3,421,-1,12,-1024,-93,-1024,1024,1,1,-1,-1,-1,1,-1,-1,-1,0x0000000000000000,1500,1501,1710,1500,2012,1500,2012,988,1500,1500,1500,1500,1500,1500,1500,1500,1500,1500,1500,1500,1500,1500,1500,1500,1500,1500,1500,1500,1500,1500,1500,1500,8.0
2026-05-04,13:45:35.030,-0.07,0.03,-2.65,-67,0,100,13,0,5,50,-59,100,14,"AIR",53.759872 -1.543885,51.8,221.50,25,12,11.0,5.7,1029,40,1.4,1,2,421,-2,13,-1024,-93,-1024,1024,1,1,-1,-1,-1,1,-1,-1,-1,0x0000000000000000,1499,1501,1710,1500,2012,1501,2012,988,1500,1500,1500,1500,1500,1500,1500,1500,1500,1500,1500,1500,1500,1500,1500,1500,1500,1500,1500,1500,1500,1500,1500,1500,8.0
2026-05-04,13:45:35.530,-0.07,0.03,-2.65,-64,0,98,13,0,5,50,-56,100,14,"AIR",53.759872 -1.543885,51.8,221.50,25,12,11.0,5.7,1029,40,1.4,3,-1,478,95,12,-1024,-93,-1024,1024,1,1,-1,-1,-1,1,-1,-1,-1,0x0000000000000000,1542,1500,1739,1501,2012,1458,2012,988,1500,1500,1500,1500,1500,1500,1500,1500,1500,1500,1500,1500,1500,1500,1500,1500,1500,1500,1500,1500,1500,1500,1500,1500,8.0
2026-05-04,13:45:36.030,-0.07,0.03,-2.65,-66,0,100,14,0,5,50,-62,100,15,"AIR",53.759872 -1.543885,51.8,221.50,25,12,11.0,5.7,1029,40,1.4,2,1,573,398,12,-1024,-93,-1024,1024,1,1,-1,-1,-1,1,-1,-1,-1,0x0000000000000000,1682,1500,1786,1500,2012,1318,2012,988,1500,1500,1500,1500,1500,1500,1500,1500,1500,1500,1500,1500,1500,1500,1500,1500,1500,1500,1500,1500,1500,1500,1500,1500,8.0
2026-05-04,13:45:36.530,-0.07,0.03,-2.65,-66,0,100,13,0,5,50,-69,100,13,"AIR",53.759872 -1.543885,51.8,221.50,25,12,11.0,5.7,1029,40,-0.7,3,-58,592,362,12,-1024,-93,-1024,1024,1,1,-1,-1,-1,1,-1,-1,-1,0x0000000000000000,1665,1474,1796,1501,2012,1335,2012,988,1500,1500,1500,1500,1500,1500,1500,1500,1500,1500,1500,1500,1500,1500,1500,1500,1500,1500,1500,1500,1500,1500,1500,1500,8.0
2026-05-04,13:45:37.030,-0.07,0.03,-2.65,-69,0,100,13,0,5,50,-70,100,14,"AIR",53.759872 -1.543885,51.8,221.50,25,12,11.0,5.7,1029,40,-0.7,15,-142,595,418,12,-1024,-93,-1024,1024,1,1,-1,-1,-1,1,-1,-1,-1,0x0000000000000000,1691,1436,1797,1505,2012,1309,2012,988,1500,1500,1500,1500,1500,1500,1500,1500,1500,1500,1500,1500,1500,1500,1500,1500,1500,1500,1500,1500,1500,1500,1500,1500,8.0
2026-05-04,13:45:37.530,-0.07,0.03,-2.65,-78,0,98,13,0,5,50,-71,100,13,"AIR",53.759872 -1.543885,51.8,221.50,25,12,11.0,5.7,1029,40,-0.7,137,-621,559,108,12,-1024,-93,-1024,1024,1,1,-1,-1,-1,1,-1,-1,-1,0x0000000000000000,1548,1210,1779,1548,2012,1452,2012,988,1500,1500,1500,1500,1500,1500,1500,1500,1500,1500,1500,1500,1500,1500,1500,1500,1500,1500,1500,1500,1500,1500,1500,1500,8.0
2026-05-04,13:45:38.030,-0.07,0.03,-2.65,-78,0,99,12,0,5,50,-67,100,15,"AIR",53.759872 -1.543885,51.8,221.50,25,12,11.0,5.7,1029,40,-0.7,327,-429,531,381,12,-1024,-93,-1024,1024,1,1,-1,-1,-1,1,-1,-1,-1,0x0000000000000000,1674,1304,1765,1619,2012,1326,2012,988,1500,1500,1500,1500,1500,1500,1500,1500,1500,1500,1500,1500,1500,1500,1500,1500,1500,1500,1500,1500,1500,1500,1500,1500,8.0
2026-05-04,13:45:38.530,-0.07,0.03,-2.65,-75,0,99,13,0,5,50,-70,100,13,"AIR",53.759234 -1.544513,51.1,201.70,27,13,11.0,5.7,1029,40,-0.7,270,-650,505,-3,12,-1024,-93,-1024,1024,1,1,-1,-1,-1,1,-1,-1,-1,0x0000000000000000,1499,1195,1752,1597,2012,1501,2012,988,1500,1500,1500,1500,1500,1500,1500,1500,1500,1500,1500,1500,1500,1500,1500,1500,1500,1500,1500,1500,1500,1500,1500,1500,8.0
2026-05-04,13:45:39.030,-0.07,0.03,-2.65,-74,0,99,13,0,5,50,-66,100,14,"AIR",53.759234 -1.544513,51.1,201.70,27,13,11.0,5.7,1029,40,-0.7,3,-467,487,-33,12,-1024,-93,-1024,1024,1,1,-1,-1,-1,1,-1,-1,-1,0x0000000000000000,1485,1286,1743,1501,2012,1515,2012,988,1500,1500,1500,1500,1500,1500,1500,1500,1500,1500,1500,1500,1500,1500,1500,1500,1500,1500,1500,1500,1500,1500,1500,1500,8.0
2026-05-04,13:45:39.530,-0.07,0.03,-2.65,-69,0,98,14,0,5,50,-61,100,14,"AIR",53.759234 -1.544513,51.1,201.70,27,13,11.0,5.5,1038,41,-0.7,3,-416,484,1,12,-1024,-93,-1024,1024,1,1,-1,-1,-1,1,-1,-1,-1,0x0000000000000000,1500,1310,1742,1501,2012,1500,2012,988,1500,1500,1500,1500,1500,1500,1500,1500,1500,1500,1500,1500,1500,1500,1500,1500,1500,1500,1500,1500,1500,1500,1500,1500,8.0
2026-05-04,13:45:40.030,-0.07,0.03,-2.65,-68,0,99,14,0,5,50,-60,100,15,"AIR",53.759234 -1.544513,51.1,201.70,27,13,11.0,5.5,1038,41,-0.7,2,-379,484,15,12,-1024,-93,-1024,1024,1,1,-1,-1,-1,1,-1,-1,-1,0x0000000000000000,1506,1327,1742,1500,2012,1494,2012,988,1500,1500,1500,1500,1500,1500,1500,1500,1500,1500,1500,1500,1500,1500,1500,1500,1500,1500,1500,1500,1500,1500,1500,1500,8.0
2026-05-04,13:45:40.530,-0.09,1.10,-0.78,-66,0,99,14,0,5,50,-57,100,14,"AIR",53.759234 -1.544513,51.1,201.70,27,13,11.0,5.5,1038,41,-0.7,2,-409,484,5,12,-1024,-93,-1024,1024,1,1,-1,-1,-1,1,-1,-1,-1,0x0000000000000000,1502,1313,1742,1500,2012,1498,2012,988,1500,1500,1500,1500,1500,1500,1500,1500,1500,1500,1500,1500,1500,1500,1500,1500,1500,1500,1500,1500,1500,1500,1500,1500,8.0
2026-05-04,13:45:41.030,-0.09,1.10,-0.78,-67,0,99,14,0,5,50,-62,100,15,"AIR",53.759234 -1.544513,51.1,201.70,27,13,11.0,5.5,1038,41,-0.7,3,-265,485,25,12,-1024,-93,-1024,1024,1,1,-1,-1,-1,1,-1,-1,-1,0x0000000000000000,1511,1380,1742,1501,2012,1489,2012,988,1500,1500,1500,1500,1500,1500,1500,1500,1500,1500,1500,1500,1500,1500,1500,1500,1500,1500,1500,1500,1500,1500,1500,1500,8.0
2026-05-04,13:45:41.530,-0.09,1.10,-0.78,-63,0,100,14,0,5,50,-51,100,14,"AIR",53.759234 -1.544513,51.1,201.70,27,13,11.0,5.5,1038,41,-0.7,2,-156,484,146,12,-1024,-93,-1024,1024,1,1,-1,-1,-1,1,-1,-1,-1,0x0000000000000000,1565,1430,1742,1500,2012,1435,2012,988,1500,1500,1500,1500,1500,1500,1500,1500,1500,1500,1500,1500,1500,1500,1500,1500,1500,1500,1500,1500,1500,1500,1500,1500,8.0
2026-05-04,13:45:42.030,-0.09,1.10,-0.78,-57,0,100,14,0,5,50,-52,100,14,"AIR",53.759234 -1.544513,51.1,201.70,27,13,11.0,5.5,1038,41,-0.6,3,-106,484,119,12,-1024,-93,-1024,1024,1,1,-1,-1,-1,1,-1,-1,-1,0x0000000000000000,1548,1453,1742,1500,2012,1452,2012,988,1500,1500,1500,1500,1500,1500,1500,1500,1500,1500,1500,1500,1500,1500,1500,1500,1500,1500,1500,1500,1500,1500,1500,1500,8.0
2026-05-04,13:45:42.530,-0.09,1.10,-0.78,-62,0,100,13,0,5,50,-55,100,14,"AIR",53.759234 -1.544513,51.1,201.70,27,13,11.0,5.5,1038,41,-0.6,3,-1,485,1,12,-1024,-93,-1024,1024,1,1,-1,-1,-1,1,-1,-1,-1,0x0000000000000000,1500,1500,1742,1501,2012,1500,2012,988,1500,1500,1500,1500,1500,1500,1500,1500,1500,1500,1500,1500,1500,1500,1500,1500,1500,1500,1500,1500,1500,1500,1500,1500,8.0
2026-05-04,13:45:43.030,-0.09,1.10,-0.78,-60,0,99,14,0,5,50,-52,100,15,"AIR",53.759234 -1.544513,51.1,201.70,27,13,11.0,5.5,1038,41,-0.6,3,2,508,-1,13,-1024,-93,-1024,1024,1,1,-1,-1,-1,1,-1,-1,-1,0x0000000000000000,1500,1501,1754,1501,2012,1500,2012,988,1500,1500,1500,1500,1500,1500,1500,1500,1500,1500,1500,1500,1500,1500,1500,1500,1500,1500,1500,1500,1500,1500,1500,1500,8.0
2026-05-04,13:45:43.530,-0.09,1.10,-0.78,-69,0,100,13,0,5,50,-73,100,13,"AIR",53.759234 -1.544513,51.1,201.70,27,13,11.0,5.5,1038,41,-0.6,4,-1,797,-694,13,-1024,-93,-1024,1024,1,1,-1,-1,-1,1,-1,-1,-1,0x0000000000000000,1172,1500,1898,1501,2012,1828,2012,988,1500,1500,1500,1500,1500,1500,1500,1500,1500,1500,1500,1500,1500,1500,1500,1500,1500,1500,1500,1500,1500,1500,1500,1500,8.0
2026-05-04,13:45:44.030,-0.09,1.10,-0.78,-79,0,99,11,0,5,50,-67,100,14,"AIR",53.759366 -1.545053,53.1,33.30,19,13,11.0,5.5,1038,41,-0.6,1,2,725,0,12,-1024,-93,-1024,1024,1,1,-1,-1,-1,1,-1,-1,-1,0x0000000000000000,1500,1501,1862,1500,2012,1500,2012,988,1500,1500,1500,1500,1500,1500,1500,1500,1500,1500,1500,1500,1500,1500,1500,1500,1500,1500,1500,1500,1500,1500,1500,1500,8.0
2026-05-04,13:45:44.530,-0.09,1.10,-0.78,-82,0,98,11,0,5,50,-76,100,12,"AIR",53.759366 -1.545053,53.1,33.30,19,13,11.0,5.5,1038,41,-0.6,1,5,668,-2,12,-1024,-93,-1024,1024,1,1,-1,-1,-1,1,-1,-1,-1,0x0000000000000000,1499,1502,1834,1500,2012,1501,2012,988,1500,1500,1500,1500,1500,1500,1500,1500,1500,1500,1500,1500,1500,1500,1500,1500,1500,1500,1500,1500,1500,1500,1500,1500,8.0
2026-05-04,13:45:45.030,-0.09,1.10,-0.78,-70,0,100,13,0,5,50,-55,100,14,"AIR",53.759366 -1.545053,53.1,33.30,19,13,10.8,9.3,1046,36,-0.6,1,2,691,-1,13,-1024,-93,-1024,1024,1,1,-1,-1,-1,1,-1,-1,-1,0x0000000000000000,1500,1501,1845,1500,2012,1500,2012,988,1500,1500,1500,1500,1500,1500,1500,1500,1500,1500,1500,1500,1500,1500,1500,1500,1500,1500,1500,1500,1500,1500,1500,1500,8.0
2026-05-04,13:45:45.530,-0.09,1.10,-0.78,-61,0,100,14,0,5,50,-54,100,15,"AIR",53.759366 -1.545053,53.1,33.30,19,13,10.8,9.3,1046,36,-0.6,0,1,650,-169,12,-1024,-93,-1024,1024,1,1,-1,-1,-1,1,-1,-1,-1,0x0000000000000000,1424,1500,1825,1500,2012,1576,2012,988,1500,1500,1500,1500,1500,1500,1500,1500,1500,1500,1500,1500,1500,1500,1500,1500,1500,1500,1500,1500,1500,1500,1500,1500,8.0
2026-05-04,13:45:46.030,-0.12,0.32,1.02,-58,0,100,14,0,5,50,-49,100,14,"AIR",53.759366 -1.545053,53.1,33.30,19,13,10.8,9.3,1046,36,-0.6,0,3,665,-7,12,-1024,-93,-1024,1024,1,1,-1,-1,-1,1,-1,-1,-1,0x0000000000000000,1497,1501,1832,1500,2012,1503,2012,988,1500,1500,1500,1500,1500,1500,1500,1500,1500,1500,1500,1500,1500,1500,1500,1500,1500,1500,1500,1500,1500,1500,1500,1500,8.0
2026-05-04,13:45:46.530,-0.12,0.32,1.02,-57,0,100,14,0,5,50,-50,100,14,"AIR",53.759366 -1.545053,53.1,33.30,19,13,10.8,9.3,1046,36,-0.6,0,3,665,-4,12,-1024,-93,-1024,1024,1,1,-1,-1,-1,1,-1,-1,-1,0x0000000000000000,1498,1501,1832,1500,2012,1502,2012,988,1500,1500,1500,1500,1500,1500,1500,1500,1500,1500,1500,1500,1500,1500,1500,1500,1500,1500,1500,1500,1500,1500,1500,1500,8.0
2026-05-04,13:45:47.030,-0.12,0.32,1.02,-66,0,100,14,0,5,50,-55,100,14,"AIR",53.759366 -1.545053,53.1,33.30,19,13,10.8,9.3,1046,36,-0.6,0,3,674,-65,13,-1024,-93,-1024,1024,1,1,-1,-1,-1,1,-1,-1,-1,0x0000000000000000,1471,1501,1837,1500,2012,1529,2012,988,1500,1500,1500,1500,1500,1500,1500,1500,1500,1500,1500,1500,1500,1500,1500,1500,1500,1500,1500,1500,1500,1500,1500,1500,7.9
2026-05-04,13:45:47.530,-0.12,0.32,1.02,-62,0,100,14,0,5,50,-51,100,13,"AIR",53.759366 -1.545053,53.1,33.30,19,13,10.8,9.3,1046,36,0.9,1,30,649,-11,12,-1024,-93,-1024,1024,1,1,-1,-1,-1,1,-1,-1,-1,0x0000000000000000,1495,1513,1824,1500,2012,1505,2012,988,1500,1500,1500,1500,1500,1500,1500,1500,1500,1500,1500,1500,1500,1500,1500,1500,1500,1500,1500,1500,1500,1500,1500,1500,7.9
2026-05-04,13:45:48.030,-0.12,0.32,1.02,-59,0,99,14,0,5,50,-52,100,14,"AIR",53.759366 -1.545053,53.1,33.30,19,13,10.8,9.3,1046,36,0.9,0,5,579,-1,12,-1024,-93,-1024,1024,1,1,-1,-1,-1,1,-1,-1,-1,0x0000000000000000,1500,1502,1789,1500,2012,1500,2012,988,1500,1500,1500,1500,1500,1500,1500,1500,1500,1500,1500,1500,1500,1500,1500,1500,1500,1500,1500,1500,1500,1500,1500,1500,7.9
2026-05-04,13:45:48.530,-0.12,0.32,1.02,-63,0,98,14,0,5,50,-59,100,14,"AIR",53.759366 -1.545053,53.1,33.30,19,13,10.8,9.3,1046,36,0.9,0,7,573,-132,12,-1024,-93,-1024,1024,1,1,-1,-1,-1,1,-1,-1,-1,0x0000000000000000,1441,1503,1786,1500,2012,1559,2012,988,1500,1500,1500,1500,1500,1500,1500,1500,1500,1500,1500,1500,1500,1500,1500,1500,1500,1500,1500,1500,1500,1500,1500,1500,7.9
2026-05-04,13:45:49.030,-0.12,0.32,1.02,-69,0,100,14,0,5,50,-65,100,13,"AIR",53.759366 -1.545053,53.1,33.30,19,13,10.8,9.3,1046,36,0.9,-1,6,579,-386,13,-1024,-93,-1024,1024,1,1,-1,-1,-1,1,-1,-1,-1,0x0000000000000000,1324,1502,1789,1500,2012,1676,2012,988,1500,1500,1500,1500,1500,1500,1500,1500,1500,1500,1500,1500,1500,1500,1500,1500,1500,1500,1500,1500,1500,1500,1500,1500,7.9
2026-05-04,13:45:49.530,-0.12,0.32,1.02,-73,0,98,14,0,5,50,-70,100,14,"AIR",53.759721 -1.544017,50.8,60.40,20,12,10.8,9.3,1046,36,0.9,-312,2,563,-678,13,-1024,-93,-1024,1024,1,1,-1,-1,-1,1,-1,-1,-1,0x0000000000000000,1181,1501,1781,1387,2012,1819,2012,988,1500,1500,1500,1500,1500,1500,1500,1500,1500,1500,1500,1500,1500,1500,1500,1500,1500,1500,1500,1500,1500,1500,1500,1500,7.9
2026-05-04,13:45:50.030,-0.12,0.32,1.02,-81,0,98,12,0,5,50,-77,100,13,"AIR",53.759721 -1.544017,50.8,60.40,20,12,10.8,9.3,1046,36,0.9,-510,-23,552,-484,12,-1024,-93,-1024,1024,1,1,-1,-1,-1,1,-1,-1,-1,0x0000000000000000,1271,1497,1771,1296,2012,1729,2012,988,1500,1500,1500,1500,1500,1500,1500,1500,1500,1500,1500,1500,1500,1500,1500,1500,1500,1500,1500,1500,1500,1500,1500,1500,7.9
2026-05-04,13:45:50.530,-0.12,0.32,1.02,-87,0,98,10,0,5,50,-74,100,13,"AIR",53.759721 -1.544017,50.8,60.40,20,12,10.9,6.7,1058,39,0.9,-355,-193,487,-7,12,-1024,-93,-1024,1024,1,1,-1,-1,-1,1,-1,-1,-1,0x0000000000000000,1497,1413,1743,1370,2012,1503,2012,988,1500,1500,1500,1500,1500,1500,1500,1500,1500,1500,1500,1500,1500,1500,1500,1500,1500,1500,1500,1500,1500,1500,1500,1500,7.9
2026-05-04,13:45:51.030,-0.12,0.32,1.02,-83,0,98,11,0,5,50,-72,100,14,"AIR",53.759721 -1.544017,50.8,60.40,20,12,10.9,6.7,1058,39,0.9,2,-233,395,0,12,-1024,-93,-1024,1024,1,1,-1,-1,-1,1,-1,-1,-1,0x0000000000000000,1500,1395,1697,1500,2012,1500,2012,988,1500,1500,1500,1500,1500,1500,1500,1500,1500,1500,1500,1500,1500,1500,1500,1500,1500,1500,1500,1500,1500,1500,1500,1500,7.9
2026-05-04,13:45:51.530,0.18,-0.73,0.46,-82,0,99,11,0,5,50,-72,100,14,"AIR",53.759721 -1.544017,50.8,60.40,20,12,10.9,6.7,1058,39,0.9,-287,-50,379,-156,13,-1024,-93,-1024,1024,1,1,-1,-1,-1,1,-1,-1,-1,0x0000000000000000,1430,1478,1689,1397,2012,1570,2012,988,1500,1500,1500,1500,1500,1500,1500,1500,1500,1500,1500,1500,1500,1500,1500,1500,1500,1500,1500,1500,1500,1500,1500,1500,7.9
2026-05-04,13:45:52.030,0.18,-0.73,0.46,-78,0,98,12,0,5,50,-78,100,12,"AIR",53.759721 -1.544017,50.8,60.40,20,12,10.9,6.7,1058,39,0.9,-406,-495,409,-4,12,-1024,-93,-1024,1024,1,1,-1,-1,-1,1,-1,-1,-1,0x0000000000000000,1498,1272,1704,1349,2012,1502,2012,988,1500,1500,1500,1500,1500,1500,1500,1500,1500,1500,1500,1500,1500,1500,1500,1500,1500,1500,1500,1500,1500,1500,1500,1500,7.9
2026-05-04,13:45:52.530,0.18,-0.73,0.46,-83,0,97,11,0,5,50,-72,100,13,"AIR",53.759721 -1.544017,50.8,60.40,20,12,10.9,6.7,1058,39,0.9,-444,-352,442,-342,13,-1024,-93,-1024,1024,1,1,-1,-1,-1,1,-1,-1,-1,0x0000000000000000,1345,1340,1721,1332,2012,1655,2012,988,1500,1500,1500,1500,1500,1500,1500,1500,1500,1500,1500,1500,1500,1500,1500,1500,1500,1500,1500,1500,1500,1500,1500,1500,7.9
2026-05-04,13:45:53.030,0.18,-0.73,0.46,-84,0,95,10,0,5,50,-85,100,9,"AIR",53.759721 -1.544017,50.8,60.40,20,12,10.9,6.7,1058,39,-7.2,-229,-600,426,-7,13,-1024,-93,-1024,1024,1,1,-1,-1,-1,1,-1,-1,-1,0x0000000000000000,1497,1220,1713,1418,2012,1503,2012,988,1500,1500,1500,1500,1500,1500,1500,1500,1500,1500,1500,1500,1500,1500,1500,1500,1500,1500,1500,1500,1500,1500,1500,1500,7.9
2026-05-04,13:45:53.530,0.18,-0.73,0.46,-77,0,97,12,0,5,50,-72,100,14,"AIR",53.759721 -1.544017,50.8,60.40,20,12,10.9,6.7,1058,39,-7.2,-187,-403,451,-63,13,-1024,-93,-1024,1024,1,1,-1,-1,-1,1,-1,-1,-1,0x0000000000000000,1472,1316,1725,1434,2012,1528,2012,988,1500,1500,1500,1500,1500,1500,1500,1500,1500,1500,1500,1500,1500,1500,1500,1500,1500,1500,1500,1500,1500,1500,1500,1500,7.9
2026-05-04,13:45:54.030,0.18,-0.73,0.46,-75,0,98,13,0,5,50,-72,100,15,"AIR",53.759721 -1.544017,50.8,60.40,20,12,10.9,6.7,1058,39,-7.2,-1,-109,784,-44,12,-1024,-93,-1024,1024,1,1,-1,-1,-1,1,-1,-1,-1,0x0000000000000000,1480,1451,1892,1500,2012,1520,2012,988,1500,1500,1500,1500,1500,1500,1500,1500,1500,1500,1500,1500,1500,1500,1500,1500,1500,1500,1500,1500,1500,1500,1500,1500,7.9
2026-05-04,13:45:54.530,0.18,-0.73,0.46,-73,0,100,13,0,5,50,-68,100,13,"AIR",53.759721 -1.544017,50.8,60.40,20,12,10.9,6.7,1058,39,-7.2,1,-90,1024,-702,13,-1024,-93,-1024,1024,1,1,-1,-1,-1,1,-1,-1,-1,0x0000000000000000,1168,1460,2012,1500,2012,1832,2012,988,1500,1500,1500,1500,1500,1500,1500,1500,1500,1500,1500,1500,1500,1500,1500,1500,1500,1500,1500,1500,1500,1500,1500,1500,7.9
2026-05-04,13:45:55.030,0.18,-0.73,0.46,-77,0,97,13,0,5,50,-63,100,14,"AIR",53.760235 -1.543613,61.9,304.40,12,12,10.9,6.7,1058,39,-7.2,1,0,1024,-408,13,-1024,-93,-1024,1024,1,1,-1,-1,-1,1,-1,-1,-1,0x0000000000000000,1314,1500,2012,1500,2012,1686,2012,988,1500,1500,1500,1500,1500,1500,1500,1500,1500,1500,1500,1500,1500,1500,1500,1500,1500,1500,1500,1500,1500,1500,1500,1500,8.0
2026-05-04,13:45:55.530,0.18,-0.73,0.46,-64,0,97,14,0,5,50,-51,100,13,"AIR",53.760235 -1.543613,61.9,304.40,12,12,10.9,6.7,1058,39,-7.2,-166,-463,1006,-6,12,-1024,-93,-1024,1024,1,1,-1,-1,-1,1,-1,-1,-1,0x0000000000000000,1498,1288,2003,1442,2012,1502,2012,988,1500,1500,1500,1500,1500,1500,1500,1500,1500,1500,1500,1500,1500,1500,1500,1500,1500,1500,1500,1500,1500,1500,1500,1500,8.0
2026-05-04,13:45:56.030,0.18,-0.73,0.46,-58,0,99,14,0,5,50,-50,100,13,"AIR",53.760235 -1.543613,61.9,304.40,12,12,10.7,11.5,1067,32,-7.2,-167,-421,1007,-109,13,-1024,-93,-1024,1024,1,1,-1,-1,-1,1,-1,-1,-1,0x0000000000000000,1451,1307,2003,1437,2012,1543,2012,988,1500,1500,1500,1500,1500,1500,1500,1500,1500,1500,1500,1500,1500,1500,1500,1500,1500,1500,1500,1500,1500,1500,1500,1500,8.0
2026-05-04,13:45:56.530,0.18,-0.73,0.46,-60,0,98,14,0,5,50,-65,100,13,"AIR",53.760235 -1.543613,61.9,304.40,12,12,10.7,11.5,1067,32,-7.2,-224,-535,1008,-103,13,-1024,-93,-1024,1024,1,1,-1,-1,-1,1,-1,-1,-1,0x0000000000000000,1454,1253,2004,1420,2012,1546,2012,988,1500,1500,1500,1500,1500,1500,1500,1500,1500,1500,1500,1500,1500,1500,1500,1500,1500,1500,1500,1500,1500,1500,1500,1500,8.0
2026-05-04,13:45:57.030,0.07,-0.86,-2.77,-65,0,99,14,0,5,50,-53,100,15,"AIR",53.760235 -1.543613,61.9,304.40,12,12,10.7,11.5,1067,32,-7.2,-338,-323,999,-153,13,-1024,-93,-1024,1024,1,1,-1,-1,-1,1,-1,-1,-1,0x0000000000000000,1431,1354,1999,1377,2012,1569,2012,988,1500,1500,1500,1500,1500,1500,1500,1500,1500,1500,1500,1500,1500,1500,1500,1500,1500,1500,1500,1500,1500,1500,1500,1500,8.0
2026-05-04,13:45:57.530,0.07,-0.86,-2.77,-65,0,100,14,0,5,50,-62,100,15,"AIR",53.760235 -1.543613,61.9,304.40,12,12,10.7,11.5,1067,32,-7.2,-325,-387,997,-2,12,-1024,-93,-1024,1024,1,1,-1,-1,-1,1,-1,-1,-1,0x0000000000000000,1499,1324,1998,1382,2012,1501,2012,988,1500,1500,1500,1500,1500,1500,1500,1500,1500,1500,1500,1500,1500,1500,1500,1500,1500,1500,1500,1500,1500,1500,1500,1500,8.0
2026-05-04,13:45:58.030,0.07,-0.86,-2.77,-68,0,100,14,0,5,50,-71,100,12,"AIR",53.760235 -1.543613,61.9,304.40,12,12,10.7,11.5,1067,32,-7.2,-200,-287,1012,278,12,-1024,-93,-1024,1024,1,1,-1,-1,-1,1,-1,-1,-1,0x0000000000000000,1625,1370,2006,1429,2012,1375,2012,988,1500,1500,1500,1500,1500,1500,1500,1500,1500,1500,1500,1500,1500,1500,1500,1500,1500,1500,1500,1500,1500,1500,1500,1500,8.0
2026-05-04,13:45:58.530,0.07,-0.86,-2.77,-62,0,100,14,0,5,50,-50,100,14,"AIR",53.760235 -1.543613,61.9,304.40,12,12,10.7,11.5,1067,32,-7.2,-88,-497,1023,159,12,-1024,-93,-1024,1024,1,1,-1,-1,-1,1,-1,-1,-1,0x0000000000000000,1571,1271,2011,1469,2012,1429,2012,988,1500,1500,1500,1500,1500,1500,1500,1500,1500,1500,1500,1500,1500,1500,1500,1500,1500,1500,1500,1500,1500,1500,1500,1500,8.0
2026-05-04,13:45:59.030,0.07,-0.86,-2.77,-63,0,100,14,0,5,50,-55,100,13,"AIR",53.760235 -1.543613,61.9,304.40,12,12,10.7,11.5,1067,32,-2.1,-1,-150,1024,122,12,-1024,-93,-1024,1024,1,1,-1,-1,-1,1,-1,-1,-1,0x0000000000000000,1555,1433,2012,1500,2012,1445,2012,988,1500,1500,1500,1500,1500,1500,1500,1500,1500,1500,1500,1500,1500,1500,1500,1500,1500,1500,1500,1500,1500,1500,1500,1500,8.0
2026-05-04,13:45:59.530,0.07,-0.86,-2.77,-65,0,100,13,0,5,50,-62,100,15,"AIR",53.760235 -1.543613,61.9,304.40,12,12,10.7,11.5,1067,32,-2.1,0,5,1024,-4,12,-1024,-93,-1024,1024,1,1,-1,-1,-1,1,-1,-1,-1,0x0000000000000000,1498,1502,2012,1500,2012,1502,2012,988,1500,1500,1500,1500,1500,1500,1500,1500,1500,1500,1500,1500,1500,1500,1500,1500,1500,1500,1500,1500,1500,1500,1500,1500,8.0
2026-05-04,13:46:00.030,0.07,-0.86,-2.77,-77,0,100,13,0,5,50,-63,100,14,"AIR",53.760235 -1.543613,61.9,304.40,12,12,10.7,11.5,1067,32,-2.1,-19,2,945,0,12,-1024,-93,-1024,1024,1,1,-1,-1,-1,1,-1,-1,-1,0x0000000000000000,1500,1501,1972,1494,2012,1500,2012,988,1500,1500,1500,1500,1500,1500,1500,1500,1500,1500,1500,1500,1500,1500,1500,1500,1500,1500,1500,1500,1500,1500,1500,1500,8.0
2026-05-04,13:46:00.530,0.07,-0.86,-2.77,-70,0,99,13,0,5,50,-67,100,15,"AIR",53.759742 -1.543909,66.9,103.10,2,12,10.7,11.5,1067,32,-2.1,0,2,912,-1,12,-1024,-93,-1024,1024,1,1,-1,-1,-1,1,-1,-1,-1,0x0000000000000000,1500,1501,1956,1500,2012,1500,2012,988,1500,1500,1500,1500,1500,1500,1500,1500,1500,1500,1500,1500,1500,1500,1500,1500,1500,1500,1500,1500,1500,1500,1500,1500,8.0
2026-05-04,13:46:01.030,0.07,-0.86,-2.77,-74,0,99,14,0,5,50,-68,100,15,"AIR",53.759742 -1.543909,66.9,103.10,2,12,10.7,11.5,1067,32,-2.1,-14,2,922,-1,12,-1024,-93,-1024,1024,1,1,-1,-1,-1,1,-1,-1,-1,0x0000000000000000,1500,1501,1961,1495,2012,1500,2012,988,1500,1500,1500,1500,1500,1500,1500,1500,1500,1500,1500,1500,1500,1500,1500,1500,1500,1500,1500,1500,1500,1500,1500,1500,8.0
2026-05-04,13:46:01.530,0.07,-0.86,-2.77,-81,0,97,13,0,5,50,-89,100,7,"AIR",53.759742 -1.543909,66.9,103.10,2,12,10.7,11.5,1067,32,-2.1,-145,-1,782,-691,13,-1024,-93,-1024,1024,1,1,-1,-1,-1,1,-1,-1,-1,0x0000000000000000,1174,1500,1891,1449,2012,1826,2012,988,1500,1500,1500,1500,1500,1500,1500,1500,1500,1500,1500,1500,1500,1500,1500,1500,1500,1500,1500,1500,1500,1500,1500,1500,8.0
2026-05-04,13:46:02.030,0.07,-0.86,-2.77,-86,0,97,10,0,5,50,-85,100,9,"AIR",53.759742 -1.543909,66.9,103.10,2,12,10.7,10.5,1084,31,-2.1,-393,-32,635,-605,13,-1024,-93,-1024,1024,1,1,-1,-1,-1,1,-1,-1,-1,0x0000000000000000,1218,1486,1811,1354,2012,1793,2012,988,1500,1500,1500,1500,1500,1500,1500,1500,1500,1500,1500,1500,1500,1500,1500,1500,1500,1500,1500,1500,1500,1500,1500,1500,8.0
2026-05-04,13:46:02.530,-0.21,-0.18,1.46,-90,0,97,9,0,5,50,-81,100,11,"AIR",53.759742 -1.543909,66.9,103.10,2,12,10.7,10.5,1084,31,-2.1,-335,-453,35,-91,12,-1024,-93,-1024,1024,1,1,-1,-1,-1,1,-1,-1,-1,0x0000000000000000,1459,1292,1517,1378,2012,1541,2012,988,1500,1500,1500,1500,1500,1500,1500,1500,1500,1500,1500,1500,1500,1500,1500,1500,1500,1500,1500,1500,1500,1500,1500,1500,8.0
2026-05-04,13:46:03.030,-0.21,-0.18,1.46,-93,0,95,7,0,5,50,-85,100,9,"AIR",53.759742 -1.543909,66.9,103.10,2,12,10.7,10.5,1084,31,-2.1,2,-973,-164,237,12,-1024,-93,-1024,1024,1,1,-1,-1,-1,1,-1,-1,-1,0x0000000000000000,1607,1019,1418,1500,2012,1393,2012,988,1500,1500,1500,1500,1500,1500,1500,1500,1500,1500,1500,1500,1500,1500,1500,1500,1500,1500,1500,1500,1500,1500,1500,1500,7.9
2026-05-04,13:46:03.530,-0.21,-0.18,1.46,-93,0,93,5,0,5,50,-84,100,4,"AIR",53.759742 -1.543909,66.9,103.10,2,12,10.7,10.5,1084,31,-2.1,2,-489,-163,1,12,-1024,-93,-1024,1024,1,1,-1,-1,-1,1,-1,-1,-1,0x0000000000000000,1500,1275,1419,1500,2012,1500,2012,988,1500,1500,1500,1500,1500,1500,1500,1500,1500,1500,1500,1500,1500,1500,1500,1500,1500,1500,1500,1500,1500,1500,1500,1500,7.9
2026-05-04,13:46:04.030,-0.21,-0.18,1.46,-92,0,95,7,0,5,50,-84,100,10,"AIR",53.759742 -1.543909,66.9,103.10,2,12,10.7,10.5,1084,31,-2.1,0,-562,21,-63,13,-1024,-93,-1024,1024,1,1,-1,-1,-1,1,-1,-1,-1,0x0000000000000000,1472,1239,1510,1500,2012,1519,2012,988,1500,1500,1500,1500,1500,1500,1500,1500,1500,1500,1500,1500,1500,1500,1500,1500,1500,1500,1500,1500,1500,1500,1500,1500,7.9
2026-05-04,13:46:04.530,-0.21,-0.18,1.46,-88,0,99,10,0,5,50,-80,100,11,"AIR",53.759742 -1.543909,66.9,103.10,2,12,10.7,10.5,1084,31,-3.6,-303,-511,-105,-73,12,-1024,-93,-1024,1024,1,1,-1,-1,-1,1,-1,-1,-1,0x0000000000000000,1467,1264,1448,1390,2012,1533,2012,988,1500,1500,1500,1500,1500,1500,1500,1500,1500,1500,1500,1500,1500,1500,1500,1500,1500,1500,1500,1500,1500,1500,1500,1500,7.9
2026-05-04,13:46:05.030,-0.21,-0.18,1.46,-84,0,99,11,0,5,50,-68,100,14,"AIR",53.759742 -1.543909,66.9,103.10,2,12,10.7,10.5,1084,31,-3.6,-1,-1,-99,-3,12,-1024,-93,-1024,1024,1,1,-1,-1,-1,1,-1,-1,-1,0x0000000000000000,1499,1500,1451,1500,2012,1501,2012,988,1500,1500,1500,1500,1500,1500,1500,1500,1500,1500,1500,1500,1500,1500,1500,1500,1500,1500,1500,1500,1500,1500,1500,1500,7.9
2026-05-04,13:46:05.530,-0.21,-0.18,1.46,-77,0,100,13,0,5,50,-71,100,13,"AIR",53.759742 -1.543909,66.9,103.10,2,12,10.7,10.5,1084,31,-3.6,7,0,53,-158,13,-1024,-93,-1024,1024,1,1,-1,-1,-1,1,-1,-1,-1,0x0000000000000000,1429,1500,1526,1502,2012,1571,2012,988,1500,1500,1500,1500,1500,1500,1500,1500,1500,1500,1500,1500,1500,1500,1500,1500,1500,1500,1500,1500,1500,1500,1500,1500,7.9
2026-05-04,13:46:06.030,-0.21,-0.18,1.46,-75,0,100,13,0,5,50,-78,100,13,"AIR",53.760097 -1.542783,54.8,-325.46,11,14,10.7,10.5,1084,31,-3.6,4,4,875,-577,13,-1024,-93,-1024,1024,1,1,-1,-1,-1,1,-1,-1,-1,0x0000000000000000,1232,1502,1937,1501,2012,1754,2012,988,1500,1500,1500,1500,1500,1500,1500,1500,1500,1500,1500,1500,1500,1500,1500,1500,1500,1500,1500,1500,1500,1500,1500,1500,7.9
2026-05-04,13:46:06.530,-0.21,-0.18,1.46,-77,0,100,13,0,5,50,-78,100,12,"AIR",53.760097 -1.542783,54.8,-325.46,11,14,10.7,10.5,1084,31,-3.6,2,1,1024,182,12,-1024,-93,-1024,1024,1,1,-1,-1,-1,1,-1,-1,-1,0x0000000000000000,1582,1500,2012,1500,2012,1418,2012,988,1500,1500,1500,1500,1500,1500,1500,1500,1500,1500,1500,1500,1500,1500,1500,1500,1500,1500,1500,1500,1500,1500,1500,1500,7.9
2026-05-04,13:46:07.030,-0.21,-0.18,1.46,-80,0,100,12,0,5,50,-82,100,9,"AIR",53.760097 -1.542783,54.8,-325.46,11,14,10.7,10.5,1084,31,-3.6,2,369,1024,61,12,-1024,-93,-1024,1024,1,1,-1,-1,-1,1,-1,-1,-1,0x0000000000000000,1527,1668,2012,1500,2012,1473,2012,988,1500,1500,1500,1500,1500,1500,1500,1500,1500,1500,1500,1500,1500,1500,1500,1500,1500,1500,1500,1500,1500,1500,1500,1500,7.9
2026-05-04,13:46:07.530,-0.21,-0.18,1.46,-75,0,100,13,0,5,50,-61,100,13,"AIR",53.760097 -1.542783,54.8,-325.46,11,14,11.0,5.0,1093,41,-3.6,2,632,1024,-5,12,-1024,-93,-1024,1024,1,1,-1,-1,-1,1,-1,-1,-1,0x0000000000000000,1498,1796,2012,1500,2012,1502,2012,988,1500,1500,1500,1500,1500,1500,1500,1500,1500,1500,1500,1500,1500,1500,1500,1500,1500,1500,1500,1500,1500,1500,1500,1500,7.9
2026-05-04,13:46:08.030,-0.14,-0.64,-1.85,-70,0,100,14,0,5,50,-62,100,14,"AIR",53.760097 -1.542783,54.8,-325.46,11,14,11.0,5.0,1093,41,-3.6,2,420,1024,-424,13,-1024,-93,-1024,1024,1,1,-1,-1,-1,1,-1,-1,-1,0x0000000000000000,1306,1692,2012,1500,2012,1694,2012,988,1500,1500,1500,1500,1500,1500,1500,1500,1500,1500,1500,1500,1500,1500,1500,1500,1500,1500,1500,1500,1500,1500,1500,1500,7.9
2026-05-04,13:46:08.530,-0.14,-0.64,-1.85,-73,0,98,13,0,5,50,-58,100,13,"AIR",53.760097 -1.542783,54.8,-325.46,11,14,11.0,5.0,1093,41,-3.6,2,1,1024,-294,13,-1024,-93,-1024,1024,1,1,-1,-1,-1,1,-1,-1,-1,0x0000000000000000,1367,1500,2012,1500,2012,1633,2012,988,1500,1500,1500,1500,1500,1500,1500,1500,1500,1500,1500,1500,1500,1500,1500,1500,1500,1500,1500,1500,1500,1500,1500,1500,7.9
2026-05-04,13:46:09.030,-0.14,-0.64,-1.85,-67,0,98,13,0,5,50,-65,100,13,"AIR",53.760097 -1.542783,54.8,-325.46,11,14,11.0,5.0,1093,41,-3.6,1,-456,1024,69,12,-1024,-93,-1024,1024,1,1,-1,-1,-1,1,-1,-1,-1,0x0000000000000000,1531,1291,2012,1500,2012,1469,2012,988,1500,1500,1500,1500,1500,1500,1500,1500,1500,1500,1500,1500,1500,1500,1500,1500,1500,1500,1500,1500,1500,1500,1500,1500,7.9
2026-05-04,13:46:09.530,-0.14,-0.64,-1.85,-65,0,100,13,0,5,50,-69,100,15,"AIR",53.760097 -1.542783,54.8,-325.46,11,14,11.0,5.0,1093,41,-3.6,2,-369,1024,537,12,-1024,-93,-1024,1024,1,1,-1,-1,-1,1,-1,-1,-1,0x0000000000000000,1748,1332,2012,1500,2012,1252,2012,988,1500,1500,1500,1500,1500,1500,1500,1500,1500,1500,1500,1500,1500,1500,1500,1500,1500,1500,1500,1500,1500,1500,1500,1500,7.9
2026-05-04,13:46:10.030,-0.14,-0.64,-1.85,-61,0,99,14,0,5,50,-51,100,14,"AIR",53.760097 -1.542783,54.8,-325.46,11,14,11.0,5.0,1093,41,-6.0,2,-250,1024,5,12,-1024,-93,-1024,1024,1,1,-1,-1,-1,1,-1,-1,-1,0x0000000000000000,1502,1387,2012,1500,2012,1498,2012,988,1500,1500,1500,1500,1500,1500,1500,1500,1500,1500,1500,1500,1500,1500,1500,1500,1500,1500,1500,1500,1500,1500,1500,1500,7.9
2026-05-04,13:46:10.530,-0.14,-0.64,-1.85,-57,0,100,14,0,5,50,-46,100,15,"AIR",53.760097 -1.542783,54.8,-325.46,11,14,11.0,5.0,1093,41,-6.0,0,-130,1006,-429,12,-1024,-93,-1024,1024,1,1,-1,-1,-1,1,-1,-1,-1,0x0000000000000000,1304,1442,2003,1500,2012,1696,2012,988,1500,1500,1500,1500,1500,1500,1500,1500,1500,1500,1500,1500,1500,1500,1500,1500,1500,1500,1500,1500,1500,1500,1500,1500,7.9
2026-05-04,13:46:11.030,-0.14,-0.64,-1.85,-61,0,100,14,0,5,50,-63,100,15,"AIR",53.760097 -1.542783,54.8,-325.46,11,14,11.0,5.0,1093,41,-6.0,-318,-166,863,-454,13,-1024,-93,-1024,1024,1,1,-1,-1,-1,1,-1,-1,-1,0x0000000000000000,1292,1425,1931,1384,2012,1708,2012,988,1500,1500,1500,1500,1500,1500,1500,1500,1500,1500,1500,1500,1500,1500,1500,1500,1500,1500,1500,1500,1500,1500,1500,1500,8.0
2026-05-04,13:46:11.530,-0.14,-0.64,-1.85,-67,0,99,14,0,5,50,-54,100,14,"AIR",53.759978 -1.544005,77.1,241.80,1,13,11.0,5.0,1093,41,-6.0,-238,-258,1024,571,12,-1024,-93,-1024,1024,1,1,-1,-1,-1,1,-1,-1,-1,0x0000000000000000,1765,1384,2012,1415,2012,1235,2012,988,1500,1500,1500,1500,1500,1500,1500,1500,1500,1500,1500,1500,1500,1500,1500,1500,1500,1500,1500,1500,1500,1500,1500,1500,8.0
2026-05-04,13:46:12.030,-0.14,-0.64,-1.85,-62,0,99,14,0,5,50,-58,100,14,"AIR",53.759978 -1.544005,77.1,241.80,1,13,11.0,5.0,1093,41,-6.0,-194,-467,1024,294,12,-1024,-93,-1024,1024,1,1,-1,-1,-1,1,-1,-1,-1,0x0000000000000000,1633,1286,2012,1432,2012,1377,2012,988,1500,1500,1500,1500,1500,1500,1500,1500,1500,1500,1500,1500,1500,1500,1500,1500,1500,1500,1500,1500,1500,1500,1500,1500,8.0
2026-05-04,13:46:12.530,-0.14,-0.64,-1.85,-66,0,100,14,0,5,50,-63,100,14,"AIR",53.759978 -1.544005,77.1,241.80,1,13,11.0,5.0,1093,41,-6.0,-267,-415,941,259,12,-1024,-93,-1024,1024,1,1,-1,-1,-1,1,-1,-1,-1,0x0000000000000000,1617,1310,1970,1404,2012,1383,2012,988,1500,1500,1500,1500,1500,1500,1500,1500,1500,1500,1500,1500,1500,1500,1500,1500,1500,1500,1500,1500,1500,1500,1500,1500,8.0
2026-05-04,13:46:13.030,-0.14,-0.64,-1.85,-69,0,99,13,0,5,50,-55,100,14,"AIR",53.759978 -1.544005,77.1,241.80,1,13,10.7,11.0,1109,30,-6.0,-10,-266,752,-188,12,-1024,-93,-1024,1024,1,1,-1,-1,-1,1,-1,-1,-1,0x0000000000000000,1415,1380,1876,1497,2012,1585,2012,988,1500,1500,1500,1500,1500,1500,1500,1500,1500,1500,1500,1500,1500,1500,1500,1500,1500,1500,1500,1500,1500,1500,1500,1500,8.0
2026-05-04,13:46:13.530,-0.32,-0.54,-2.47,-66,0,99,14,0,5,50,-59,100,13,"AIR",53.759978 -1.544005,77.1,241.80,1,13,10.7,11.0,1109,30,-6.0,2,-209,804,306,12,-1024,-93,-1024,1024,1,1,-1,-1,-1,1,-1,-1,-1,0x0000000000000000,1639,1406,1902,1500,2012,1361,2012,988,1500,1500,1500,1500,1500,1500,1500,1500,1500,1500,1500,1500,1500,1500,1500,1500,1500,1500,1500,1500,1500,1500,1500,1500,8.0
2026-05-04,13:46:14.030,-0.32,-0.54,-2.47,-70,0,99,13,0,5,50,-57,100,13,"AIR",53.759978 -1.544005,77.1,241.80,1,13,10.7,11.0,1109,30,-6.0,3,-50,736,374,12,-1024,-93,-1024,1024,1,1,-1,-1,-1,1,-1,-1,-1,0x0000000000000000,1670,1478,1868,1501,2012,1323,2012,988,1500,1500,1500,1500,1500,1500,1500,1500,1500,1500,1500,1500,1500,1500,1500,1500,1500,1500,1500,1500,1500,1500,1500,1500,8.0
2026-05-04,13:46:14.530,-0.32,-0.54,-2.47,-69,0,99,14,0,5,50,-54,100,15,"AIR",53.759978 -1.544005,77.1,241.80,1,13,10.7,11.0,1109,30,-6.0,3,-46,499,720,12,-1024,-93,-1024,1024,1,1,-1,-1,-1,1,-1,-1,-1,0x0000000000000000,1841,1480,1749,1501,2012,1159,2012,988,1500,1500,1500,1500,1500,1500,1500,1500,1500,1500,1500,1500,1500,1500,1500,1500,1500,1500,1500,1500,1500,1500,1500,1500,8.0
2026-05-04,13:46:15.030,-0.32,-0.54,-2.47,-62,0,98,13,0,5,50,-56,100,14,"AIR",53.759978 -1.544005,77.1,241.80,1,13,10.7,11.0,1109,30,-6.0,4,-55,480,468,12,-1024,-93,-1024,1024,1,1,-1,-1,-1,1,-1,-1,-1,0x0000000000000000,1715,1476,1740,1501,2012,1285,2012,988,1500,1500,1500,1500,1500,1500,1500,1500,1500,1500,1500,1500,1500,1500,1500,1500,1500,1500,1500,1500,1500,1500,1500,1500,8.0
2026-05-04,13:46:15.530,-0.32,-0.54,-2.47,-65,0,99,14,0,5,50,-54,100,14,"AIR",53.759978 -1.544005,77.1,241.80,1,13,10.7,11.0,1109,30,3.3,5,-333,757,372,12,-1024,-93,-1024,1024,1,1,-1,-1,-1,1,-1,-1,-1,0x0000000000000000,1669,1349,1878,1501,2012,1331,2012,988,1500,1500,1500,1500,1500,1500,1500,1500,1500,1500,1500,1500,1500,1500,1500,1500,1500,1500,1500,1500,1500,1500,1500,1500,8.0
2026-05-04,13:46:16.030,-0.32,-0.54,-2.47,-65,0,100,13,0,5,50,-58,100,14,"AIR",53.759978 -1.544005,77.1,241.80,1,13,10.7,11.0,1109,30,3.3,162,-592,796,63,12,-1024,-93,-1024,1024,1,1,-1,-1,-1,1,-1,-1,-1,0x0000000000000000,1528,1224,1898,1557,2012,1472,2012,988,1500,1500,1500,1500,1500,1500,1500,1500,1500,1500,1500,1500,1500,1500,1500,1500,1500,1500,1500,1500,1500,1500,1500,1500,8.0
2026-05-04,13:46:16.530,-0.32,-0.54,-2.47,-68,0,100,13,0,5,50,-65,100,14,"AIR",53.759978 -1.544005,77.1,241.80,1,13,10.7,11.0,1109,30,3.3,311,-342,750,97,12,-1024,-93,-1024,1024,1,1,-1,-1,-1,1,-1,-1,-1,0x0000000000000000,1543,1345,1875,1613,2012,1457,2012,988,1500,1500,1500,1500,1500,1500,1500,1500,1500,1500,1500,1500,1500,1500,1500,1500,1500,1500,1500,1500,1500,1500,1500,1500,8.0
2026-05-04,13:46:17.030,-0.32,-0.54,-2.47,-77,0,99,12,0,5,50,-73,100,15,"AIR",53.759444 -1.544848,37.8,176.80,15,12,10.7,11.0,1109,30,3.3,414,-610,734,1,12,-1024,-93,-1024,1024,1,1,-1,-1,-1,1,-1,-1,-1,0x0000000000000000,1500,1215,1867,1655,2012,1500,2012,988,1500,1500,1500,1500,1500,1500,1500,1500,1500,1500,1500,1500,1500,1500,1500,1500,1500,1500,1500,1500,1500,1500,1500,1500,8.0
2026-05-04,13:46:17.530,-0.32,-0.54,-2.47,-78,0,98,13,0,5,50,-70,100,14,"AIR",53.759444 -1.544848,37.8,176.80,15,12,10.7,11.0,1109,30,3.3,413,-656,747,-39,12,-1024,-93,-1024,1024,1,1,-1,-1,-1,1,-1,-1,-1,0x0000000000000000,1483,1192,1873,1654,2012,1517,2012,988,1500,1500,1500,1500,1500,1500,1500,1500,1500,1500,1500,1500,1500,1500,1500,1500,1500,1500,1500,1500,1500,1500,1500,1500,8.0
2026-05-04,13:46:18.030,-0.32,-0.54,-2.47,-79,0,100,12,0,5,50,-70,100,15,"AIR",53.759444 -1.544848,37.8,176.80,15,12,10.7,11.0,1109,30,3.3,6,-728,640,-541,13,-1024,-93,-1024,1024,1,1,-1,-1,-1,1,-1,-1,-1,0x0000000000000000,1250,1155,1820,1502,2012,1760,2012,988,1500,1500,1500,1500,1500,1500,1500,1500,1500,1500,1500,1500,1500,1500,1500,1500,1500,1500,1500,1500,1500,1500,1500,1500,8.0
2026-05-04,13:46:18.530,-0.32,-0.54,-2.47,-75,0,98,13,0,5,50,-62,100,15,"AIR",53.759444 -1.544848,37.8,176.80,15,12,10.8,9.2,1123,33,3.3,60,-445,602,0,12,-1024,-93,-1024,1024,1,1,-1,-1,-1,1,-1,-1,-1,0x0000000000000000,1500,1296,1801,1521,2012,1500,2012,988,1500,1500,1500,1500,1500,1500,1500,1500,1500,1500,1500,1500,1500,1500,1500,1500,1500,1500,1500,1500,1500,1500,1500,1500,8.0
2026-05-04,13:46:19.030,0.26,1.16,-0.63,-72,0,100,14,0,5,50,-68,100,14,"AIR",53.759444 -1.544848,37.8,176.80,15,12,10.8,9.2,1123,33,3.3,81,-597,605,74,12,-1024,-93,-1024,1024,1,1,-1,-1,-1,1,-1,-1,-1,0x0000000000000000,1533,1222,1802,1528,2012,1467,2012,988,1500,1500,1500,1500,1500,1500,1500,1500,1500,1500,1500,1500,1500,1500,1500,1500,1500,1500,1500,1500,1500,1500,1500,1500,8.0
2026-05-04,13:46:19.530,0.26,1.16,-0.63,-77,0,100,12,0,5,50,-63,100,15,"AIR",53.759444 -1.544848,37.8,176.80,15,12,10.8,9.2,1123,33,3.3,9,-66,635,761,12,-1024,-93,-1024,1024,1,1,-1,-1,-1,1,-1,-1,-1,0x0000000000000000,1863,1471,1817,1503,2012,1137,2012,988,1500,1500,1500,1500,1500,1500,1500,1500,1500,1500,1500,1500,1500,1500,1500,1500,1500,1500,1500,1500,1500,1500,1500,1500,8.0
2026-05-04,13:46:20.030,0.26,1.16,-0.63,-70,0,99,14,0,5,50,-59,100,15,"AIR",53.759444 -1.544848,37.8,176.80,15,12,10.8,9.2,1123,33,3.3,56,-375,629,229,12,-1024,-93,-1024,1024,1,1,-1,-1,-1,1,-1,-1,-1,0x0000000000000000,1603,1329,1814,1519,2012,1397,2012,988,1500,1500,1500,1500,1500,1500,1500,1500,1500,1500,1500,1500,1500,1500,1500,1500,1500,1500,1500,1500,1500,1500,1500,1500,8.0
2026-05-04,13:46:20.530,0.26,1.16,-0.63,-66,0,99,14,0,5,50,-55,100,13,"AIR",53.759444 -1.544848,37.8,176.80,15,12,10.8,9.2,1123,33,3.3,14,-259,650,252,12,-1024,-93,-1024,1024,1,1,-1,-1,-1,1,-1,-1,-1,0x0000000000000000,1614,1383,1825,1505,2012,1386,2012,988,1500,1500,1500,1500,1500,1500,1500,1500,1500,1500,1500,1500,1500,1500,1500,1500,1500,1500,1500,1500,1500,1500,1500,1500,8.0
2026-05-04,13:46:21.030,0.26,1.16,-0.63,-66,0,100,14,0,5,50,-66,100,15,"AIR",53.759444 -1.544848,37.8,176.80,15,12,10.8,9.2,1123,33,2.9,297,-139,530,392,12,-1024,-93,-1024,1024,1,1,-1,-1,-1,1,-1,-1,-1,0x0000000000000000,1679,1438,1765,1607,2012,1321,2012,988,1500,1500,1500,1500,1500,1500,1500,1500,1500,1500,1500,1500,1500,1500,1500,1500,1500,1500,1500,1500,1500,1500,1500,1500,8.0
2026-05-04,13:46:21.530,0.26,1.16,-0.63,-77,0,99,12,0,5,50,-66,100,16,"AIR",53.759444 -1.544848,37.8,176.80,15,12,10.8,9.2,1123,33,2.9,51,-321,759,55,12,-1024,-93,-1024,1024,1,1,-1,-1,-1,1,-1,-1,-1,0x0000000000000000,1524,1354,1879,1518,2012,1476,2012,988,1500,1500,1500,1500,1500,1500,1500,1500,1500,1500,1500,1500,1500,1500,1500,1500,1500,1500,1500,1500,1500,1500,1500,1500,8.0
2026-05-04,13:46:22.030,0.26,1.16,-0.63,-64,0,100,14,0,5,50,-52,100,14,"AIR",53.759444 -1.544848,37.8,176.80,15,12,10.8,9.2,1123,33,2.9,8,-4,1024,-195,12,-1024,-93,-1024,1024,1,1,-1,-1,-1,1,-1,-1,-1,0x0000000000000000,1412,1498,2012,1503,2012,1588,2012,988,1500,1500,1500,1500,1500,1500,1500,1500,1500,1500,1500,1500,1500,1500,1500,1500,1500,1500,1500,1500,1500,1500,1500,1500,8.0
2026-05-04,13:46:22.530,0.26,1.16,-0.63,-60,0,100,14,0,5,50,-51,100,13,"AIR",53.759602 -1.545197,47.7,19.10,23,12,10.8,9.2,1123,33,2.9,4,1,1024,-340,13,-1024,-93,-1024,1024,1,1,-1,-1,-1,1,-1,-1,-1,0x0000000000000000,1346,1500,2012,1501,2012,1654,2012,988,1500,1500,1500,1500,1500,1500,1500,1500,1500,1500,1500,1500,1500,1500,1500,1500,1500,1500,1500,1500,1500,1500,1500,1500,8.0
2026-05-04,13:46:23.030,0.26,1.16,-0.63,-67,0,100,14,0,5,50,-60,100,14,"AIR",53.759602 -1.545197,47.7,19.10,23,12,10.8,9.2,1123,33,2.9,0,157,1024,-325,12,-1024,-93,-1024,1024,1,1,-1,-1,-1,1,-1,-1,-1,0x0000000000000000,1353,1570,2012,1500,2012,1647,2012,988,1500,1500,1500,1500,1500,1500,1500,1500,1500,1500,1500,1500,1500,1500,1500,1500,1500,1500,1500,1500,1500,1500,1500,1500,8.0
2026-05-04,13:46:23.530,0.26,1.16,-0.63,-63,0,100,14,0,5,50,-60,100,13,"AIR",53.759602 -1.545197,47.7,19.10,23,12,10.8,9.2,1123,33,2.9,-5,102,984,-439,13,-1024,-93,-1024,1024,1,1,-1,-1,-1,1,-1,-1,-1,0x0000000000000000,1299,1546,1992,1499,2012,1701,2012,988,1500,1500,1500,1500,1500,1500,1500,1500,1500,1500,1500,1500,1500,1500,1500,1500,1500,1500,1500,1500,1500,1500,1500,1500,8.0
2026-05-04,13:46:24.030,0.26,1.16,-0.63,-65,0,99,14,0,5,50,-61,100,14,"AIR",53.759602 -1.545197,47.7,19.10,23,12,10.6,12.5,1136,28,2.9,0,3,975,-2,12,-1024,-93,-1024,1024,1,1,-1,-1,-1,1,-1,-1,-1,0x0000000000000000,1499,1501,1987,1500,2012,1501,2012,988,1500,1500,1500,1500,1500,1500,1500,1500,1500,1500,1500,1500,1500,1500,1500,1500,1500,1500,1500,1500,1500,1500,1500,1500,8.0
2026-05-04,13:46:24.530,0.26,1.16,-0.63,-63,0,100,14,0,5,50,-57,100,14,"AIR",53.759602 -1.545197,47.7,19.10,23,12,10.6,12.5,1136,28,2.9,0,3,918,-4,13,-1024,-93,-1024,1024,1,1,-1,-1,-1,1,-1,-1,-1,0x0000000000000000,1498,1501,1959,1500,2012,1502,2012,988,1500,1500,1500,1500,1500,1500,1500,1500,1500,1500,1500,1500,1500,1500,1500,1500,1500,1500,1500,1500,1500,1500,1500,1500,8.0
2026-05-04,13:46:25.030,-0.24,0.22,1.30,-60,0,100,14,0,5,50,-50,100,14,"AIR",53.759602 -1.545197,47.7,19.10,23,12,10.6,12.5,1136,28,2.9,1,1,620,0,12,-1024,-93,-1024,1024,1,1,-1,-1,-1,1,-1,-1,-1,0x0000000000000000,1500,1500,1810,1500,2012,1500,2012,988,1500,1500,1500,1500,1500,1500,1500,1500,1500,1500,1500,1500,1500,1500,1500,1500,1500,1500,1500,1500,1500,1500,1500,1500,8.0
2026-05-04,13:46:25.530,-0.24,0.22,1.30,-59,0,99,14,0,5,50,-51,100,14,"AIR",53.759602 -1.545197,47.7,19.10,23,12,10.6,12.5,1136,28,2.9,2,3,937,-1,12,-1024,-93,-1024,1024,1,1,-1,-1,-1,1,-1,-1,-1,0x0000000000000000,1500,1501,1974,1500,2012,1500,2012,988,1500,1500,1500,1500,1500,1500,1500,1500,1500,1500,1500,1500,1500,1500,1500,1500,1500,1500,1500,1500,1500,1500,1500,1500,8.0
2026-05-04,13:46:26.030,-0.24,0.22,1.30,-57,0,100,14,0,5,50,-47,100,13,"AIR",53.759602 -1.545197,47.7,19.10,23,12,10.6,12.5,1136,28,2.9,2,3,1009,-1,12,-1024,-93,-1024,1024,1,1,-1,-1,-1,1,-1,-1,-1,0x0000000000000000,1500,1501,2004,1500,2012,1500,2012,988,1500,1500,1500,1500,1500,1500,1500,1500,1500,1500,1500,1500,1500,1500,1500,1500,1500,1500,1500,1500,1500,1500,1500,1500,8.0
2026-05-04,13:46:26.530,-0.24,0.22,1.30,-59,0,100,14,0,5,50,-53,100,15,"AIR",53.759602 -1.545197,47.7,19.10,23,12,10.6,12.5,1136,28,2.8,0,-277,704,0,12,-1024,-93,-1024,1024,1,1,-1,-1,-1,1,-1,-1,-1,0x0000000000000000,1500,1375,1852,1500,2012,1500,2012,988,1500,1500,1500,1500,1500,1500,1500,1500,1500,1500,1500,1500,1500,1500,1500,1500,1500,1500,1500,1500,1500,1500,1500,1500,8.0
2026-05-04,13:46:27.030,-0.24,0.22,1.30,-60,0,100,14,0,5,50,-52,100,14,"AIR",53.759602 -1.545197,47.7,19.10,23,12,10.6,12.5,1136,28,2.8,1,65,731,-9,12,-1024,-93,-1024,1024,1,1,-1,-1,-1,1,-1,-1,-1,0x0000000000000000,1496,1529,1865,1500,2012,1504,2012,988,1500,1500,1500,1500,1500,1500,1500,1500,1500,1500,1500,1500,1500,1500,1500,1500,1500,1500,1500,1500,1500,1500,1500,1500,8.0
2026-05-04,13:46:27.530,-0.24,0.22,1.30,-60,0,98,14,0,5,50,-55,100,14,"AIR",53.759602 -1.545197,47.7,19.10,23,12,10.6,12.5,1136,28,2.8,1,780,636,-5,12,-1024,-93,-1024,1024,1,1,-1,-1,-1,1,-1,-1,-1,0x0000000000000000,1498,1880,1812,1500,2012,1502,2012,988,1500,1500,1500,1500,1500,1500,1500,1500,1500,1500,1500,1500,1500,1500,1500,1500,1500,1500,1500,1500,1500,1500,1500,1500,8.0
2026-05-04,13:46:28.030,-0.24,0.22,1.30,-59,0,99,14,0,5,50,-56,100,15,"AIR",53.759819 -1.544129,47.7,74.10,30,13,10.6,12.5,1136,28,2.8,0,884,571,-3,12,-1024,-93,-1024,1024,1,1,-1,-1,-1,1,-1,-1,-1,0x0000000000000000,1499,1930,1785,1500,2012,1501,2012,988,1500,1500,1500,1500,1500,1500,1500,1500,1500,1500,1500,1500,1500,1500,1500,1500,1500,1500,1500,1500,1500,1500,1500,1500,8.0
2026-05-04,13:46:28.530,-0.24,0.22,1.30,-60,0,100,13,0,5,50,-51,100,14,"AIR",53.759819 -1.544129,47.7,74.10,30,13,10.6,12.5,1136,28,2.8,-5,1,856,-70,13,-1024,-93,-1024,1024,1,1,-1,-1,-1,1,-1,-1,-1,0x0000000000000000,1469,1500,1928,1499,2012,1531,2012,988,1500,1500,1500,1500,1500,1500,1500,1500,1500,1500,1500,1500,1500,1500,1500,1500,1500,1500,1500,1500,1500,1500,1500,1500,8.0
2026-05-04,13:46:29.030,-0.24,0.22,1.30,-62,0,100,14,0,5,50,-57,100,14,"AIR",53.759819 -1.544129,47.7,74.10,30,13,10.6,12.5,1136,28,2.8,1,-481,1024,-247,13,-1024,-93,-1024,1024,1,1,-1,-1,-1,1,-1,-1,-1,0x0000000000000000,1389,1279,2012,1500,2012,1611,2012,988,1500,1500,1500,1500,1500,1500,1500,1500,1500,1500,1500,1500,1500,1500,1500,1500,1500,1500,1500,1500,1500,1500,1500,1500,8.0
2026-05-04,13:46:29.530,-0.24,0.22,1.30,-64,0,99,14,0,5,50,-58,100,14,"AIR",53.759819 -1.544129,47.7,74.10,30,13,10.8,6.6,1152,36,2.8,6,-709,1024,3,12,-1024,-93,-1024,1024,1,1,-1,-1,-1,1,-1,-1,-1,0x0000000000000000,1501,1159,2012,1502,2012,1499,2012,988,1500,1500,1500,1500,1500,1500,1500,1500,1500,1500,1500,1500,1500,1500,1500,1500,1500,1500,1500,1500,1500,1500,1500,1500,8.0
2026-05-04,13:46:30.030,-0.24,0.22,1.30,-69,0,99,13,0,5,50,-61,100,13,"AIR",53.759819 -1.544129,47.7,74.10,30,13,10.8,6.6,1152,36,2.8,-193,-713,1024,2,13,-1024,-93,-1024,1024,1,1,-1,-1,-1,1,-1,-1,-1,0x0000000000000000,1501,1162,2012,1432,2012,1499,2012,988,1500,1500,1500,1500,1500,1500,1500,1500,1500,1500,1500,1500,1500,1500,1500,1500,1500,1500,1500,1500,1500,1500,1500,1500,8.0
2026-05-04,13:46:30.530,0.32,0.22,0.94,-73,0,99,13,0,5,50,-57,100,14,"AIR",53.759819 -1.544129,47.7,74.10,30,13,10.8,6.6,1152,36,2.8,102,-901,1024,84,13,-1024,-93,-1024,1024,1,1,-1,-1,-1,1,-1,-1,-1,0x0000000000000000,1538,1060,2012,1536,2012,1462,2012,988,1500,1500,1500,1500,1500,1500,1500,1500,1500,1500,1500,1500,1500,1500,1500,1500,1500,1500,1500,1500,1500,1500,1500,1500,8.0
2026-05-04,13:46:31.030,0.32,0.22,0.94,-69,0,100,14,0,5,50,-59,100,14,"AIR",53.759819 -1.544129,47.7,74.10,30,13,10.8,6.6,1152,36,2.8,786,-953,742,236,12,-1024,-93,-1024,1024,1,1,-1,-1,-1,1,-1,-1,-1,0x0000000000000000,1606,1030,1871,1844,2012,1394,2012,988,1500,1500,1500,1500,1500,1500,1500,1500,1500,1500,1500,1500,1500,1500,1500,1500,1500,1500,1500,1500,1500,1500,1500,1500,8.0
2026-05-04,13:46:31.530,0.32,0.22,0.94,-68,0,100,13,0,5,50,-59,100,14,"AIR",53.759819 -1.544129,47.7,74.10,30,13,10.8,6.6,1152,36,2.8,2,-728,-511,66,12,-1024,-93,-1024,1024,1,1,-1,-1,-1,1,-1,-1,-1,0x0000000000000000,1529,1155,1245,1501,2012,1465,2012,988,1500,1500,1500,1500,1500,1500,1500,1500,1500,1500,1500,1500,1500,1500,1500,1500,1500,1500,1500,1500,1500,1500,1500,1500,8.0
2026-05-04,13:46:32.030,0.32,0.22,0.94,-67,0,100,14,0,5,50,-70,100,14,"AIR",53.759819 -1.544129,47.7,74.10,30,13,10.8,6.6,1152,36,11.0,3,-756,-502,112,12,-1024,-93,-1024,1024,1,1,-1,-1,-1,1,-1,-1,-1,0x0000000000000000,1550,1140,1249,1501,2012,1450,2012,988,1500,1500,1500,1500,1500,1500,1500,1500,1500,1500,1500,1500,1500,1500,1500,1500,1500,1500,1500,1500,1500,1500,1500,1500,8.0
2026-05-04,13:46:32.530,0.32,0.22,0.94,-68,0,99,13,0,5,50,-61,100,13,"AIR",53.759819 -1.544129,47.7,74.10,30,13,10.8,6.6,1152,36,11.0,3,-888,-449,131,12,-1024,-93,-1024,1024,1,1,-1,-1,-1,1,-1,-1,-1,0x0000000000000000,1559,1067,1276,1501,2012,1441,2012,988,1500,1500,1500,1500,1500,1500,1500,1500,1500,1500,1500,1500,1500,1500,1500,1500,1500,1500,1500,1500,1500,1500,1500,1500,8.0
2026-05-04,13:46:33.030,0.32,0.22,0.94,-67,0,100,14,0,5,50,-56,100,14,"AIR",53.759819 -1.544129,47.7,74.10,30,13,10.8,6.6,1152,36,11.0,1,-416,-86,-133,12,-1024,-93,-1024,1024,1,1,-1,-1,-1,1,-1,-1,-1,0x0000000000000000,1440,1310,1457,1500,2012,1560,2012,988,1500,1500,1500,1500,1500,1500,1500,1500,1500,1500,1500,1500,1500,1500,1500,1500,1500,1500,1500,1500,1500,1500,1500,1500,8.0
2026-05-04,13:46:33.530,0.32,0.22,0.94,-73,0,99,13,0,5,50,-68,100,13,"AIR",53.760089 -1.543258,23.8,205.20,31,13,10.8,6.6,1152,36,11.0,-562,-679,363,-456,12,-1024,-93,-1024,1024,1,1,-1,-1,-1,1,-1,-1,-1,0x0000000000000000,1302,1180,1681,1278,2012,1698,2012,988,1500,1500,1500,1500,1500,1500,1500,1500,1500,1500,1500,1500,1500,1500,1500,1500,1500,1500,1500,1500,1500,1500,1500,1500,8.0
2026-05-04,13:46:34.030,0.32,0.22,0.94,-77,0,100,13,0,5,50,-75,100,12,"AIR",53.760089 -1.543258,23.8,205.20,31,13,10.8,6.6,1152,36,11.0,-777,-581,396,-156,12,-1024,-93,-1024,1024,1,1,-1,-1,-1,1,-1,-1,-1,0x0000000000000000,1435,1236,1698,1161,2012,1565,2012,988,1500,1500,1500,1500,1500,1500,1500,1500,1500,1500,1500,1500,1500,1500,1500,1500,1500,1500,1500,1500,1500,1500,1500,1500,8.0
2026-05-04,13:46:34.530,0.32,0.22,0.94,-81,0,99,12,0,5,50,-73,100,14,"AIR",53.760089 -1.543258,23.8,205.20,31,13,10.8,6.6,1152,36,11.0,-172,-711,189,216,12,-1024,-93,-1024,1024,1,1,-1,-1,-1,1,-1,-1,-1,0x0000000000000000,1597,1163,1594,1444,2012,1403,2012,988,1500,1500,1500,1500,1500,1500,1500,1500,1500,1500,1500,1500,1500,1500,1500,1500,1500,1500,1500,1500,1500,1500,1500,1500,8.0
2026-05-04,13:46:35.030,0.32,0.22,0.94,-79,0,98,12,0,5,50,-67,100,14,"AIR",53.760089 -1.543258,23.8,205.20,31,13,11.0,3.5,1163,42,11.0,-389,-683,200,170,12,-1024,-93,-1024,1024,1,1,-1,-1,-1,1,-1,-1,-1,0x0000000000000000,1576,1178,1600,1356,2012,1424,2012,988,1500,1500,1500,1500,1500,1500,1500,1500,1500,1500,1500,1500,1500,1500,1500,1500,1500,1500,1500,1500,1500,1500,1500,1500,8.0
2026-05-04,13:46:35.530,0.32,0.22,0.94,-75,0,99,13,0,5,50,-69,100,15,"AIR",53.760089 -1.543258,23.8,205.20,31,13,11.0,3.5,1163,42,11.0,3,-705,131,233,12,-1024,-93,-1024,1024,1,1,-1,-1,-1,1,-1,-1,-1,0x0000000000000000,1605,1167,1565,1501,2012,1395,2012,988,1500,1500,1500,1500,1500,1500,1500,1500,1500,1500,1500,1500,1500,1500,1500,1500,1500,1500,1500,1500,1500,1500,1500,1500,8.0
2026-05-04,13:46:36.030,-0.22,-1.23,-0.46,-69,0,97,14,0,5,50,-61,100,13,"AIR",53.760089 -1.543258,23.8,205.20,31,13,11.0,3.5,1163,42,11.0,3,-665,133,243,12,-1024,-93,-1024,1024,1,1,-1,-1,-1,1,-1,-1,-1,0x0000000000000000,1610,1187,1566,1501,2012,1390,2012,988,1500,1500,1500,1500,1500,1500,1500,1500,1500,1500,1500,1500,1500,1500,1500,1500,1500,1500,1500,1500,1500,1500,1500,1500,8.0
2026-05-04,13:46:36.530,-0.22,-1.23,-0.46,-66,0,98,13,0,5,50,-60,100,13,"AIR",53.760089 -1.543258,23.8,205.20,31,13,11.0,3.5,1163,42,11.0,3,-245,161,411,12,-1024,-93,-1024,1024,1,1,-1,-1,-1,1,-1,-1,-1,0x0000000000000000,1688,1389,1580,1501,2012,1312,2012,988,1500,1500,1500,1500,1500,1500,1500,1500,1500,1500,1500,1500,1500,1500,1500,1500,1500,1500,1500,1500,1500,1500,1500,1500,8.0
2026-05-04,13:46:37.030,-0.22,-1.23,-0.46,-66,0,98,14,0,5,50,-61,100,13,"AIR",53.760089 -1.543258,23.8,205.20,31,13,11.0,3.5,1163,42,11.0,5,52,-531,2,12,-1024,-93,-1024,1024,1,1,-1,-1,-1,1,-1,-1,-1,0x0000000000000000,1501,1523,1235,1501,2012,1499,2012,988,1500,1500,1500,1500,1500,1500,1500,1500,1500,1500,1500,1500,1500,1500,1500,1500,1500,1500,1500,1500,1500,1500,1500,1500,8.0
2026-05-04,13:46:37.530,-0.22,-1.23,-0.46,-67,0,98,14,0,5,50,-62,100,15,"AIR",53.760089 -1.543258,23.8,205.20,31,13,11.0,3.5,1163,42,-3.0,3,5,-668,-3,12,-1024,-93,-1024,1024,1,1,-1,-1,-1,1,-1,-1,-1,0x0000000000000000,1499,1502,1166,1501,2012,1501,2012,988,1500,1500,1500,1500,1500,1500,1500,1500,1500,1500,1500,1500,1500,1500,1500,1500,1500,1500,1500,1500,1500,1500,1500,1500,8.0
2026-05-04,13:46:38.030,-0.22,-1.23,-0.46,-70,0,100,14,0,5,50,-80,100,10,"AIR",53.760089 -1.543258,23.8,205.20,31,13,11.0,3.5,1163,42,-3.0,2,2,-1024,-649,13,-1024,-93,-1024,1024,1,1,-1,-1,-1,1,-1,-1,-1,0x0000000000000000,1195,1501,988,1500,2012,1805,2012,988,1500,1500,1500,1500,1500,1500,1500,1500,1500,1500,1500,1500,1500,1500,1500,1500,1500,1500,1500,1500,1500,1500,1500,1500,8.0
2026-05-04,13:46:38.530,-0.22,-1.23,-0.46,-78,0,98,12,0,5,50,-80,100,11,"AIR",53.760089 -1.543258,23.8,205.20,31,13,11.0,3.5,1163,42,-3.0,2,216,-1024,-504,13,-1024,-93,-1024,1024,1,1,-1,-1,-1,1,-1,-1,-1,0x0000000000000000,1268,1597,988,1500,2012,1732,2012,988,1500,1500,1500,1500,1500,1500,1500,1500,1500,1500,1500,1500,1500,1500,1500,1500,1500,1500,1500,1500,1500,1500,1500,1500,8.0
2026-05-04,13:46:39.030,-0.22,-1.23,-0.46,-74,0,99,13,0,5,50,-64,100,14,"AIR",53.760089 -1.543258,23.8,205.20,31,13,11.0,3.5,1163,42,-3.0,2,99,-1023,-543,13,-1024,-93,-1024,1024,1,1,-1,-1,-1,1,-1,-1,-1,0x0000000000000000,1249,1544,989,1500,2012,1751,2012,988,1500,1500,1500,1500,1500,1500,1500,1500,1500,1500,1500,1500,1500,1500,1500,1500,1500,1500,1500,1500,1500,1500,1500,1500,8.0
2026-05-04,13:46:39.530,-0.22,-1.23,-0.46,-64,0,98,14,0,5,50,-51,100,13,"AIR",53.760240 -1.543381,41.5,209.00,11,13,11.0,3.5,1163,42,-3.0,2,4,-1023,-13,12,-1024,-93,-1024,1024,1,1,-1,-1,-1,1,-1,-1,-1,0x0000000000000000,1494,1502,989,1500,2012,1506,2012,988,1500,1500,1500,1500,1500,1500,1500,1500,1500,1500,1500,1500,1500,1500,1500,1500,1500,1500,1500,1500,1500,1500,1500,1500,8.0
2026-05-04,13:46:40.030,-0.22,-1.23,-0.46,-59,0,99,14,0,5,50,-51,100,14,"AIR",53.760240 -1.543381,41.5,209.00,11,13,11.0,3.5,1163,42,-3.0,2,-2,-1024,321,12,-1024,-93,-1024,1024,1,1,-1,-1,-1,1,-1,-1,-1,0x0000000000000000,1646,1499,988,1500,2012,1354,2012,988,1500,1500,1500,1500,1500,1500,1500,1500,1500,1500,1500,1500,1500,1500,1500,1500,1500,1500,1500,1500,1500,1500,1500,1500,8.0
2026-05-04,13:46:40.530,-0.22,-1.23,-0.46,-67,0,99,13,0,5,50,-67,100,15,"AIR",53.760240 -1.543381,41.5,209.00,11,13,11.2,0.5,1167,48,-3.0,2,-421,-1023,188,12,-1024,-93,-1024,1024,1,1,-1,-1,-1,1,-1,-1,-1,0x0000000000000000,1585,1308,989,1500,2012,1415,2012,988,1500,1500,1500,1500,1500,1500,1500,1500,1500,1500,1500,1500,1500,1500,1500,1500,1500,1500,1500,1500,1500,1500,1500,1500,8.0
2026-05-04,13:46:41.030,-0.22,-1.23,-0.46,-61,0,98,14,0,5,50,-58,100,13,"AIR",53.760240 -1.543381,41.5,209.00,11,13,11.2,0.5,1167,48,-3.0,2,-305,-1024,283,12,-1024,-93,-1024,1024,1,1,-1,-1,-1,1,-1,-1,-1,0x0000000000000000,1628,1362,988,1500,2012,1372,2012,988,1500,1500,1500,1500,1500,1500,1500,1500,1500,1500,1500,1500,1500,1500,1500,1500,1500,1500,1500,1500,1500,1500,1500,1500,8.0
2026-05-04,13:46:41.530,0.24,-0.33,-2.30,-66,0,98,14,0,5,50,-59,100,14,"AIR",53.760240 -1.543381,41.5,209.00,11,13,11.2,0.5,1167,48,-3.0,2,-70,-1023,-232,12,-1024,-93,-1024,1024,1,1,-1,-1,-1,1,-1,-1,-1,0x0000000000000000,1395,1469,989,1500,2012,1605,2012,988,1500,1500,1500,1500,1500,1500,1500,1500,1500,1500,1500,1500,1500,1500,1500,1500,1500,1500,1500,1500,1500,1500,1500,1500,8.0
2026-05-04,13:46:42.030,0.24,-0.33,-2.30,-62,0,100,14,0,5,50,-53,100,13,"AIR",53.760240 -1.543381,41.5,209.00,11,13,11.2,0.5,1167,48,-3.0,2,-2,-1024,-146,12,-1024,-93,-1024,1024,1,1,-1,-1,-1,1,-1,-1,-1,0x0000000000000000,1435,1499,988,1500,2012,1565,2012,988,1500,1500,1500,1500,1500,1500,1500,1500,1500,1500,1500,1500,1500,1500,1500,1500,1500,1500,1500,1500,1500,1500,1500,1500,8.0
2026-05-04,13:46:42.530,0.24,-0.33,-2.30,-57,0,100,14,0,5,50,-52,100,14,"AIR",53.760240 -1.543381,41.5,209.00,11,13,11.2,0.5,1167,48,-3.0,2,-264,-1024,-2,13,-1024,-93,-1024,1024,1,1,-1,-1,-1,1,-1,-1,-1,0x0000000000000000,1499,1381,988,1500,2012,1501,2012,988,1500,1500,1500,1500,1500,1500,1500,1500,1500,1500,1500,1500,1500,1500,1500,1500,1500,1500,1500,1500,1500,1500,1500,1500,8.0
2026-05-04,13:46:43.030,0.24,-0.33,-2.30,-61,0,99,14,0,5,50,-38,100,14,"AIR",53.760240 -1.543381,41.5,209.00,11,13,11.2,0.5,1167,48,-0.8,2,-971,-1024,38,12,-1024,-93,-1024,1024,1,1,-1,-1,-1,1,-1,-1,-1,0x0000000000000000,1517,1020,988,1500,2012,1483,2012,988,1500,1500,1500,1500,1500,1500,1500,1500,1500,1500,1500,1500,1500,1500,1500,1500,1500,1500,1500,1500,1500,1500,1500,1500,8.0
2026-05-04,13:46:43.530,0.24,-0.33,-2.30,-48,0,99,14,0,5,50,-32,100,15,"AIR",53.760240 -1.543381,41.5,209.00,11,13,11.2,0.5,1167,48,-0.8,2,-3,-1024,-3,12,-1024,-93,-1024,1024,1,1,-1,-1,-1,1,-1,-1,-1,0x0000000000000000,1499,1499,988,1500,2012,1501,2012,988,1500,1500,1500,1500,1500,1500,1500,1500,1500,1500,1500,1500,1500,1500,1500,1500,1500,1500,1500,1500,1500,1500,1500,1500,8.0
2026-05-04,13:46:44.030,0.24,-0.33,-2.30,-42,0,100,14,0,5,50,-34,100,15,"AIR",53.760240 -1.543381,41.5,209.00,11,13,11.2,0.5,1167,48,-0.8,2,-338,-1024,2,13,-1024,-93,-1024,1024,1,1,-1,-1,-1,1,-1,-1,-1,0x0000000000000000,1501,1347,988,1500,2012,1499,2012,988,1500,1500,1500,1500,1500,1500,1500,1500,1500,1500,1500,1500,1500,1500,1500,1500,1500,1500,1500,1500,1500,1500,1500,1500,8.0
2026-05-04,13:46:44.530,0.24,-0.33,-2.30,-47,0,100,14,0,5,50,-44,100,14,"AIR",53.760240 -1.543381,41.5,209.00,11,13,11.2,0.5,1167,48,-0.8,2,-381,-1024,2,12,-1024,-93,-1024,1024,1,1,-1,-1,-1,1,-1,-1,-1,0x0000000000000000,1501,1326,988,1500,2012,1499,2012,988,1500,1500,1500,1500,1500,1500,1500,1500,1500,1500,1500,1500,1500,1500,1500,1500,1500,1500,1500,1500,1500,1500,1500,1500,8.0
2026-05-04,13:46:45.030,0.24,-0.33,-2.30,-56,0,100,14,0,5,50,-50,100,14,"AIR",53.759781 -1.544013,43.5,230.40,1,12,11.2,0.5,1167,48,-0.8,0,-649,753,4,12,-1024,-93,-1024,1024,1,1,-1,-1,-1,1,-1,-1,-1,0x0000000000000000,1502,1195,1876,1500,2012,1498,2012,988,1500,1500,1500,1500,1500,1500,1500,1500,1500,1500,1500,1500,1500,1500,1500,1500,1500,1500,1500,1500,1500,1500,1500,1500,8.0
2026-05-04,13:46:45.530,0.24,-0.33,-2.30,-63,0,100,14,0,5,50,-60,100,14,"AIR",53.759781 -1.544013,43.5,230.40,1,12,11.2,0.5,1167,48,-0.8,4,-558,1024,50,12,-1024,-93,-1024,1024,1,1,-1,-1,-1,1,-1,-1,-1,0x0000000000000000,1522,1241,2012,1501,2012,1478,2012,988,1500,1500,1500,1500,1500,1500,1500,1500,1500,1500,1500,1500,1500,1500,1500,1500,1500,1500,1500,1500,1500,1500,1500,1500,8.0
2026-05-04,13:46:46.030,0.24,-0.33,-2.30,-74,0,100,12,0,5,50,-63,100,14,"AIR",53.759781 -1.544013,43.5,230.40,1,12,11.2,0.5,1168,49,-0.8,3,56,1024,-1,12,-1024,-93,-1024,1024,1,1,-1,-1,-1,1,-1,-1,-1,0x0000000000000000,1500,1525,2012,1501,2012,1500,2012,988,1500,1500,1500,1500,1500,1500,1500,1500,1500,1500,1500,1500,1500,1500,1500,1500,1500,1500,1500,1500,1500,1500,1500,1500,8.0
2026-05-04,13:46:46.530,0.24,-0.33,-2.30,-75,0,99,13,0,5,50,-62,100,14,"AIR",53.759781 -1.544013,43.5,230.40,1,12,11.2,0.5,1168,49,-0.8,4,153,1024,502,12,-1024,-93,-1024,1024,1,1,-1,-1,-1,1,-1,-1,-1,0x0000000000000000,1731,1569,2012,1501,2012,1269,2012,988,1500,1500,1500,1500,1500,1500,1500,1500,1500,1500,1500,1500,1500,1500,1500,1500,1500,1500,1500,1500,1500,1500,1500,1500,8.0
2026-05-04,13:46:47.030,-0.56,-0.01,-2.04,-73,0,97,13,0,5,50,-64,100,14,"AIR",53.759781 -1.544013,43.5,230.40,1,12,11.2,0.5,1168,49,-0.8,5,205,1024,514,12,-1024,-93,-1024,1024,1,1,-1,-1,-1,1,-1,-1,-1,0x0000000000000000,1737,1592,2012,1501,2012,1263,2012,988,1500,1500,1500,1500,1500,1500,1500,1500,1500,1500,1500,1500,1500,1500,1500,1500,1500,1500,1500,1500,1500,1500,1500,1500,8.0
2026-05-04,13:46:47.530,-0.56,-0.01,-2.04,-74,0,96,13,0,5,50,-66,100,14,"AIR",53.759781 -1.544013,43.5,230.40,1,12,11.2,0.5,1168,49,-0.8,18,382,1024,439,12,-1024,-93,-1024,1024,1,1,-1,-1,-1,1,-1,-1,-1,0x0000000000000000,1701,1674,2012,1506,2012,1299,2012,988,1500,1500,1500,1500,1500,1500,1500,1500,1500,1500,1500,1500,1500,1500,1500,1500,1500,1500,1500,1500,1500,1500,1500,1500,8.0
2026-05-04,13:46:48.030,-0.56,-0.01,-2.04,-74,0,97,13,0,5,50,-68,100,13,"AIR",53.759781 -1.544013,43.5,230.40,1,12,11.2,0.5,1168,49,-0.8,252,11,500,667,12,-1024,-93,-1024,1024,1,1,-1,-1,-1,1,-1,-1,-1,0x0000000000000000,1814,1505,1750,1590,2012,1186,2012,988,1500,1500,1500,1500,1500,1500,1500,1500,1500,1500,1500,1500,1500,1500,1500,1500,1500,1500,1500,1500,1500,1500,1500,1500,8.0
2026-05-04,13:46:48.530,-0.56,-0.01,-2.04,-68,0,98,14,0,5,50,-59,100,15,"AIR",53.759781 -1.544013,43.5,230.40,1,12,11.2,0.5,1168,49,3.9,408,-350,211,486,12,-1024,-93,-1024,1024,1,1,-1,-1,-1,1,-1,-1,-1,0x0000000000000000,1724,1341,1605,1652,2012,1276,2012,988,1500,1500,1500,1500,1500,1500,1500,1500,1500,1500,1500,1500,1500,1500,1500,1500,1500,1500,1500,1500,1500,1500,1500,1500,8.0
2026-05-04,13:46:49.030,-0.56,-0.01,-2.04,-67,0,100,13,0,5,50,-70,100,14,"AIR",53.759781 -1.544013,43.5,230.40,1,12,11.2,0.5,1168,49,3.9,488,-840,-11,-3,12,-1024,-93,-1024,1024,1,1,-1,-1,-1,1,-1,-1,-1,0x0000000000000000,1499,1094,1495,1687,2012,1501,2012,988,1500,1500,1500,1500,1500,1500,1500,1500,1500,1500,1500,1500,1500,1500,1500,1500,1500,1500,1500,1500,1500,1500,1500,1500,8.0
2026-05-04,13:46:49.530,-0.56,-0.01,-2.04,-78,0,100,13,0,5,50,-65,100,14,"AIR",53.759781 -1.544013,43.5,230.40,1,12,11.2,0.5,1168,49,3.9,89,-663,796,-789,13,-1024,-93,-1024,1024,1,1,-1,-1,-1,1,-1,-1,-1,0x0000000000000000,1122,1188,1898,1531,2012,1878,2012,988,1500,1500,1500,1500,1500,1500,1500,1500,1500,1500,1500,1500,1500,1500,1500,1500,1500,1500,1500,1500,1500,1500,1500,1500,8.0
2026-05-04,13:46:50.030,-0.56,-0.01,-2.04,-73,0,100,13,0,5,50,-66,100,15,"AIR",53.759781 -1.544013,43.5,230.40,1,12,11.2,0.5,1168,49,3.9,155,-630,317,-1021,13,-1024,-93,-1024,1024,1,1,-1,-1,-1,1,-1,-1,-1,0x0000000000000000,990,1205,1658,1554,2012,2010,2012,988,1500,1500,1500,1500,1500,1500,1500,1500,1500,1500,1500,1500,1500,1500,1500,1500,1500,1500,1500,1500,1500,1500,1500,1500,8.0
2026-05-04,13:46:50.530,-0.56,-0.01,-2.04,-64,0,100,13,0,5,50,-60,100,15,"AIR",53.759544 -1.544678,25.5,246.90,9,13,11.2,0.5,1168,49,3.9,276,-319,428,390,12,-1024,-93,-1024,1024,1,1,-1,-1,-1,1,-1,-1,-1,0x0000000000000000,1678,1355,1714,1599,2012,1322,2012,988,1500,1500,1500,1500,1500,1500,1500,1500,1500,1500,1500,1500,1500,1500,1500,1500,1500,1500,1500,1500,1500,1500,1500,1500,8.0
2026-05-04,13:46:51.030,-0.56,-0.01,-2.04,-64,0,99,14,0,5,50,-53,100,14,"AIR",53.759544 -1.544678,25.5,246.90,9,13,11.2,0.5,1168,49,3.9,181,-359,748,593,12,-1024,-93,-1024,1024,1,1,-1,-1,-1,1,-1,-1,-1,0x0000000000000000,1777,1343,1874,1564,2012,1223,2012,988,1500,1500,1500,1500,1500,1500,1500,1500,1500,1500,1500,1500,1500,1500,1500,1500,1500,1500,1500,1500,1500,1500,1500,1500,7.9
2026-05-04,13:46:51.530,-0.56,-0.01,-2.04,-60,0,100,14,0,5,50,-50,100,13,"AIR",53.759544 -1.544678,25.5,246.90,9,13,10.9,5.3,1182,40,3.9,9,-344,788,2,12,-1024,-93,-1024,1024,1,1,-1,-1,-1,1,-1,-1,-1,0x0000000000000000,1501,1344,1894,1503,2012,1499,2012,988,1500,1500,1500,1500,1500,1500,1500,1500,1500,1500,1500,1500,1500,1500,1500,1500,1500,1500,1500,1500,1500,1500,1500,1500,7.9
2026-05-04,13:46:52.030,-0.56,-0.01,-2.04,-61,0,100,14,0,5,50,-54,100,14,"AIR",53.759544 -1.544678,25.5,246.90,9,13,10.9,5.3,1182,40,3.9,3,-297,722,-493,12,-1024,-93,-1024,1024,1,1,-1,-1,-1,1,-1,-1,-1,0x0000000000000000,1273,1366,1861,1501,2012,1727,2012,988,1500,1500,1500,1500,1500,1500,1500,1500,1500,1500,1500,1500,1500,1500,1500,1500,1500,1500,1500,1500,1500,1500,1500,1500,7.9
2026-05-04,13:46:52.530,-0.09,0.93,0.09,-62,0,100,14,0,5,50,-56,100,14,"AIR",53.759544 -1.544678,25.5,246.90,9,13,10.9,5.3,1182,40,3.9,1,-34,724,-3,12,-1024,-93,-1024,1024,1,1,-1,-1,-1,1,-1,-1,-1,0x0000000000000000,1499,1485,1862,1500,2012,1501,2012,988,1500,1500,1500,1500,1500,1500,1500,1500,1500,1500,1500,1500,1500,1500,1500,1500,1500,1500,1500,1500,1500,1500,1500,1500,7.9
2026-05-04,13:46:53.030,-0.09,0.93,0.09,-66,0,97,14,0,5,50,-79,100,12,"AIR",53.759544 -1.544678,25.5,246.90,9,13,10.9,5.3,1182,40,3.9,2,2,549,-1,12,-1024,-93,-1024,1024,1,1,-1,-1,-1,1,-1,-1,-1,0x0000000000000000,1500,1501,1774,1500,2012,1500,2012,988,1500,1500,1500,1500,1500,1500,1500,1500,1500,1500,1500,1500,1500,1500,1500,1500,1500,1500,1500,1500,1500,1500,1500,1500,7.9
2026-05-04,13:46:53.530,-0.09,0.93,0.09,-77,0,99,13,0,5,50,-54,100,15,"AIR",53.759544 -1.544678,25.5,246.90,9,13,10.9,5.3,1182,40,3.9,2,2,444,-1,12,-1024,-93,-1024,1024,1,1,0,-1,-1,1,-1,-1,-1,0x0000000000000000,1500,1501,1722,1500,2012,1500,2012,988,1500,1500,1500,1500,1500,1500,1500,1500,1500,1500,1500,1500,1500,1500,1500,1500,1500,1500,1500,1500,1500,1500,1500,1500,7.9
2026-05-04,13:46:54.030,-0.09,0.93,0.09,-64,0,100,14,0,5,50,-52,100,13,"AIR",53.759544 -1.544678,25.5,246.90,9,13,10.9,5.3,1182,40,2.6,1,2,457,0,12,-1024,-93,-1024,1024,1,1,-1,-1,-1,1,-1,-1,-1,0x0000000000000000,1500,1501,1728,1500,2012,1500,2012,988,1500,1500,1500,1500,1500,1500,1500,1500,1500,1500,1500,1500,1500,1500,1500,1500,1500,1500,1500,1500,1500,1500,1500,1500,7.9
2026-05-04,13:46:54.530,-0.09,0.93,0.09,-59,0,99,14,0,5,50,-48,100,13,"AIR",53.759544 -1.544678,25.5,246.90,9,13,10.9,5.3,1182,40,2.6,9,5,443,924,12,-1024,-93,-1024,1024,1,1,-1,-1,-1,1,-1,-1,-1,0x0000000000000000,1953,1502,1721,1503,2012,1047,2012,988,1500,1500,1500,1500,1500,1500,1500,1500,1500,1500,1500,1500,1500,1500,1500,1500,1500,1500,1500,1500,1500,1500,1500,1500,7.9
2026-05-04,13:46:55.030,-0.09,0.93,0.09,-56,0,98,14,0,5,50,-62,100,14,"AIR",53.759544 -1.544678,25.5,246.90,9,13,10.9,5.3,1182,40,2.6,4,-446,712,-1,12,-1024,-93,-1024,1024,1,1,-1,-1,-1,1,-1,-1,-1,0x0000000000000000,1500,1296,1856,1501,2012,1500,2012,988,1500,1500,1500,1500,1500,1500,1500,1500,1500,1500,1500,1500,1500,1500,1500,1500,1500,1500,1500,1500,1500,1500,1500,1500,7.9
2026-05-04,13:46:55.530,-0.09,0.93,0.09,-72,0,98,13,0,5,50,-77,100,13,"AIR",53.759544 -1.544678,25.5,246.90,9,13,10.9,5.3,1182,40,2.6,3,-328,849,-264,13,-1024,-93,-1024,1024,1,1,-1,-1,-1,1,-1,-1,-1,0x0000000000000000,1381,1351,1924,1501,2012,1619,2012,988,1500,1500,1500,1500,1500,1500,1500,1500,1500,1500,1500,1500,1500,1500,1500,1500,1500,1500,1500,1500,1500,1500,1500,1500,7.9
2026-05-04,13:46:56.030,-0.09,0.93,0.09,-76,0,97,14,0,5,50,-70,100,14,"AIR",53.759946 -1.544612,45.9,58.90,9,14,10.9,5.3,1182,40,2.6,2,-308,783,-5,12,-1024,-93,-1024,1024,1,1,-1,-1,-1,1,-1,-1,-1,0x0000000000000000,1498,1360,1891,1500,2012,1502,2012,988,1500,1500,1500,1500,1500,1500,1500,1500,1500,1500,1500,1500,1500,1500,1500,1500,1500,1500,1500,1500,1500,1500,1500,1500,7.9
2026-05-04,13:46:56.530,-0.09,0.93,0.09,-72,0,97,13,0,5,50,-65,100,14,"AIR",53.759946 -1.544612,45.9,58.90,9,14,10.9,5.3,1182,40,2.6,0,-176,727,56,12,-1024,-93,-1024,1024,1,1,-1,-1,-1,1,-1,-1,-1,0x0000000000000000,1525,1421,1863,1500,2012,1475,2012,988,1500,1500,1500,1500,1500,1500,1500,1500,1500,1500,1500,1500,1500,1500,1500,1500,1500,1500,1500,1500,1500,1500,1500,1500,7.9
2026-05-04,13:46:57.030,-0.09,0.93,0.09,-61,0,99,14,0,5,50,-50,100,15,"AIR",53.759946 -1.544612,45.9,58.90,9,14,10.7,10.4,1193,32,2.6,1,-342,698,-394,12,-1024,-93,-1024,1024,1,1,-1,-1,-1,1,-1,-1,-1,0x0000000000000000,1320,1345,1849,1500,2012,1680,2012,988,1500,1500,1500,1500,1500,1500,1500,1500,1500,1500,1500,1500,1500,1500,1500,1500,1500,1500,1500,1500,1500,1500,1500,1500,7.9
2026-05-04,13:46:57.530,-0.09,0.93,0.09,-59,0,100,14,0,5,50,-50,100,14,"AIR",53.759946 -1.544612,45.9,58.90,9,14,10.7,10.4,1193,32,2.6,0,-115,739,-306,12,-1024,-93,-1024,1024,1,1,-1,-1,-1,1,-1,-1,-1,0x0000000000000000,1361,1449,1869,1500,2012,1639,2012,988,1500,1500,1500,1500,1500,1500,1500,1500,1500,1500,1500,1500,1500,1500,1500,1500,1500,1500,1500,1500,1500,1500,1500,1500,7.9
2026-05-04,13:46:58.030,-0.23,0.84,1.81,-62,0,100,13,0,5,50,-52,100,13,"AIR",53.759946 -1.544612,45.9,58.90,9,14,10.7,10.4,1193,32,2.6,-1,-3,788,-450,13,-1024,-93,-1024,1024,1,1,-1,-1,-1,1,-1,-1,-1,0x0000000000000000,1294,1499,1894,1500,2012,1706,2012,988,1500,1500,1500,1500,1500,1500,1500,1500,1500,1500,1500,1500,1500,1500,1500,1500,1500,1500,1500,1500,1500,1500,1500,1500,7.9
2026-05-04,13:46:58.530,-0.23,0.84,1.81,-62,0,100,14,0,5,50,-46,100,15,"AIR",53.759946 -1.544612,45.9,58.90,9,14,10.7,10.4,1193,32,2.6,-154,-4,683,-824,13,-1024,-93,-1024,1024,1,1,-1,-1,-1,1,-1,-1,-1,0x0000000000000000,1103,1498,1841,1446,2012,1897,2012,988,1500,1500,1500,1500,1500,1500,1500,1500,1500,1500,1500,1500,1500,1500,1500,1500,1500,1500,1500,1500,1500,1500,1500,1500,7.9
2026-05-04,13:46:59.030,-0.23,0.84,1.81,-56,0,100,14,0,5,50,-54,100,14,"AIR",53.759946 -1.544612,45.9,58.90,9,14,10.7,10.4,1193,32,2.6,-192,1,691,-15,12,-1024,-93,-1024,1024,1,1,-1,-1,-1,1,-1,-1,-1,0x0000000000000000,1494,1500,1845,1432,2012,1506,2012,988,1500,1500,1500,1500,1500,1500,1500,1500,1500,1500,1500,1500,1500,1500,1500,1500,1500,1500,1500,1500,1500,1500,1500,1500,7.9
2026-05-04,13:46:59.530,-0.23,0.84,1.81,-58,0,100,14,0,5,50,-51,100,13,"AIR",53.759946 -1.544612,45.9,58.90,9,14,10.7,10.4,1193,32,2.6,-1,-4,562,1,12,-1024,-93,-1024,1024,1,1,-1,-1,-1,1,-1,-1,-1,0x0000000000000000,1500,1498,1781,1500,2012,1500,2012,988,1500,1500,1500,1500,1500,1500,1500,1500,1500,1500,1500,1500,1500,1500,1500,1500,1500,1500,1500,1500,1500,1500,1500,1500,7.9
2026-05-04,13:47:00.030,-0.23,0.84,1.81,-57,0,99,14,0,5,50,-49,100,13,"AIR",53.759946 -1.544612,45.9,58.90,9,14,10.7,10.4,1193,32,3.3,0,-538,560,1,12,-1024,-93,-1024,1024,1,1,-1,-1,-1,1,-1,-1,-1,0x0000000000000000,1500,1251,1780,1500,2012,1500,2012,988,1500,1500,1500,1500,1500,1500,1500,1500,1500,1500,1500,1500,1500,1500,1500,1500,1500,1500,1500,1500,1500,1500,1500,1500,7.9
2026-05-04,13:47:00.530,-0.23,0.84,1.81,-57,0,99,14,0,5,50,-61,100,13,"AIR",53.759946 -1.544612,45.9,58.90,9,14,10.7,10.4,1193,32,3.3,-31,-581,644,3,12,-1024,-93,-1024,1024,1,1,-1,-1,-1,1,-1,-1,-1,0x0000000000000000,1501,1230,1822,1489,2012,1499,2012,988,1500,1500,1500,1500,1500,1500,1500,1500,1500,1500,1500,1500,1500,1500,1500,1500,1500,1500,1500,1500,1500,1500,1500,1500,7.9
2026-05-04,13:47:01.030,-0.23,0.84,1.81,-65,0,100,14,0,5,50,-59,100,14,"AIR",53.759946 -1.544612,45.9,58.90,9,14,10.7,10.4,1193,32,3.3,-209,-357,619,-61,12,-1024,-93,-1024,1024,1,1,-1,-1,-1,1,-1,-1,-1,0x0000000000000000,1473,1338,1809,1426,2012,1527,2012,988,1500,1500,1500,1500,1500,1500,1500,1500,1500,1500,1500,1500,1500,1500,1500,1500,1500,1500,1500,1500,1500,1500,1500,1500,7.9
2026-05-04,13:47:01.530,-0.23,0.84,1.81,-69,0,98,14,0,5,50,-60,100,15,"AIR",53.759868 -1.543729,41.7,113.60,14,13,10.7,10.4,1193,32,3.3,-482,-174,602,-261,13,-1024,-93,-1024,1024,1,1,-1,-1,-1,1,-1,-1,-1,0x0000000000000000,1382,1422,1801,1316,2012,1618,2012,988,1500,1500,1500,1500,1500,1500,1500,1500,1500,1500,1500,1500,1500,1500,1500,1500,1500,1500,1500,1500,1500,1500,1500,1500,7.9
2026-05-04,13:47:02.030,-0.23,0.84,1.81,-73,0,100,14,0,5,50,-73,100,14,"AIR",53.759868 -1.543729,41.7,113.60,14,13,10.7,10.4,1193,32,3.3,-330,-624,607,1,12,-1024,-93,-1024,1024,1,1,-1,-1,-1,1,-1,-1,-1,0x0000000000000000,1500,1208,1803,1380,2012,1500,2012,988,1500,1500,1500,1500,1500,1500,1500,1500,1500,1500,1500,1500,1500,1500,1500,1500,1500,1500,1500,1500,1500,1500,1500,1500,7.9
2026-05-04,13:47:02.530,-0.23,0.84,1.81,-88,0,99,9,0,5,50,-82,100,8,"AIR",53.759868 -1.543729,41.7,113.60,14,13,10.7,10.4,1193,32,3.3,-581,-413,440,110,12,-1024,-93,-1024,1024,1,1,-1,-1,-1,1,-1,-1,-1,0x0000000000000000,1549,1311,1720,1269,2012,1451,2012,988,1500,1500,1500,1500,1500,1500,1500,1500,1500,1500,1500,1500,1500,1500,1500,1500,1500,1500,1500,1500,1500,1500,1500,1500,7.9
2026-05-04,13:47:03.030,-0.23,0.84,1.81,-84,0,99,9,0,5,50,-69,100,14,"AIR",53.759868 -1.543729,41.7,113.60,14,13,10.8,7.3,1206,35,3.3,2,-609,381,54,12,-1024,-93,-1024,1024,1,1,-1,-1,-1,1,-1,-1,-1,0x0000000000000000,1524,1216,1690,1500,2012,1476,2012,988,1500,1500,1500,1500,1500,1500,1500,1500,1500,1500,1500,1500,1500,1500,1500,1500,1500,1500,1500,1500,1500,1500,1500,1500,7.9
2026-05-04,13:47:03.530,-0.08,-0.86,-0.03,-76,0,100,12,0,5,50,-67,100,14,"AIR",53.759868 -1.543729,41.7,113.60,14,13,10.8,7.3,1206,35,3.3,2,-569,381,2,12,-1024,-93,-1024,1024,1,1,-1,-1,-1,1,-1,-1,-1,0x0000000000000000,1501,1236,1690,1500,2012,1499,2012,988,1500,1500,1500,1500,1500,1500,1500,1500,1500,1500,1500,1500,1500,1500,1500,1500,1500,1500,1500,1500,1500,1500,1500,1500,7.9
2026-05-04,13:47:04.030,-0.08,-0.86,-0.03,-68,0,100,14,0,5,50,-53,100,15,"AIR",53.759868 -1.543729,41.7,113.60,14,13,10.8,7.3,1206,35,3.3,2,-398,381,-144,13,-1024,-93,-1024,1024,1,1,-1,-1,-1,1,-1,-1,-1,0x0000000000000000,1435,1318,1690,1500,2012,1565,2012,988,1500,1500,1500,1500,1500,1500,1500,1500,1500,1500,1500,1500,1500,1500,1500,1500,1500,1500,1500,1500,1500,1500,1500,1500,7.9
2026-05-04,13:47:04.530,-0.08,-0.86,-0.03,-64,0,99,14,0,5,50,-54,100,15,"AIR",53.759868 -1.543729,41.7,113.60,14,13,10.8,7.3,1206,35,3.3,2,-207,391,-291,12,-1024,-93,-1024,1024,1,1,-1,-1,-1,1,-1,-1,-1,0x0000000000000000,1368,1407,1695,1500,2012,1632,2012,988,1500,1500,1500,1500,1500,1500,1500,1500,1500,1500,1500,1500,1500,1500,1500,1500,1500,1500,1500,1500,1500,1500,1500,1500,7.9
2026-05-04,13:47:05.030,-0.08,-0.86,-0.03,-63,0,100,14,0,5,50,-53,100,14,"AIR",53.759868 -1.543729,41.7,113.60,14,13,10.8,7.3,1206,35,3.3,3,-76,391,-396,12,-1024,-93,-1024,1024,1,1,-1,-1,-1,1,-1,-1,-1,0x0000000000000000,1319,1466,1695,1501,2012,1681,2012,988,1500,1500,1500,1500,1500,1500,1500,1500,1500,1500,1500,1500,1500,1500,1500,1500,1500,1500,1500,1500,1500,1500,1500,1500,7.9
2026-05-04,13:47:05.530,-0.08,-0.86,-0.03,-60,0,100,14,0,5,50,-51,100,13,"AIR",53.759868 -1.543729,41.7,113.60,14,13,10.8,7.3,1206,35,-0.1,2,-4,394,-628,13,-1024,-93,-1024,1024,1,1,-1,-1,-1,1,-1,-1,-1,0x0000000000000000,1206,1498,1697,1500,2012,1794,2012,988,1500,1500,1500,1500,1500,1500,1500,1500,1500,1500,1500,1500,1500,1500,1500,1500,1500,1500,1500,1500,1500,1500,1500,1500,7.9
2026-05-04,13:47:06.030,-0.08,-0.86,-0.03,-64,0,100,14,0,5,50,-50,100,14,"AIR",53.759868 -1.543729,41.7,113.60,14,13,10.8,7.3,1206,35,-0.1,2,3,399,-192,13,-1024,-93,-1024,1024,1,1,-1,-1,-1,1,-1,-1,-1,0x0000000000000000,1414,1501,1699,1500,2012,1586,2012,988,1500,1500,1500,1500,1500,1500,1500,1500,1500,1500,1500,1500,1500,1500,1500,1500,1500,1500,1500,1500,1500,1500,1500,1500,7.9
2026-05-04,13:47:06.530,-0.08,-0.86,-0.03,-59,0,99,14,0,5,50,-53,100,14,"AIR",53.759868 -1.543729,41.7,113.60,14,13,10.8,7.3,1206,35,-0.1,3,-1,446,-411,13,-1024,-93,-1024,1024,1,1,-1,-1,-1,1,-1,-1,-1,0x0000000000000000,1312,1500,1723,1501,2012,1688,2012,988,1500,1500,1500,1500,1500,1500,1500,1500,1500,1500,1500,1500,1500,1500,1500,1500,1500,1500,1500,1500,1500,1500,1500,1500,7.9
2026-05-04,13:47:07.030,-0.08,-0.86,-0.03,-67,0,100,14,0,5,50,-56,100,14,"AIR",53.760188 -1.543566,42.7,273.90,15,14,10.8,7.3,1206,35,-0.1,2,-1,422,6,12,-1024,-93,-1024,1024,1,1,-1,-1,-1,1,-1,-1,-1,0x0000000000000000,1502,1500,1711,1500,2012,1498,2012,988,1500,1500,1500,1500,1500,1500,1500,1500,1500,1500,1500,1500,1500,1500,1500,1500,1500,1500,1500,1500,1500,1500,1500,1500,8.0
2026-05-04,13:47:07.530,-0.08,-0.86,-0.03,-58,0,98,14,0,5,50,-53,100,15,"AIR",53.760188 -1.543566,42.7,273.90,15,14,10.8,7.3,1206,35,-0.1,-406,-111,255,-115,13,-1024,-93,-1024,1024,1,1,-1,-1,-1,1,-1,-1,-1,0x0000000000000000,1449,1450,1627,1349,2012,1551,2012,988,1500,1500,1500,1500,1500,1500,1500,1500,1500,1500,1500,1500,1500,1500,1500,1500,1500,1500,1500,1500,1500,1500,1500,1500,8.0
2026-05-04,13:47:08.030,-0.08,-0.86,-0.03,-64,0,100,14,0,5,50,-50,100,14,"AIR",53.760188 -1.543566,42.7,273.90,15,14,10.8,7.3,1206,35,-0.1,-709,-114,207,-1,12,-1024,-93,-1024,1024,1,1,-1,-1,-1,1,-1,-1,-1,0x0000000000000000,1500,1449,1603,1201,2012,1500,2012,988,1500,1500,1500,1500,1500,1500,1500,1500,1500,1500,1500,1500,1500,1500,1500,1500,1500,1500,1500,1500,1500,1500,1500,1500,8.0
2026-05-04,13:47:08.530,-0.08,-0.86,-0.03,-62,0,99,14,0,5,50,-53,100,14,"AIR",53.760188 -1.543566,42.7,273.90,15,14,10.9,6.0,1215,38,-0.1,0,-300,192,276,12,-1024,-93,-1024,1024,1,1,-1,-1,-1,1,-1,-1,-1,0x0000000000000000,1625,1364,1596,1500,2012,1375,2012,988,1500,1500,1500,1500,1500,1500,1500,1500,1500,1500,1500,1500,1500,1500,1500,1500,1500,1500,1500,1500,1500,1500,1500,1500,8.0
2026-05-04,13:47:09.030,-0.16,-0.67,-2.48,-66,0,99,13,0,5,50,-63,100,15,"AIR",53.760188 -1.543566,42.7,273.90,15,14,10.9,6.0,1215,38,-0.1,2,-537,205,82,12,-1024,-93,-1024,1024,1,1,-1,-1,-1,1,-1,-1,-1,0x0000000000000000,1537,1252,1602,1500,2012,1463,2012,988,1500,1500,1500,1500,1500,1500,1500,1500,1500,1500,1500,1500,1500,1500,1500,1500,1500,1500,1500,1500,1500,1500,1500,1500,8.0
2026-05-04,13:47:09.530,-0.16,-0.67,-2.48,-69,0,100,14,0,5,50,-65,100,14,"AIR",53.760188 -1.543566,42.7,273.90,15,14,10.9,6.0,1215,38,-0.1,-204,-130,39,2,12,-1024,-93,-1024,1024,1,1,-1,-1,-1,1,-1,-1,-1,0x0000000000000000,1501,1442,1519,1428,2012,1499,2012,988,1500,1500,1500,1500,1500,1500,1500,1500,1500,1500,1500,1500,1500,1500,1500,1500,1500,1500,1500,1500,1500,1500,1500,1500,8.0
2026-05-04,13:47:10.030,-0.16,-0.67,-2.48,-68,0,99,13,0,5,50,-61,100,15,"AIR",53.760188 -1.543566,42.7,273.90,15,14,10.9,6.0,1215,38,-0.1,-350,-219,76,1,12,-1024,-93,-1024,1024,1,1,-1,-1,-1,1,-1,-1,-1,0x0000000000000000,1500,1401,1538,1372,2012,1500,2012,988,1500,1500,1500,1500,1500,1500,1500,1500,1500,1500,1500,1500,1500,1500,1500,1500,1500,1500,1500,1500,1500,1500,1500,1500,8.0
2026-05-04,13:47:10.530,-0.16,-0.67,-2.48,-69,0,99,13,0,5,50,-65,100,15,"AIR",53.760188 -1.543566,42.7,273.90,15,14,10.9,6.0,1215,38,-0.1,-50,-416,109,1,12,-1024,-93,-1024,1024,1,1,-1,-1,-1,1,-1,-1,-1,0x0000000000000000,1500,1310,1554,1483,2012,1500,2012,988,1500,1500,1500,1500,1500,1500,1500,1500,1500,1500,1500,1500,1500,1500,1500,1500,1500,1500,1500,1500,1500,1500,1500,1500,8.0
2026-05-04,13:47:11.030,-0.16,-0.67,-2.48,-68,0,99,13,0,5,50,-62,100,14,"AIR",53.760188 -1.543566,42.7,273.90,15,14,10.9,6.0,1215,38,-1.4,-151,-230,94,2,12,-1024,-93,-1024,1024,1,1,-1,-1,-1,1,-1,-1,-1,0x0000000000000000,1501,1396,1547,1447,2012,1499,2012,988,1500,1500,1500,1500,1500,1500,1500,1500,1500,1500,1500,1500,1500,1500,1500,1500,1500,1500,1500,1500,1500,1500,1500,1500,8.0
2026-05-04,13:47:11.530,-0.16,-0.67,-2.48,-61,0,100,14,0,5,50,-50,100,14,"AIR",53.760188 -1.543566,42.7,273.90,15,14,10.9,6.0,1215,38,-1.4,-479,15,147,-1,12,-1024,-93,-1024,1024,1,1,-1,-1,-1,1,-1,-1,-1,0x0000000000000000,1500,1506,1573,1317,2012,1500,2012,988,1500,1500,1500,1500,1500,1500,1500,1500,1500,1500,1500,1500,1500,1500,1500,1500,1500,1500,1500,1500,1500,1500,1500,1500,8.0
2026-05-04,13:47:12.030,-0.16,-0.67,-2.48,-64,0,100,14,0,5,50,-61,100,14,"AIR",53.760188 -1.543566,42.7,273.90,15,14,10.9,6.0,1215,38,-1.4,-9,-433,53,-4,12,-1024,-93,-1024,1024,1,1,-1,-1,-1,1,-1,-1,-1,0x0000000000000000,1498,1302,1526,1497,2012,1502,2012,988,1500,1500,1500,1500,1500,1500,1500,1500,1500,1500,1500,1500,1500,1500,1500,1500,1500,1500,1500,1500,1500,1500,1500,1500,8.0
2026-05-04,13:47:12.530,-0.16,-0.67,-2.48,-65,0,100,14,0,5,50,-66,100,14,"AIR",53.759856 -1.543775,48.4,130.30,16,14,10.9,6.0,1215,38,-1.4,-74,-339,65,94,12,-1024,-93,-1024,1024,1,1,-1,-1,-1,1,-1,-1,-1,0x0000000000000000,1542,1346,1532,1474,2012,1458,2012,988,1500,1500,1500,1500,1500,1500,1500,1500,1500,1500,1500,1500,1500,1500,1500,1500,1500,1500,1500,1500,1500,1500,1500,1500,8.0
2026-05-04,13:47:13.030,-0.16,-0.67,-2.48,-74,0,100,13,0,5,50,-69,100,14,"AIR",53.759856 -1.543775,48.4,130.30,16,14,10.9,6.0,1215,38,-1.4,-425,-438,60,0,13,-1024,-93,-1024,1024,1,1,-1,-1,-1,1,-1,-1,-1,0x0000000000000000,1500,1299,1530,1341,2012,1500,2012,988,1500,1500,1500,1500,1500,1500,1500,1500,1500,1500,1500,1500,1500,1500,1500,1500,1500,1500,1500,1500,1500,1500,1500,1500,8.0
2026-05-04,13:47:13.530,-0.16,-0.67,-2.48,-73,0,99,13,0,5,50,-66,100,15,"AIR",53.759856 -1.543775,48.4,130.30,16,14,10.9,6.0,1215,38,-1.4,-620,-456,-6,1,12,-1024,-93,-1024,1024,1,1,-1,-1,-1,1,-1,-1,-1,0x0000000000000000,1500,1291,1497,1249,2012,1500,2012,988,1500,1500,1500,1500,1500,1500,1500,1500,1500,1500,1500,1500,1500,1500,1500,1500,1500,1500,1500,1500,1500,1500,1500,1500,8.0
2026-05-04,13:47:14.030,-0.16,-0.67,-2.48,-82,0,100,12,0,5,50,-78,100,10,"AIR",53.759856 -1.543775,48.4,130.30,16,14,11.0,3.1,1221,43,-1.4,2,-668,-37,131,12,-1024,-93,-1024,1024,1,1,-1,-1,-1,1,-1,-1,-1,0x0000000000000000,1559,1186,1482,1500,2012,1441,2012,988,1500,1500,1500,1500,1500,1500,1500,1500,1500,1500,1500,1500,1500,1500,1500,1500,1500,1500,1500,1500,1500,1500,1500,1500,8.0
2026-05-04,13:47:14.530,0.09,-0.94,0.46,-81,0,97,11,0,5,50,-71,100,13,"AIR",53.759856 -1.543775,48.4,130.30,16,14,11.0,3.1,1221,43,-1.4,-444,-640,-223,34,12,-1024,-93,-1024,1024,1,1,-1,-1,-1,1,-1,-1,-1,0x0000000000000000,1515,1200,1389,1332,2012,1485,2012,988,1500,1500,1500,1500,1500,1500,1500,1500,1500,1500,1500,1500,1500,1500,1500,1500,1500,1500,1500,1500,1500,1500,1500,1500,8.0
2026-05-04,13:47:15.030,0.09,-0.94,0.46,-75,0,96,13,0,5,50,-69,100,15,"AIR",53.759856 -1.543775,48.4,130.30,16,14,11.0,3.1,1221,43,-1.4,0,-724,-206,3,13,-1024,-93,-1024,1024,1,1,-1,-1,-1,1,-1,-1,-1,0x0000000000000000,1501,1157,1397,1500,2012,1499,2012,988,1500,1500,1500,1500,1500,1500,1500,1500,1500,1500,1500,1500,1500,1500,1500,1500,1500,1500,1500,1500,1500,1500,1500,1500,8.0
2026-05-04,13:47:15.530,0.09,-0.94,0.46,-70,0,99,14,0,5,50,-61,100,13,"AIR",53.759856 -1.543775,48.4,130.30,16,14,11.0,3.1,1221,43,-1.4,2,-465,-69,-1,12,-1024,-93,-1024,1024,1,1,-1,-1,-1,1,-1,-1,-1,0x0000000000000000,1500,1286,1466,1500,2012,1500,2012,988,1500,1500,1500,1500,1500,1500,1500,1500,1500,1500,1500,1500,1500,1500,1500,1500,1500,1500,1500,1500,1500,1500,1500,1500,8.0
2026-05-04,13:47:16.030,0.09,-0.94,0.46,-66,0,99,14,0,5,50,-53,100,14,"AIR",53.759856 -1.543775,48.4,130.30,16,14,11.0,3.1,1221,43,-1.4,2,-48,353,-381,13,-1024,-93,-1024,1024,1,1,-1,-1,-1,1,-1,-1,-1,0x0000000000000000,1326,1479,1676,1500,2012,1674,2012,988,1500,1500,1500,1500,1500,1500,1500,1500,1500,1500,1500,1500,1500,1500,1500,1500,1500,1500,1500,1500,1500,1500,1500,1500,8.0
2026-05-04,13:47:16.530,0.09,-0.94,0.46,-61,0,100,14,0,5,50,-50,100,14,"AIR",53.759856 -1.543775,48.4,130.30,16,14,11.0,3.1,1221,43,-2.4,2,-5,878,-333,13,-1024,-93,-1024,1024,1,1,-1,-1,-1,1,-1,-1,-1,0x0000000000000000,1349,1498,1939,1500,2012,1651,2012,988,1500,1500,1500,1500,1500,1500,1500,1500,1500,1500,1500,1500,1500,1500,1500,1500,1500,1500,1500,1500,1500,1500,1500,1500,8.0
2026-05-04,13:47:17.030,0.09,-0.94,0.46,-58,0,100,14,0,5,50,-51,100,13,"AIR",53.759856 -1.543775,48.4,130.30,16,14,11.0,3.1,1221,43,-2.4,2,-1,994,-392,13,-1024,-93,-1024,1024,1,1,-1,-1,-1,1,-1,-1,-1,0x0000000000000000,1321,1500,1997,1500,2012,1679,2012,988,1500,1500,1500,1500,1500,1500,1500,1500,1500,1500,1500,1500,1500,1500,1500,1500,1500,1500,1500,1500,1500,1500,1500,1500,8.0
2026-05-04,13:47:17.530,0.09,-0.94,0.46,-60,0,100,14,0,5,50,-53,100,14,"AIR",53.759856 -1.543775,48.4,130.30,16,14,11.0,3.1,1221,43,-2.4,3,0,1024,-252,13,-1024,-93,-1024,1024,1,1,-1,-1,-1,1,-1,-1,-1,0x0000000000000000,1386,1500,2012,1501,2012,1614,2012,988,1500,1500,1500,1500,1500,1500,1500,1500,1500,1500,1500,1500,1500,1500,1500,1500,1500,1500,1500,1500,1500,1500,1500,1500,8.0
2026-05-04,13:47:18.030,0.09,-0.94,0.46,-65,0,100,14,0,5,50,-62,100,15,"AIR",53.760101 -1.543469,47.9,268.50,7,14,11.0,3.1,1221,43,-2.4,4,1,1024,-12,12,-1024,-93,-1024,1024,1,1,-1,-1,-1,1,-1,-1,-1,0x0000000000000000,1500,1500,2012,1501,2012,1500,2012,988,1500,1500,1500,1500,1500,1500,1500,1500,1500,1500,1500,1500,1500,1500,1500,1500,1500,1500,1500,1500,1500,1500,1500,1500,8.0
2026-05-04,13:47:18.530,0.09,-0.94,0.46,-62,0,100,13,0,5,50,-46,100,13,"AIR",53.760101 -1.543469,47.9,268.50,7,14,11.0,3.1,1221,43,-2.4,2,-36,697,472,12,-1024,-93,-1024,1024,1,1,-1,-1,-1,1,-1,-1,-1,0x0000000000000000,1717,1484,1848,1500,2012,1283,2012,988,1500,1500,1500,1500,1500,1500,1500,1500,1500,1500,1500,1500,1500,1500,1500,1500,1500,1500,1500,1500,1500,1500,1500,1500,8.0
2026-05-04,13:47:19.030,0.09,-0.94,0.46,-56,0,100,13,0,5,50,-46,100,15,"AIR",53.760101 -1.543469,47.9,268.50,7,14,11.0,3.1,1221,43,-2.4,2,-15,184,443,12,-1024,-93,-1024,1024,1,1,-1,-1,-1,1,-1,-1,-1,0x0000000000000000,1703,1494,1592,1500,2012,1297,2012,988,1500,1500,1500,1500,1500,1500,1500,1500,1500,1500,1500,1500,1500,1500,1500,1500,1500,1500,1500,1500,1500,1500,1500,1500,8.0
2026-05-04,13:47:19.530,0.09,-0.94,0.46,-58,0,100,14,0,5,50,-42,100,14,"AIR",53.760101 -1.543469,47.9,268.50,7,14,10.6,12.4,1229,28,-2.4,2,-3,63,526,12,-1024,-93,-1024,1024,1,1,-1,-1,-1,1,-1,-1,-1,0x0000000000000000,1743,1499,1531,1500,2012,1257,2012,988,1500,1500,1500,1500,1500,1500,1500,1500,1500,1500,1500,1500,1500,1500,1500,1500,1500,1500,1500,1500,1500,1500,1500,1500,8.0
2026-05-04,13:47:20.030,0.09,-0.94,0.46,-53,0,100,14,0,5,50,-44,100,14,"AIR",53.760101 -1.543469,47.9,268.50,7,14,10.6,12.4,1229,28,-2.4,2,1,23,0,12,-1024,-93,-1024,1024,1,1,-1,-1,-1,1,-1,-1,-1,0x0000000000000000,1500,1500,1511,1500,2012,1500,2012,988,1500,1500,1500,1500,1500,1500,1500,1500,1500,1500,1500,1500,1500,1500,1500,1500,1500,1500,1500,1500,1500,1500,1500,1500,8.0
2026-05-04,13:47:20.530,-0.28,-0.54,-2.34,-52,0,100,14,0,5,50,-45,100,14,"AIR",53.760101 -1.543469,47.9,268.50,7,14,10.6,12.4,1229,28,-2.4,2,4,200,-21,12,-1024,-93,-1024,1024,1,1,-1,-1,-1,1,-1,-1,-1,0x0000000000000000,1491,1502,1600,1500,2012,1510,2012,988,1500,1500,1500,1500,1500,1500,1500,1500,1500,1500,1500,1500,1500,1500,1500,1500,1500,1500,1500,1500,1500,1500,1500,1500,8.0
2026-05-04,13:47:21.030,-0.28,-0.54,-2.34,-54,0,100,14,0,5,50,-56,100,14,"AIR",53.760101 -1.543469,47.9,268.50,7,14,10.6,12.4,1229,28,-2.4,2,-35,209,-651,13,-1024,-93,-1024,1024,1,1,-1,-1,-1,1,-1,-1,-1,0x0000000000000000,1194,1485,1604,1500,2012,1806,2012,988,1500,1500,1500,1500,1500,1500,1500,1500,1500,1500,1500,1500,1500,1500,1500,1500,1500,1500,1500,1500,1500,1500,1500,1500,8.0
2026-05-04,13:47:21.530,-0.28,-0.54,-2.34,-60,0,100,14,0,5,50,-62,100,15,"AIR",53.760101 -1.543469,47.9,268.50,7,14,10.6,12.4,1229,28,-2.4,3,-164,212,-47,13,-1024,-93,-1024,1024,1,1,-1,-1,-1,1,-1,-1,-1,0x0000000000000000,1479,1426,1606,1501,2012,1521,2012,988,1500,1500,1500,1500,1500,1500,1500,1500,1500,1500,1500,1500,1500,1500,1500,1500,1500,1500,1500,1500,1500,1500,1500,1500,8.0
2026-05-04,13:47:22.030,-0.28,-0.54,-2.34,-64,0,100,14,0,5,50,-53,100,15,"AIR",53.760101 -1.543469,47.9,268.50,7,14,10.6,12.4,1229,28,-0.2,3,-354,229,-165,13,-1024,-93,-1024,1024,1,1,-1,-1,-1,1,-1,-1,-1,0x0000000000000000,1426,1339,1614,1501,2012,1574,2012,988,1500,1500,1500,1500,1500,1500,1500,1500,1500,1500,1500,1500,1500,1500,1500,1500,1500,1500,1500,1500,1500,1500,1500,1500,8.0
2026-05-04,13:47:22.530,-0.28,-0.54,-2.34,-57,0,100,14,0,5,50,-66,100,14,"AIR",53.760101 -1.543469,47.9,268.50,7,14,10.6,12.4,1229,28,-0.2,3,-334,229,1,12,-1024,-93,-1024,1024,1,1,-1,-1,-1,1,-1,-1,-1,0x0000000000000000,1500,1348,1614,1501,2012,1500,2012,988,1500,1500,1500,1500,1500,1500,1500,1500,1500,1500,1500,1500,1500,1500,1500,1500,1500,1500,1500,1500,1500,1500,1500,1500,8.0
2026-05-04,13:47:23.030,-0.28,-0.54,-2.34,-62,0,100,14,0,5,50,-52,100,14,"AIR",53.760101 -1.543469,47.9,268.50,7,14,10.6,12.4,1229,28,-0.2,3,-401,229,47,12,-1024,-93,-1024,1024,1,1,-1,-1,-1,1,-1,-1,-1,0x0000000000000000,1521,1317,1614,1501,2012,1479,2012,988,1500,1500,1500,1500,1500,1500,1500,1500,1500,1500,1500,1500,1500,1500,1500,1500,1500,1500,1500,1500,1500,1500,1500,1500,8.0
2026-05-04,13:47:23.530,-0.28,-0.54,-2.34,-64,0,100,14,0,5,50,-71,100,12,"AIR",53.759680 -1.544259,38.3,215.10,9,14,10.6,12.4,1229,28,-0.2,4,-138,552,505,12,-1024,-93,-1024,1024,1,1,-1,-1,-1,1,-1,-1,-1,0x0000000000000000,1733,1438,1776,1501,2012,1267,2012,988,1500,1500,1500,1500,1500,1500,1500,1500,1500,1500,1500,1500,1500,1500,1500,1500,1500,1500,1500,1500,1500,1500,1500,1500,8.0
2026-05-04,13:47:24.030,-0.28,-0.54,-2.34,-76,0,97,12,0,5,50,-66,100,14,"AIR",53.759680 -1.544259,38.3,215.10,9,14,10.6,12.4,1229,28,-0.2,5,1,263,618,12,-1024,-93,-1024,1024,1,1,-1,-1,-1,1,-1,-1,-1,0x0000000000000000,1789,1500,1631,1501,2012,1211,2012,988,1500,1500,1500,1500,1500,1500,1500,1500,1500,1500,1500,1500,1500,1500,1500,1500,1500,1500,1500,1500,1500,1500,1500,1500,8.0
2026-05-04,13:47:24.530,-0.28,-0.54,-2.34,-74,0,98,12,0,5,50,-63,100,13,"AIR",53.759680 -1.544259,38.3,215.10,9,14,10.6,12.4,1229,28,-0.2,97,-1,216,764,12,-1024,-93,-1024,1024,1,1,-1,-1,-1,1,-1,-1,-1,0x0000000000000000,1865,1500,1608,1537,2012,1135,2012,988,1500,1500,1500,1500,1500,1500,1500,1500,1500,1500,1500,1500,1500,1500,1500,1500,1500,1500,1500,1500,1500,1500,1500,1500,8.0
2026-05-04,13:47:25.030,-0.28,-0.54,-2.34,-72,0,98,13,0,5,50,-69,100,15,"AIR",53.759680 -1.544259,38.3,215.10,9,14,10.9,5.6,1237,40,-0.2,227,-313,174,578,12,-1024,-93,-1024,1024,1,1,-1,-1,-1,1,-1,-1,-1,0x0000000000000000,1775,1358,1587,1581,2012,1225,2012,988,1500,1500,1500,1500,1500,1500,1500,1500,1500,1500,1500,1500,1500,1500,1500,1500,1500,1500,1500,1500,1500,1500,1500,1500,8.0
2026-05-04,13:47:25.530,-0.28,-0.54,-2.34,-79,0,96,13,0,5,50,-70,100,15,"AIR",53.759680 -1.544259,38.3,215.10,9,14,10.9,5.6,1237,40,-0.2,283,-939,200,96,12,-1024,-93,-1024,1024,1,1,-1,-1,-1,1,-1,-1,-1,0x0000000000000000,1538,1031,1600,1602,2012,1462,2012,988,1500,1500,1500,1500,1500,1500,1500,1500,1500,1500,1500,1500,1500,1500,1500,1500,1500,1500,1500,1500,1500,1500,1500,1500,8.0
2026-05-04,13:47:26.030,-0.40,0.36,-2.41,-74,0,99,13,0,5,50,-66,100,15,"AIR",53.759680 -1.544259,38.3,215.10,9,14,10.9,5.6,1237,40,-0.2,5,-964,397,-579,13,-1024,-93,-1024,1024,1,1,-1,-1,-1,1,-1,-1,-1,0x0000000000000000,1231,1024,1698,1501,2012,1769,2012,988,1500,1500,1500,1500,1500,1500,1500,1500,1500,1500,1500,1500,1500,1500,1500,1500,1500,1500,1500,1500,1500,1500,1500,1500,8.0
2026-05-04,13:47:26.530,-0.40,0.36,-2.41,-70,0,99,13,0,5,50,-59,100,15,"AIR",53.759680 -1.544259,38.3,215.10,9,14,10.9,5.6,1237,40,-0.2,20,-774,394,-795,13,-1024,-93,-1024,1024,1,1,-1,-1,-1,1,-1,-1,-1,0x0000000000000000,1119,1130,1697,1506,2012,1876,2012,988,1500,1500,1500,1500,1500,1500,1500,1500,1500,1500,1500,1500,1500,1500,1500,1500,1500,1500,1500,1500,1500,1500,1500,1500,8.0
2026-05-04,13:47:27.030,-0.40,0.36,-2.41,-66,0,98,14,0,5,50,-48,100,13,"AIR",53.759680 -1.544259,38.3,215.10,9,14,10.9,5.6,1237,40,-0.2,97,-400,329,-312,13,-1024,-93,-1024,1024,1,1,-1,-1,-1,1,-1,-1,-1,0x0000000000000000,1359,1317,1664,1534,2012,1641,2012,988,1500,1500,1500,1500,1500,1500,1500,1500,1500,1500,1500,1500,1500,1500,1500,1500,1500,1500,1500,1500,1500,1500,1500,1500,8.0
2026-05-04,13:47:27.530,-0.40,0.36,-2.41,-59,0,98,14,0,5,50,-51,100,13,"AIR",53.759680 -1.544259,38.3,215.10,9,14,10.9,5.6,1237,40,-2.4,108,-706,334,58,12,-1024,-93,-1024,1024,1,1,-1,-1,-1,1,-1,-1,-1,0x0000000000000000,1526,1166,1667,1538,2012,1474,2012,988,1500,1500,1500,1500,1500,1500,1500,1500,1500,1500,1500,1500,1500,1500,1500,1500,1500,1500,1500,1500,1500,1500,1500,1500,8.0
2026-05-04,13:47:28.030,-0.40,0.36,-2.41,-59,0,99,14,0,5,50,-49,100,14,"AIR",53.759680 -1.544259,38.3,215.10,9,14,10.9,5.6,1237,40,-2.4,35,-35,649,1023,12,-1024,-93,-1024,1024,1,1,-1,-1,-1,1,-1,-1,-1,0x0000000000000000,2011,1485,1824,1512,2012,989,2012,988,1500,1500,1500,1500,1500,1500,1500,1500,1500,1500,1500,1500,1500,1500,1500,1500,1500,1500,1500,1500,1500,1500,1500,1500,8.0
2026-05-04,13:47:28.530,-0.40,0.36,-2.41,-57,0,99,14,0,5,50,-51,100,14,"AIR",53.759680 -1.544259,38.3,215.10,9,14,10.9,5.6,1237,40,-2.4,5,-601,704,119,12,-1024,-93,-1024,1024,1,1,-1,-1,-1,1,-1,-1,-1,0x0000000000000000,1553,1220,1852,1501,2012,1435,2012,988,1500,1500,1500,1500,1500,1500,1500,1500,1500,1500,1500,1500,1500,1500,1500,1500,1500,1500,1500,1500,1500,1500,1500,1500,8.0
2026-05-04,13:47:29.030,-0.40,0.36,-2.41,-57,0,100,14,0,5,50,-53,100,14,"AIR",53.759454 -1.544799,42.8,-313.56,11,13,10.9,5.6,1237,40,-2.4,3,-561,746,33,12,-1024,-93,-1024,1024,1,1,-1,-1,-1,1,-1,-1,-1,0x0000000000000000,1515,1240,1873,1501,2012,1485,2012,988,1500,1500,1500,1500,1500,1500,1500,1500,1500,1500,1500,1500,1500,1500,1500,1500,1500,1500,1500,1500,1500,1500,1500,1500,8.0
2026-05-04,13:47:29.530,-0.40,0.36,-2.41,-63,0,100,14,0,5,50,-56,100,15,"AIR",53.759454 -1.544799,42.8,-313.56,11,13,10.9,5.6,1237,40,-2.4,2,-5,776,-520,13,-1024,-93,-1024,1024,1,1,-1,-1,-1,1,-1,-1,-1,0x0000000000000000,1260,1498,1888,1500,2012,1740,2012,988,1500,1500,1500,1500,1500,1500,1500,1500,1500,1500,1500,1500,1500,1500,1500,1500,1500,1500,1500,1500,1500,1500,1500,1500,8.0
2026-05-04,13:47:30.030,-0.40,0.36,-2.41,-57,0,100,14,0,5,50,-52,100,15,"AIR",53.759454 -1.544799,42.8,-313.56,11,13,10.9,5.6,1237,40,-2.4,0,-113,1023,-509,13,-1024,-93,-1024,1024,1,1,-1,-1,-1,1,-1,-1,-1,0x0000000000000000,1265,1449,2011,1500,2012,1735,2012,988,1500,1500,1500,1500,1500,1500,1500,1500,1500,1500,1500,1500,1500,1500,1500,1500,1500,1500,1500,1500,1500,1500,1500,1500,8.0
2026-05-04,13:47:30.530,-0.40,0.36,-2.41,-60,0,99,14,0,5,50,-48,100,13,"AIR",53.759454 -1.544799,42.8,-313.56,11,13,10.8,9.3,1246,33,-2.4,1,-59,1024,-1,12,-1024,-93,-1024,1024,1,1,-1,-1,-1,1,-1,-1,-1,0x0000000000000000,1500,1474,2012,1500,2012,1500,2012,988,1500,1500,1500,1500,1500,1500,1500,1500,1500,1500,1500,1500,1500,1500,1500,1500,1500,1500,1500,1500,1500,1500,1500,1500,8.0
2026-05-04,13:47:31.030,-0.40,0.36,-2.41,-56,0,100,14,0,5,50,-50,100,14,"AIR",53.759454 -1.544799,42.8,-313.56,11,13,10.8,9.3,1246,33,-2.4,1,-7,1024,192,12,-1024,-93,-1024,1024,1,1,-1,-1,-1,1,-1,-1,-1,0x0000000000000000,1586,1497,2012,1500,2012,1414,2012,988,1500,1500,1500,1500,1500,1500,1500,1500,1500,1500,1500,1500,1500,1500,1500,1500,1500,1500,1500,1500,1500,1500,1500,1500,7.9
2026-05-04,13:47:31.530,-0.48,0.48,0.37,-57,0,100,14,0,5,50,-47,100,14,"AIR",53.759454 -1.544799,42.8,-313.56,11,13,10.8,9.3,1246,33,-2.4,1,2,1024,585,12,-1024,-93,-1024,1024,1,1,-1,-1,-1,1,-1,-1,-1,0x0000000000000000,1772,1501,2012,1500,2012,1228,2012,988,1500,1500,1500,1500,1500,1500,1500,1500,1500,1500,1500,1500,1500,1500,1500,1500,1500,1500,1500,1500,1500,1500,1500,1500,7.9
2026-05-04,13:47:32.030,-0.48,0.48,0.37,-57,0,99,14,0,5,50,-50,100,14,"AIR",53.759454 -1.544799,42.8,-313.56,11,13,10.8,9.3,1246,33,-2.4,0,-3,1024,300,12,-1024,-93,-1024,1024,1,1,-1,-1,-1,1,-1,-1,-1,0x0000000000000000,1636,1499,2012,1500,2012,1364,2012,988,1500,1500,1500,1500,1500,1500,1500,1500,1500,1500,1500,1500,1500,1500,1500,1500,1500,1500,1500,1500,1500,1500,1500,1500,7.9
2026-05-04,13:47:32.530,-0.48,0.48,0.37,-62,0,100,13,0,5,50,-50,100,13,"AIR",53.759454 -1.544799,42.8,-313.56,11,13,10.8,9.3,1246,33,-2.4,0,-162,1021,609,12,-1024,-93,-1024,1024,1,1,-1,-1,-1,1,-1,-1,-1,0x0000000000000000,1784,1427,2010,1500,2012,1216,2012,988,1500,1500,1500,1500,1500,1500,1500,1500,1500,1500,1500,1500,1500,1500,1500,1500,1500,1500,1500,1500,1500,1500,1500,1500,7.9
2026-05-04,13:47:33.030,-0.48,0.48,0.37,-56,0,99,14,0,5,50,-53,100,14,"AIR",53.759454 -1.544799,42.8,-313.56,11,13,10.8,9.3,1246,33,2.7,0,1,1023,-109,12,-1024,-93,-1024,1024,1,1,-1,-1,-1,1,-1,-1,-1,0x0000000000000000,1451,1500,2011,1500,2012,1549,2012,988,1500,1500,1500,1500,1500,1500,1500,1500,1500,1500,1500,1500,1500,1500,1500,1500,1500,1500,1500,1500,1500,1500,1500,1500,7.9
2026-05-04,13:47:33.530,-0.48,0.48,0.37,-57,0,100,14,0,5,50,-49,100,14,"AIR",53.759454 -1.544799,42.8,-313.56,11,13,10.8,9.3,1246,33,2.7,-134,-4,1023,-876,13,-1024,-93,-1024,1024,1,1,-1,-1,-1,1,-1,-1,-1,0x0000000000000000,1074,1498,2011,1453,2012,1926,2012,988,1500,1500,1500,1500,1500,1500,1500,1500,1500,1500,1500,1500,1500,1500,1500,1500,1500,1500,1500,1500,1500,1500,1500,1500,7.9
2026-05-04,13:47:34.030,-0.48,0.48,0.37,-61,0,100,13,0,5,50,-56,100,14,"AIR",53.759454 -1.544799,42.8,-313.56,11,13,10.8,9.3,1246,33,2.7,-228,-3,602,-7,13,-1024,-93,-1024,1024,1,1,-1,-1,-1,1,-1,-1,-1,0x0000000000000000,1497,1499,1801,1419,2012,1503,2012,988,1500,1500,1500,1500,1500,1500,1500,1500,1500,1500,1500,1500,1500,1500,1500,1500,1500,1500,1500,1500,1500,1500,1500,1500,7.9
2026-05-04,13:47:34.530,-0.48,0.48,0.37,-61,0,99,14,0,5,50,-51,100,14,"AIR",53.759454 -1.544799,42.8,-313.56,11,13,10.8,9.3,1246,33,2.7,-212,2,536,827,12,-1024,-93,-1024,1024,1,1,-1,-1,-1,1,-1,-1,-1,0x0000000000000000,1899,1501,1768,1425,2012,1101,2012,988,1500,1500,1500,1500,1500,1500,1500,1500,1500,1500,1500,1500,1500,1500,1500,1500,1500,1500,1500,1500,1500,1500,1500,1500,7.9
2026-05-04,13:47:35.030,-0.48,0.48,0.37,-57,0,99,14,0,5,50,-48,100,13,"AIR",53.759908 -1.544596,37.1,49.00,24,13,10.8,9.3,1246,33,2.7,-507,2,461,1024,11,-1024,-93,-1024,1024,1,1,-1,-1,-1,1,-1,-1,-1,0x0000000000000000,2012,1501,1730,1304,2012,988,2012,988,1500,1500,1500,1500,1500,1500,1500,1500,1500,1500,1500,1500,1500,1500,1500,1500,1500,1500,1500,1500,1500,1500,1500,1500,7.9
2026-05-04,13:47:35.530,-0.48,0.48,0.37,-57,0,99,14,0,5,50,-51,100,13,"AIR",53.759908 -1.544596,37.1,49.00,24,13,10.8,9.3,1246,33,2.7,-392,128,1022,855,12,-1024,-93,-1024,1024,1,1,-1,-1,-1,1,-1,-1,-1,0x0000000000000000,1914,1557,2011,1355,2012,1086,2012,988,1500,1500,1500,1500,1500,1500,1500,1500,1500,1500,1500,1500,1500,1500,1500,1500,1500,1500,1500,1500,1500,1500,1500,1500,7.9
2026-05-04,13:47:36.030,-0.48,0.48,0.37,-62,0,99,14,0,5,50,-48,100,13,"AIR",53.759908 -1.544596,37.1,49.00,24,13,10.8,7.3,1264,34,2.7,-839,6,1024,1022,12,-1024,-93,-1024,1024,1,1,-1,-1,-1,1,-1,-1,-1,0x0000000000000000,2011,1502,2012,1129,2012,989,2012,988,1500,1500,1500,1500,1500,1500,1500,1500,1500,1500,1500,1500,1500,1500,1500,1500,1500,1500,1500,1500,1500,1500,1500,1500,7.9
2026-05-04,13:47:36.530,-0.48,0.48,0.37,-62,0,100,14,0,5,50,-61,100,13,"AIR",53.759908 -1.544596,37.1,49.00,24,13,10.8,7.3,1264,34,2.7,-526,-5,1024,510,12,-1024,-93,-1024,1024,1,1,-1,-1,-1,1,-1,-1,-1,0x0000000000000000,1735,1498,2012,1295,2012,1265,2012,988,1500,1500,1500,1500,1500,1500,1500,1500,1500,1500,1500,1500,1500,1500,1500,1500,1500,1500,1500,1500,1500,1500,1500,1500,7.9
2026-05-04,13:47:37.030,-0.33,0.59,0.28,-60,0,99,13,0,5,50,-50,100,14,"AIR",53.759908 -1.544596,37.1,49.00,24,13,10.8,7.3,1264,34,2.7,4,-302,709,117,12,-1024,-93,-1024,1024,1,1,-1,-1,-1,1,-1,-1,-1,0x0000000000000000,1552,1363,1854,1501,2012,1448,2012,988,1500,1500,1500,1500,1500,1500,1500,1500,1500,1500,1500,1500,1500,1500,1500,1500,1500,1500,1500,1500,1500,1500,1500,1500,7.9
2026-05-04,13:47:37.530,-0.33,0.59,0.28,-62,0,98,14,0,5,50,-53,100,14,"AIR",53.759908 -1.544596,37.1,49.00,24,13,10.8,7.3,1264,34,2.7,6,-345,755,211,12,-1024,-93,-1024,1024,1,1,-1,-1,-1,1,-1,-1,-1,0x0000000000000000,1595,1343,1877,1502,2012,1405,2012,988,1500,1500,1500,1500,1500,1500,1500,1500,1500,1500,1500,1500,1500,1500,1500,1500,1500,1500,1500,1500,1500,1500,1500,1500,7.9
2026-05-04,13:47:38.030,-0.33,0.59,0.28,-62,0,99,14,0,5,50,-54,100,13,"AIR",53.759908 -1.544596,37.1,49.00,24,13,10.8,7.3,1264,34,2.7,53,-526,739,220,12,-1024,-93,-1024,1024,1,1,-1,-1,-1,1,-1,-1,-1,0x0000000000000000,1599,1257,1869,1518,2012,1401,2012,988,1500,1500,1500,1500,1500,1500,1500,1500,1500,1500,1500,1500,1500,1500,1500,1500,1500,1500,1500,1500,1500,1500,1500,1500,7.9
2026-05-04,13:47:38.530,-0.33,0.59,0.28,-64,0,100,13,0,5,50,-53,100,14,"AIR",53.759908 -1.544596,37.1,49.00,24,13,10.8,7.3,1264,34,-1.1,77,-538,608,98,12,-1024,-93,-1024,1024,1,1,-1,-1,-1,1,-1,-1,-1,0x0000000000000000,1544,1251,1804,1527,2012,1456,2012,988,1500,1500,1500,1500,1500,1500,1500,1500,1500,1500,1500,1500,1500,1500,1500,1500,1500,1500,1500,1500,1500,1500,1500,1500,7.9
2026-05-04,13:47:39.030,-0.33,0.59,0.28,-64,0,100,14,0,5,50,-58,100,13,"AIR",53.759908 -1.544596,37.1,49.00,24,13,10.8,7.3,1264,34,-1.1,187,-553,484,163,12,-1024,-93,-1024,1024,1,1,-1,-1,-1,1,-1,-1,-1,0x0000000000000000,1573,1244,1742,1566,2012,1427,2012,988,1500,1500,1500,1500,1500,1500,1500,1500,1500,1500,1500,1500,1500,1500,1500,1500,1500,1500,1500,1500,1500,1500,1500,1500,8.0
2026-05-04,13:47:39.530,-0.33,0.59,0.28,-65,0,100,13,0,5,50,-55,100,14,"AIR",53.759908 -1.544596,37.1,49.00,24,13,10.8,7.3,1264,34,-1.1,213,-605,485,8,12,-1024,-93,-1024,1024,1,1,-1,-1,-1,1,-1,-1,-1,0x0000000000000000,1503,1218,1742,1576,2012,1497,2012,988,1500,1500,1500,1500,1500,1500,1500,1500,1500,1500,1500,1500,1500,1500,1500,1500,1500,1500,1500,1500,1500,1500,1500,1500,8.0
2026-05-04,13:47:40.030,-0.33,0.59,0.28,-64,0,100,14,0,5,50,-57,100,14,"AIR",53.759908 -1.544596,37.1,49.00,24,13,10.8,7.3,1264,34,-1.1,12,-797,495,-73,13,-1024,-93,-1024,1024,1,1,-1,-1,-1,1,-1,-1,-1,0x0000000000000000,1468,1118,1748,1504,2012,1532,2012,988,1500,1500,1500,1500,1500,1500,1500,1500,1500,1500,1500,1500,1500,1500,1500,1500,1500,1500,1500,1500,1500,1500,1500,1500,8.0
2026-05-04,13:47:40.530,-0.33,0.59,0.28,-69,0,100,14,0,5,50,-68,100,13,"AIR",53.760229 -1.543881,51.2,64.20,20,12,10.8,7.3,1264,34,-1.1,3,-671,513,-1024,13,-1024,-93,-1024,1024,1,1,-1,-1,-1,1,-1,-1,-1,0x0000000000000000,988,1184,1756,1501,2012,2012,2012,988,1500,1500,1500,1500,1500,1500,1500,1500,1500,1500,1500,1500,1500,1500,1500,1500,1500,1500,1500,1500,1500,1500,1500,1500,8.0
2026-05-04,13:47:41.030,-0.33,0.59,0.28,-69,0,100,14,0,5,50,-61,100,13,"AIR",53.760229 -1.543881,51.2,64.20,20,12,10.8,7.3,1264,34,-1.1,0,-40,534,-180,12,-1024,-93,-1024,1024,1,1,-1,-1,-1,1,-1,-1,-1,0x0000000000000000,1419,1482,1767,1500,2012,1581,2012,988,1500,1500,1500,1500,1500,1500,1500,1500,1500,1500,1500,1500,1500,1500,1500,1500,1500,1500,1500,1500,1500,1500,1500,1500,8.0
2026-05-04,13:47:41.530,-0.33,0.59,0.28,-69,0,100,13,0,5,50,-62,100,15,"AIR",53.760229 -1.543881,51.2,64.20,20,12,10.9,5.2,1277,37,-1.1,1,-151,592,0,12,-1024,-93,-1024,1024,1,1,-1,-1,-1,1,-1,-1,-1,0x0000000000000000,1500,1432,1796,1500,2012,1500,2012,988,1500,1500,1500,1500,1500,1500,1500,1500,1500,1500,1500,1500,1500,1500,1500,1500,1500,1500,1500,1500,1500,1500,1500,1500,8.0
2026-05-04,13:47:42.030,-0.33,0.59,0.28,-65,0,100,14,0,5,50,-53,100,15,"AIR",53.760229 -1.543881,51.2,64.20,20,12,10.9,5.2,1277,37,-1.1,3,-160,1013,367,12,-1024,-93,-1024,1024,1,1,-1,-1,-1,1,-1,-1,-1,0x0000000000000000,1661,1428,2007,1501,2012,1339,2012,988,1500,1500,1500,1500,1500,1500,1500,1500,1500,1500,1500,1500,1500,1500,1500,1500,1500,1500,1500,1500,1500,1500,1500,1500,8.0
2026-05-04,13:47:42.530,-0.13,-0.21,-2.50,-60,0,100,14,0,5,50,-49,100,14,"AIR",53.760229 -1.543881,51.2,64.20,20,12,10.9,5.2,1277,37,-1.1,4,-24,1024,322,12,-1024,-93,-1024,1024,1,1,-1,-1,-1,1,-1,-1,-1,0x0000000000000000,1646,1489,2012,1501,2012,1354,2012,988,1500,1500,1500,1500,1500,1500,1500,1500,1500,1500,1500,1500,1500,1500,1500,1500,1500,1500,1500,1500,1500,1500,1500,1500,8.0
2026-05-04,13:47:43.030,-0.13,-0.21,-2.50,-62,0,98,14,0,5,50,-56,100,14,"AIR",53.760229 -1.543881,51.2,64.20,20,12,10.9,5.2,1277,37,-1.1,4,1,1024,-360,12,-1024,-93,-1024,1024,1,1,-1,-1,-1,1,-1,-1,-1,0x0000000000000000,1336,1500,2012,1501,2012,1664,2012,988,1500,1500,1500,1500,1500,1500,1500,1500,1500,1500,1500,1500,1500,1500,1500,1500,1500,1500,1500,1500,1500,1500,1500,1500,8.0
2026-05-04,13:47:43.530,-0.13,-0.21,-2.50,-61,0,98,14,0,5,50,-52,100,15,"AIR",53.760229 -1.543881,51.2,64.20,20,12,10.9,5.2,1277,37,-1.1,2,5,1024,-3,12,-1024,-93,-1024,1024,1,1,-1,-1,-1,1,-1,-1,-1,0x0000000000000000,1499,1502,2012,1500,2012,1501,2012,988,1500,1500,1500,1500,1500,1500,1500,1500,1500,1500,1500,1500,1500,1500,1500,1500,1500,1500,1500,1500,1500,1500,1500,1500,8.0
2026-05-04,13:47:44.030,-0.13,-0.21,-2.50,-62,0,100,13,0,5,50,-50,100,13,"AIR",53.760229 -1.543881,51.2,64.20,20,12,10.9,5.2,1277,37,4.2,4,7,934,385,12,-1024,-93,-1024,1024,1,1,-1,-1,-1,1,-1,-1,-1,0x0000000000000000,1675,1503,1961,1501,2012,1325,2012,988,1500,1500,1500,1500,1500,1500,1500,1500,1500,1500,1500,1500,1500,1500,1500,1500,1500,1500,1500,1500,1500,1500,1500,1500,8.0
2026-05-04,13:47:44.530,-0.13,-0.21,-2.50,-63,0,98,14,0,5,50,-50,100,14,"AIR",53.760229 -1.543881,51.2,64.20,20,12,10.9,5.2,1277,37,4.2,2,81,997,-34,12,-1024,-93,-1024,1024,1,1,-1,-1,-1,1,-1,-1,-1,0x0000000000000000,1485,1536,1998,1500,2012,1515,2012,988,1500,1500,1500,1500,1500,1500,1500,1500,1500,1500,1500,1500,1500,1500,1500,1500,1500,1500,1500,1500,1500,1500,1500,1500,8.0
2026-05-04,13:47:45.030,-0.13,-0.21,-2.50,-60,0,97,13,0,5,50,-51,100,14,"AIR",53.760229 -1.543881,51.2,64.20,20,12,10.9,5.2,1277,37,4.2,0,166,1024,-67,12,-1024,-93,-1024,1024,1,1,-1,-1,-1,1,-1,-1,-1,0x0000000000000000,1470,1575,2012,1500,2012,1530,2012,988,1500,1500,1500,1500,1500,1500,1500,1500,1500,1500,1500,1500,1500,1500,1500,1500,1500,1500,1500,1500,1500,1500,1500,1500,8.0
2026-05-04,13:47:45.530,-0.13,-0.21,-2.50,-59,0,100,14,0,5,50,-55,100,13,"AIR",53.760229 -1.543881,51.2,64.20,20,12,10.9,5.2,1277,37,4.2,2,370,1024,-7,12,-1024,-93,-1024,1024,1,1,-1,-1,-1,1,-1,-1,-1,0x0000000000000000,1497,1668,2012,1500,2012,1503,2012,988,1500,1500,1500,1500,1500,1500,1500,1500,1500,1500,1500,1500,1500,1500,1500,1500,1500,1500,1500,1500,1500,1500,1500,1500,8.0
2026-05-04,13:47:46.030,-0.13,-0.21,-2.50,-63,0,99,13,0,5,50,-60,100,15,"AIR",53.759806 -1.544080,44.4,213.50,17,10,10.9,5.2,1277,37,4.2,1,7,1024,-2,12,-1024,-93,-1024,1024,1,1,-1,-1,-1,1,-1,-1,-1,0x0000000000000000,1499,1502,2012,1500,2012,1501,2012,988,1500,1500,1500,1500,1500,1500,1500,1500,1500,1500,1500,1500,1500,1500,1500,1500,1500,1500,1500,1500,1500,1500,1500,1500,8.0
2026-05-04,13:47:46.530,-0.13,-0.21,-2.50,-64,0,98,13,0,5,50,-55,100,14,"AIR",53.759806 -1.544080,44.4,213.50,17,10,10.9,5.2,1277,37,4.2,0,-2,1024,6,12,-1024,-93,-1024,1024,1,1,-1,-1,-1,1,-1,-1,-1,0x0000000000000000,1502,1499,2012,1500,2012,1498,2012,988,1500,1500,1500,1500,1500,1500,1500,1500,1500,1500,1500,1500,1500,1500,1500,1500,1500,1500,1500,1500,1500,1500,1500,1500,8.0
2026-05-04,13:47:47.030,-0.13,-0.21,-2.50,-67,0,98,13,0,5,50,-65,100,14,"AIR",53.759806 -1.544080,44.4,213.50,17,10,10.5,12.5,1293,25,4.2,2,3,1024,-2,13,-1024,-93,-1024,1024,1,1,-1,-1,-1,1,-1,-1,-1,0x0000000000000000,1499,1501,2012,1500,2012,1501,2012,988,1500,1500,1500,1500,1500,1500,1500,1500,1500,1500,1500,1500,1500,1500,1500,1500,1500,1500,1500,1500,1500,1500,1500,1500,8.0
2026-05-04,13:47:47.530,-0.13,-0.21,-2.50,-64,0,99,13,0,5,50,-53,100,15,"AIR",53.759806 -1.544080,44.4,213.50,17,10,10.5,12.5,1293,25,4.2,5,-66,1024,252,12,-1024,-93,-1024,1024,1,1,-1,-1,-1,1,-1,-1,-1,0x0000000000000000,1614,1471,2012,1501,2012,1386,2012,988,1500,1500,1500,1500,1500,1500,1500,1500,1500,1500,1500,1500,1500,1500,1500,1500,1500,1500,1500,1500,1500,1500,1500,1500,8.0
2026-05-04,13:47:48.030,-0.16,0.09,-2.72,-64,0,100,14,0,5,50,-56,100,13,"AIR",53.759806 -1.544080,44.4,213.50,17,10,10.5,12.5,1293,25,4.2,3,-285,1024,352,12,-1024,-93,-1024,1024,1,1,-1,-1,-1,1,-1,-1,-1,0x0000000000000000,1660,1366,2012,1501,2012,1340,2012,988,1500,1500,1500,1500,1500,1500,1500,1500,1500,1500,1500,1500,1500,1500,1500,1500,1500,1500,1500,1500,1500,1500,1500,1500,8.0
2026-05-04,13:47:48.530,-0.16,0.09,-2.72,-68,0,99,14,0,5,50,-57,100,14,"AIR",53.759806 -1.544080,44.4,213.50,17,10,10.5,12.5,1293,25,4.2,33,-359,1024,358,12,-1024,-93,-1024,1024,1,1,-1,-1,-1,1,-1,-1,-1,0x0000000000000000,1663,1337,2012,1511,2012,1337,2012,988,1500,1500,1500,1500,1500,1500,1500,1500,1500,1500,1500,1500,1500,1500,1500,1500,1500,1500,1500,1500,1500,1500,1500,1500,8.0
2026-05-04,13:47:49.030,-0.16,0.09,-2.72,-77,0,99,12,0,5,50,-75,100,11,"AIR",53.759806 -1.544080,44.4,213.50,17,10,10.5,12.5,1293,25,4.2,4,-547,924,-61,13,-1024,-93,-1024,1024,1,1,-1,-1,-1,1,-1,-1,-1,0x0000000000000000,1473,1247,1962,1501,2012,1527,2012,988,1500,1500,1500,1500,1500,1500,1500,1500,1500,1500,1500,1500,1500,1500,1500,1500,1500,1500,1500,1500,1500,1500,1500,1500,8.0
2026-05-04,13:47:49.530,-0.16,0.09,-2.72,-77,0,98,12,0,5,50,-68,100,13,"AIR",53.759806 -1.544080,44.4,213.50,17,10,10.5,12.5,1293,25,1.9,3,-522,809,-414,13,-1024,-93,-1024,1024,1,1,-1,-1,-1,1,-1,-1,-1,0x0000000000000000,1311,1259,1904,1501,2012,1689,2012,988,1500,1500,1500,1500,1500,1500,1500,1500,1500,1500,1500,1500,1500,1500,1500,1500,1500,1500,1500,1500,1500,1500,1500,1500,8.0
2026-05-04,13:47:50.030,-0.16,0.09,-2.72,-80,0,98,12,0,5,50,-76,100,13,"AIR",53.759806 -1.544080,44.4,213.50,17,10,10.5,12.5,1293,25,1.9,106,-509,843,2,12,-1024,-93,-1024,1024,1,1,-1,-1,-1,1,-1,-1,-1,0x0000000000000000,1501,1265,1921,1537,2012,1499,2012,988,1500,1500,1500,1500,1500,1500,1500,1500,1500,1500,1500,1500,1500,1500,1500,1500,1500,1500,1500,1500,1500,1500,1500,1500,8.0
2026-05-04,13:47:50.530,-0.16,0.09,-2.72,-82,0,98,12,0,5,50,-77,100,13,"AIR",53.759806 -1.544080,44.4,213.50,17,10,10.5,12.5,1293,25,1.9,147,-412,1021,-3,12,-1024,-93,-1024,1024,1,1,-1,-1,-1,1,-1,-1,-1,0x0000000000000000,1499,1312,2010,1552,2012,1501,2012,988,1500,1500,1500,1500,1500,1500,1500,1500,1500,1500,1500,1500,1500,1500,1500,1500,1500,1500,1500,1500,1500,1500,1500,1500,8.0
2026-05-04,13:47:51.030,-0.16,0.09,-2.72,-80,0,100,12,0,5,50,-68,100,13,"AIR",53.759806 -1.544080,44.4,213.50,17,10,10.5,12.5,1293,25,1.9,175,-443,1024,-23,12,-1024,-93,-1024,1024,1,1,-1,-1,-1,1,-1,-1,-1,0x0000000000000000,1490,1297,2012,1562,2012,1510,2012,988,1500,1500,1500,1500,1500,1500,1500,1500,1500,1500,1500,1500,1500,1500,1500,1500,1500,1500,1500,1500,1500,1500,1500,1500,8.0
2026-05-04,13:47:51.530,-0.16,0.09,-2.72,-77,0,99,13,0,5,50,-76,100,13,"AIR",53.759225 -1.544654,51.6,232.60,28,11,10.5,12.5,1293,25,1.9,170,-575,1024,-100,12,-1024,-93,-1024,1024,1,1,-1,-1,-1,1,-1,-1,-1,0x0000000000000000,1455,1233,2012,1560,2012,1545,2012,988,1500,1500,1500,1500,1500,1500,1500,1500,1500,1500,1500,1500,1500,1500,1500,1500,1500,1500,1500,1500,1500,1500,1500,1500,8.0
2026-05-04,13:47:52.030,-0.16,0.09,-2.72,-80,0,100,12,0,5,50,-78,100,12,"AIR",53.759225 -1.544654,51.6,232.60,28,11,10.5,12.5,1293,25,1.9,171,-497,1024,-374,13,-1024,-93,-1024,1024,1,1,-1,-1,-1,1,-1,-1,-1,0x0000000000000000,1330,1271,2012,1560,2012,1670,2012,988,1500,1500,1500,1500,1500,1500,1500,1500,1500,1500,1500,1500,1500,1500,1500,1500,1500,1500,1500,1500,1500,1500,1500,1500,8.0
2026-05-04,13:47:52.530,-0.16,0.09,-2.72,-78,0,99,12,0,5,50,-69,100,14,"AIR",53.759225 -1.544654,51.6,232.60,28,11,10.5,12.6,1310,25,1.9,121,-509,1024,-448,13,-1024,-93,-1024,1024,1,1,-1,-1,-1,1,-1,-1,-1,0x0000000000000000,1289,1265,2012,1542,2012,1711,2012,988,1500,1500,1500,1500,1500,1500,1500,1500,1500,1500,1500,1500,1500,1500,1500,1500,1500,1500,1500,1500,1500,1500,1500,1500,8.0
2026-05-04,13:47:53.030,-0.16,0.09,-2.72,-74,0,97,13,0,5,50,-67,100,14,"AIR",53.759225 -1.544654,51.6,232.60,28,11,10.5,12.6,1310,25,1.9,86,-153,1024,-354,12,-1024,-93,-1024,1024,1,1,-1,-1,-1,1,-1,-1,-1,0x0000000000000000,1339,1431,2012,1530,2012,1661,2012,988,1500,1500,1500,1500,1500,1500,1500,1500,1500,1500,1500,1500,1500,1500,1500,1500,1500,1500,1500,1500,1500,1500,1500,1500,8.0
2026-05-04,13:47:53.530,-0.29,1.20,0.00,-74,0,99,13,0,5,50,-69,100,15,"AIR",53.759225 -1.544654,51.6,232.60,28,11,10.5,12.6,1310,25,1.9,5,1,1024,-476,13,-1024,-93,-1024,1024,1,1,-1,-1,-1,1,-1,-1,-1,0x0000000000000000,1281,1500,2012,1501,2012,1719,2012,988,1500,1500,1500,1500,1500,1500,1500,1500,1500,1500,1500,1500,1500,1500,1500,1500,1500,1500,1500,1500,1500,1500,1500,1500,8.0
2026-05-04,13:47:54.030,-0.29,1.20,0.00,-70,0,100,13,0,5,50,-60,100,14,"AIR",53.759225 -1.544654,51.6,232.60,28,11,10.5,12.6,1310,25,1.9,1,114,1024,-90,13,-1024,-93,-1024,1024,1,1,-1,-1,-1,1,-1,-1,-1,0x0000000000000000,1460,1551,2012,1500,2012,1534,2012,988,1500,1500,1500,1500,1500,1500,1500,1500,1500,1500,1500,1500,1500,1500,1500,1500,1500,1500,1500,1500,1500,1500,1500,1500,8.0
2026-05-04,13:47:54.530,-0.29,1.20,0.00,-70,0,100,13,0,5,50,-67,100,15,"AIR",53.759225 -1.544654,51.6,232.60,28,11,10.5,12.6,1310,25,1.9,-575,417,1024,-186,13,-1024,-93,-1024,1024,1,1,-1,-1,-1,1,-1,-1,-1,0x0000000000000000,1416,1691,2012,1272,2012,1584,2012,988,1500,1500,1500,1500,1500,1500,1500,1500,1500,1500,1500,1500,1500,1500,1500,1500,1500,1500,1500,1500,1500,1500,1500,1500,8.0
2026-05-04,13:47:55.030,-0.29,1.20,0.00,-68,0,99,13,0,5,50,-63,100,15,"AIR",53.759225 -1.544654,51.6,232.60,28,11,10.5,12.6,1310,25,1.5,-142,6,1024,155,12,-1024,-93,-1024,1024,1,1,-1,-1,-1,1,-1,-1,-1,0x0000000000000000,1570,1502,2012,1450,2012,1430,2012,988,1500,1500,1500,1500,1500,1500,1500,1500,1500,1500,1500,1500,1500,1500,1500,1500,1500,1500,1500,1500,1500,1500,1500,1500,7.9
2026-05-04,13:47:55.530,-0.29,1.20,0.00,-70,0,99,13,0,5,50,-60,100,14,"AIR",53.759225 -1.544654,51.6,232.60,28,11,10.5,12.6,1310,25,1.5,119,4,1024,633,12,-1024,-93,-1024,1024,1,1,-1,-1,-1,1,-1,-1,-1,0x0000000000000000,1796,1502,2012,1542,2012,1204,2012,988,1500,1500,1500,1500,1500,1500,1500,1500,1500,1500,1500,1500,1500,1500,1500,1500,1500,1500,1500,1500,1500,1500,1500,1500,7.9
2026-05-04,13:47:56.030,-0.29,1.20,0.00,-69,0,99,13,0,5,50,-58,100,14,"AIR",53.759225 -1.544654,51.6,232.60,28,11,10.5,12.6,1310,25,1.5,-392,-676,1024,-1,12,-1024,-93,-1024,1024,1,1,-1,-1,-1,1,-1,-1,-1,0x0000000000000000,1500,1182,2012,1355,2012,1500,2012,988,1500,1500,1500,1500,1500,1500,1500,1500,1500,1500,1500,1500,1500,1500,1500,1500,1500,1500,1500,1500,1500,1500,1500,1500,7.9
2026-05-04,13:47:56.530,-0.29,1.20,0.00,-62,0,100,14,0,5,50,-53,100,15,"AIR",53.759225 -1.544654,51.6,232.60,28,11,10.5,12.6,1310,25,1.5,34,-403,1024,67,12,-1024,-93,-1024,1024,1,1,-1,-1,-1,1,-1,-1,-1,0x0000000000000000,1530,1316,2012,1512,2012,1470,2012,988,1500,1500,1500,1500,1500,1500,1500,1500,1500,1500,1500,1500,1500,1500,1500,1500,1500,1500,1500,1500,1500,1500,1500,1500,7.9
2026-05-04,13:47:57.030,-0.29,1.20,0.00,-58,0,100,13,0,5,50,-50,100,14,"AIR",53.759537 -1.544752,48.7,51.80,40,13,10.5,12.6,1310,25,1.5,5,-93,965,1024,12,-1024,-93,-1024,1024,1,1,-1,-1,-1,1,-1,-1,-1,0x0000000000000000,2012,1458,1982,1501,2012,988,2012,988,1500,1500,1500,1500,1500,1500,1500,1500,1500,1500,1500,1500,1500,1500,1500,1500,1500,1500,1500,1500,1500,1500,1500,1500,7.9
2026-05-04,13:47:57.530,-0.29,1.20,0.00,-60,0,100,14,0,5,50,-53,100,13,"AIR",53.759537 -1.544752,48.7,51.80,40,13,10.5,12.6,1310,25,1.5,2,52,633,1024,12,-1024,-93,-1024,1024,1,1,-1,-1,-1,1,-1,-1,-1,0x0000000000000000,2012,1523,1816,1500,2012,988,2012,988,1500,1500,1500,1500,1500,1500,1500,1500,1500,1500,1500,1500,1500,1500,1500,1500,1500,1500,1500,1500,1500,1500,1500,1500,7.9
2026-05-04,13:47:58.030,-0.29,1.20,0.00,-63,0,100,13,0,5,50,-56,100,14,"AIR",53.759537 -1.544752,48.7,51.80,40,13,10.5,12.2,1329,24,1.5,4,1024,1024,447,12,-1024,-93,-1024,1024,1,1,-1,-1,-1,1,-1,-1,-1,0x0000000000000000,1705,2012,2012,1501,2012,1295,2012,988,1500,1500,1500,1500,1500,1500,1500,1500,1500,1500,1500,1500,1500,1500,1500,1500,1500,1500,1500,1500,1500,1500,1500,1500,7.9
2026-05-04,13:47:58.530,-0.29,1.20,0.00,-77,0,100,11,0,5,50,-70,100,13,"AIR",53.759537 -1.544752,48.7,51.80,40,13,10.5,12.2,1329,24,1.5,2,1024,835,729,12,-1024,-93,-1024,1024,1,1,-1,-1,-1,1,-1,-1,-1,0x0000000000000000,1846,2012,1917,1500,2012,1154,2012,988,1500,1500,1500,1500,1500,1500,1500,1500,1500,1500,1500,1500,1500,1500,1500,1500,1500,1500,1500,1500,1500,1500,1500,1500,7.9
2026-05-04,13:47:59.030,-0.27,2.49,0.26,-75,0,99,12,0,5,50,-69,100,14,"AIR",53.759537 -1.544752,48.7,51.80,40,13,10.5,12.2,1329,24,1.5,3,1021,985,123,12,-1024,-93,-1024,1024,1,1,-1,-1,-1,1,-1,-1,-1,0x0000000000000000,1555,2010,1992,1501,2012,1445,2012,988,1500,1500,1500,1500,1500,1500,1500,1500,1500,1500,1500,1500,1500,1500,1500,1500,1500,1500,1500,1500,1500,1500,1500,1500,7.9
2026-05-04,13:47:59.530,-0.27,2.49,0.26,-73,0,99,12,0,5,50,-55,100,14,"AIR",53.759537 -1.544752,48.7,51.80,40,13,10.5,12.2,1329,24,1.5,1,1024,989,-8,12,-1024,-93,-1024,1024,1,1,-1,-1,-1,1,-1,-1,-1,0x0000000000000000,1497,2012,1994,1500,2012,1503,2012,988,1500,1500,1500,1500,1500,1500,1500,1500,1500,1500,1500,1500,1500,1500,1500,1500,1500,1500,1500,1500,1500,1500,1500,1500,7.9
2026-05-04,13:48:00.030,-0.27,2.49,0.26,-70,0,98,13,0,5,50,-63,100,15,"AIR",53.759537 -1.544752,48.7,51.80,40,13,10.5,12.2,1329,24,1.5,1,822,999,-457,13,-1024,-93,-1024,1024,1,1,-1,-1,-1,1,-1,-1,-1,0x0000000000000000,1290,1896,1999,1500,2012,1710,2012,988,1500,1500,1500,1500,1500,1500,1500,1500,1500,1500,1500,1500,1500,1500,1500,1500,1500,1500,1500,1500,1500,1500,1500,1500,7.9
2026-05-04,13:48:00.530,-0.27,2.49,0.26,-65,0,100,13,0,5,50,-54,100,14,"AIR",53.759537 -1.544752,48.7,51.80,40,13,10.5,12.2,1329,24,1.5,1,479,1010,-849,13,-1024,-93,-1024,1024,1,1,-1,-1,-1,1,-1,-1,-1,0x0000000000000000,1089,1720,2005,1500,2012,1911,2012,988,1500,1500,1500,1500,1500,1500,1500,1500,1500,1500,1500,1500,1500,1500,1500,1500,1500,1500,1500,1500,1500,1500,1500,1500,7.9
2026-05-04,13:48:01.030,-0.27,2.49,0.26,-64,0,100,14,0,5,50,-54,100,14,"AIR",53.759537 -1.544752,48.7,51.80,40,13,10.5,12.2,1329,24,-1.1,1,677,1001,800,12,-1024,-93,-1024,1024,1,1,-1,-1,-1,1,-1,-1,-1,0x0000000000000000,1884,1819,2000,1500,2012,1116,2012,988,1500,1500,1500,1500,1500,1500,1500,1500,1500,1500,1500,1500,1500,1500,1500,1500,1500,1500,1500,1500,1500,1500,1500,1500,7.9
2026-05-04,13:48:01.530,-0.27,2.49,0.26,-68,0,100,13,0,5,50,-63,100,14,"AIR",53.759537 -1.544752,48.7,51.80,40,13,10.5,12.2,1329,24,-1.1,1,-254,604,1024,11,-1024,-93,-1024,1024,1,1,-1,-1,-1,1,-1,-1,-1,0x0000000000000000,2012,1385,1802,1500,2012,988,2012,988,1500,1500,1500,1500,1500,1500,1500,1500,1500,1500,1500,1500,1500,1500,1500,1500,1500,1500,1500,1500,1500,1500,1500,1500,7.9
2026-05-04,13:48:02.030,-0.27,2.49,0.26,-66,0,99,13,0,5,50,-54,100,14,"AIR",53.759537 -1.544752,48.7,51.80,40,13,10.5,12.2,1329,24,-1.1,1,-935,706,4,12,-1024,-93,-1024,1024,1,1,-1,-1,-1,1,-1,-1,-1,0x0000000000000000,1502,1041,1853,1500,2012,1498,2012,988,1500,1500,1500,1500,1500,1500,1500,1500,1500,1500,1500,1500,1500,1500,1500,1500,1500,1500,1500,1500,1500,1500,1500,1500,7.9
2026-05-04,13:48:02.530,-0.27,2.49,0.26,-63,0,99,13,0,5,50,-58,100,13,"AIR",53.760080 -1.544397,52.2,49.90,44,14,10.5,12.2,1329,24,-1.1,2,0,795,3,12,-1024,-93,-1024,1024,1,1,-1,-1,-1,1,-1,-1,-1,0x0000000000000000,1501,1500,1897,1500,2012,1499,2012,988,1500,1500,1500,1500,1500,1500,1500,1500,1500,1500,1500,1500,1500,1500,1500,1500,1500,1500,1500,1500,1500,1500,1500,1500,7.9
2026-05-04,13:48:03.030,-0.27,2.49,0.26,-63,0,100,14,0,5,50,-53,100,13,"AIR",53.760080 -1.544397,52.2,49.90,44,14,10.5,12.2,1329,24,-1.1,112,-160,413,5,12,-1024,-93,-1024,1024,1,1,-1,-1,-1,1,-1,-1,-1,0x0000000000000000,1502,1428,1706,1539,2012,1498,2012,988,1500,1500,1500,1500,1500,1500,1500,1500,1500,1500,1500,1500,1500,1500,1500,1500,1500,1500,1500,1500,1500,1500,1500,1500,8.0
2026-05-04,13:48:03.530,-0.27,2.49,0.26,-64,0,99,14,0,5,50,-62,100,14,"AIR",53.760080 -1.544397,52.2,49.90,44,14,10.5,12.2,1329,24,-1.1,270,-34,216,0,12,-1024,-93,-1024,1024,1,1,-1,-1,-1,1,-1,-1,-1,0x0000000000000000,1500,1485,1608,1597,2012,1500,2012,988,1500,1500,1500,1500,1500,1500,1500,1500,1500,1500,1500,1500,1500,1500,1500,1500,1500,1500,1500,1500,1500,1500,1500,1500,8.0
2026-05-04,13:48:04.030,-0.27,2.49,0.26,-73,0,99,13,0,5,50,-72,100,13,"AIR",53.760080 -1.544397,52.2,49.90,44,14,10.8,6.6,1345,33,-1.1,281,0,145,1,12,-1024,-93,-1024,1024,1,1,-1,-1,-1,1,-1,-1,-1,0x0000000000000000,1500,1500,1572,1601,2012,1500,2012,988,1500,1500,1500,1500,1500,1500,1500,1500,1500,1500,1500,1500,1500,1500,1500,1500,1500,1500,1500,1500,1500,1500,1500,1500,8.0
2026-05-04,13:48:04.530,-0.12,1.00,1.62,-75,0,100,13,0,5,50,-64,100,14,"AIR",53.760080 -1.544397,52.2,49.90,44,14,10.8,6.6,1345,33,-1.1,285,-424,173,31,12,-1024,-93,-1024,1024,1,1,-1,-1,-1,1,-1,-1,-1,0x0000000000000000,1514,1306,1586,1603,2012,1486,2012,988,1500,1500,1500,1500,1500,1500,1500,1500,1500,1500,1500,1500,1500,1500,1500,1500,1500,1500,1500,1500,1500,1500,1500,1500,8.0
2026-05-04,13:48:05.030,-0.12,1.00,1.62,-71,0,99,14,0,5,50,-60,100,15,"AIR",53.760080 -1.544397,52.2,49.90,44,14,10.8,6.6,1345,33,-1.1,460,-489,156,136,12,-1024,-93,-1024,1024,1,1,-1,-1,-1,1,-1,-1,-1,0x0000000000000000,1561,1275,1578,1675,2012,1439,2012,988,1500,1500,1500,1500,1500,1500,1500,1500,1500,1500,1500,1500,1500,1500,1500,1500,1500,1500,1500,1500,1500,1500,1500,1500,8.0
2026-05-04,13:48:05.530,-0.12,1.00,1.62,-71,0,99,13,0,5,50,-71,100,13,"AIR",53.760080 -1.544397,52.2,49.90,44,14,10.8,6.6,1345,33,-1.1,509,-529,154,94,12,-1024,-93,-1024,1024,1,1,-1,-1,-1,1,-1,-1,-1,0x0000000000000000,1542,1255,1577,1697,2012,1458,2012,988,1500,1500,1500,1500,1500,1500,1500,1500,1500,1500,1500,1500,1500,1500,1500,1500,1500,1500,1500,1500,1500,1500,1500,1500,8.0
2026-05-04,13:48:06.030,-0.12,1.00,1.62,-82,0,99,12,0,5,50,-78,100,13,"AIR",53.760080 -1.544397,52.2,49.90,44,14,10.8,6.6,1345,33,-1.1,61,-497,359,-467,13,-1024,-93,-1024,1024,1,1,-1,-1,-1,1,-1,-1,-1,0x0000000000000000,1286,1271,1679,1521,2012,1714,2012,988,1500,1500,1500,1500,1500,1500,1500,1500,1500,1500,1500,1500,1500,1500,1500,1500,1500,1500,1500,1500,1500,1500,1500,1500,8.0
2026-05-04,13:48:06.530,-0.12,1.00,1.62,-77,0,99,13,0,5,50,-70,100,15,"AIR",53.760080 -1.544397,52.2,49.90,44,14,10.8,6.6,1345,33,-13.8,11,-2,1024,-990,13,-1024,-93,-1024,1024,1,1,-1,-1,-1,1,-1,-1,-1,0x0000000000000000,1009,1499,2012,1504,2012,1991,2012,988,1500,1500,1500,1500,1500,1500,1500,1500,1500,1500,1500,1500,1500,1500,1500,1500,1500,1500,1500,1500,1500,1500,1500,1500,8.0
2026-05-04,13:48:07.030,-0.12,1.00,1.62,-71,0,98,13,0,5,50,-63,100,13,"AIR",53.760080 -1.544397,52.2,49.90,44,14,10.8,6.6,1345,33,-13.8,5,-5,1024,1,12,-1024,-93,-1024,1024,1,1,-1,-1,-1,1,-1,-1,-1,0x0000000000000000,1500,1498,2012,1501,2012,1500,2012,988,1500,1500,1500,1500,1500,1500,1500,1500,1500,1500,1500,1500,1500,1500,1500,1500,1500,1500,1500,1500,1500,1500,1500,1500,8.0
2026-05-04,13:48:07.530,-0.12,1.00,1.62,-68,0,100,13,0,5,50,-55,100,13,"AIR",53.760080 -1.544397,52.2,49.90,44,14,10.8,6.6,1345,33,-13.8,5,0,1024,-1,12,-1024,-93,-1024,1024,1,1,-1,-1,-1,1,-1,-1,-1,0x0000000000000000,1500,1500,2012,1501,2012,1500,2012,988,1500,1500,1500,1500,1500,1500,1500,1500,1500,1500,1500,1500,1500,1500,1500,1500,1500,1500,1500,1500,1500,1500,1500,1500,8.0
2026-05-04,13:48:08.030,-0.12,1.00,1.62,-68,0,100,13,0,5,50,-50,100,14,"AIR",53.760122 -1.543304,55.8,190.00,2,15,10.8,6.6,1345,33,-13.8,1,-525,1024,183,12,-1024,-93,-1024,1024,1,1,-1,-1,-1,1,-1,-1,-1,0x0000000000000000,1582,1257,2012,1500,2012,1418,2012,988,1500,1500,1500,1500,1500,1500,1500,1500,1500,1500,1500,1500,1500,1500,1500,1500,1500,1500,1500,1500,1500,1500,1500,1500,8.0
2026-05-04,13:48:08.530,-0.12,1.00,1.62,-63,0,99,13,0,5,50,-53,100,14,"AIR",53.760122 -1.543304,55.8,190.00,2,15,10.8,6.6,1345,33,-13.8,2,-20,375,3,12,-1024,-93,-1024,1024,1,1,-1,-1,-1,1,-1,-1,-1,0x0000000000000000,1501,1491,1687,1500,2012,1499,2012,988,1500,1500,1500,1500,1500,1500,1500,1500,1500,1500,1500,1500,1500,1500,1500,1500,1500,1500,1500,1500,1500,1500,1500,1500,8.0
2026-05-04,13:48:09.030,-0.12,1.00,1.62,-57,0,100,14,0,5,50,-48,100,13,"AIR",53.760122 -1.543304,55.8,190.00,2,15,10.8,6.6,1345,33,-13.8,4,-245,-664,1,12,-1024,-93,-1024,1024,1,1,-1,-1,-1,1,-1,-1,-1,0x0000000000000000,1500,1389,1168,1501,2012,1500,2012,988,1500,1500,1500,1500,1500,1500,1500,1500,1500,1500,1500,1500,1500,1500,1500,1500,1500,1500,1500,1500,1500,1500,1500,1500,8.0
2026-05-04,13:48:09.530,-0.12,1.00,1.62,-52,0,99,14,0,5,50,-48,100,13,"AIR",53.760122 -1.543304,55.8,190.00,2,15,10.7,9.3,1354,31,-13.8,424,-222,1020,7,12,-1024,-93,-1024,1024,1,1,-1,-1,-1,1,-1,-1,-1,0x0000000000000000,1503,1400,2010,1651,2012,1497,2012,988,1500,1500,1500,1500,1500,1500,1500,1500,1500,1500,1500,1500,1500,1500,1500,1500,1500,1500,1500,1500,1500,1500,1500,1500,8.0
2026-05-04,13:48:10.030,-0.09,-0.29,-2.53,-49,0,99,14,0,5,50,-38,100,15,"AIR",53.760122 -1.543304,55.8,190.00,2,15,10.7,9.3,1354,31,-13.8,186,-2,1024,-227,13,-1024,-93,-1024,1024,1,1,-1,-1,-1,1,-1,-1,-1,0x0000000000000000,1398,1499,2012,1566,2012,1602,2012,988,1500,1500,1500,1500,1500,1500,1500,1500,1500,1500,1500,1500,1500,1500,1500,1500,1500,1500,1500,1500,1500,1500,1500,1500,8.0
2026-05-04,13:48:10.530,-0.09,-0.29,-2.53,-51,0,100,14,0,5,50,-47,100,15,"AIR",53.760122 -1.543304,55.8,190.00,2,15,10.7,9.3,1354,31,-13.8,182,0,1024,-53,12,-1024,-93,-1024,1024,1,1,-1,-1,-1,1,-1,-1,-1,0x0000000000000000,1476,1500,2012,1564,2012,1524,2012,988,1500,1500,1500,1500,1500,1500,1500,1500,1500,1500,1500,1500,1500,1500,1500,1500,1500,1500,1500,1500,1500,1500,1500,1500,8.0
2026-05-04,13:48:11.030,-0.09,-0.29,-2.53,-56,0,100,14,0,5,50,-51,100,13,"AIR",53.760122 -1.543304,55.8,190.00,2,15,10.7,9.3,1354,31,-13.8,165,-284,1024,42,12,-1024,-93,-1024,1024,1,1,-1,-1,-1,1,-1,-1,-1,0x0000000000000000,1519,1372,2012,1558,2012,1481,2012,988,1500,1500,1500,1500,1500,1500,1500,1500,1500,1500,1500,1500,1500,1500,1500,1500,1500,1500,1500,1500,1500,1500,1500,1500,8.0
2026-05-04,13:48:11.530,-0.09,-0.29,-2.53,-59,0,100,14,0,5,50,-54,100,14,"AIR",53.760122 -1.543304,55.8,190.00,2,15,10.7,9.3,1354,31,-13.8,399,-380,1024,332,12,-1024,-93,-1024,1024,1,1,-1,-1,-1,1,-1,-1,-1,0x0000000000000000,1651,1327,2012,1648,2012,1349,2012,988,1500,1500,1500,1500,1500,1500,1500,1500,1500,1500,1500,1500,1500,1500,1500,1500,1500,1500,1500,1500,1500,1500,1500,1500,8.0
2026-05-04,13:48:12.030,-0.09,-0.29,-2.53,-61,0,99,13,0,5,50,-51,100,14,"AIR",53.760122 -1.543304,55.8,190.00,2,15,10.7,9.3,1354,31,4.1,3,-320,1024,-458,12,-1024,-93,-1024,1024,1,1,-1,-1,-1,1,-1,-1,-1,0x0000000000000000,1290,1355,2012,1501,2012,1710,2012,988,1500,1500,1500,1500,1500,1500,1500,1500,1500,1500,1500,1500,1500,1500,1500,1500,1500,1500,1500,1500,1500,1500,1500,1500,8.0
2026-05-04,13:48:12.530,-0.09,-0.29,-2.53,-64,0,100,14,0,5,50,-61,100,13,"AIR",53.760122 -1.543304,55.8,190.00,2,15,10.7,9.3,1354,31,4.1,359,-318,995,-272,12,-1024,-93,-1024,1024,1,1,-1,-1,-1,1,-1,-1,-1,0x0000000000000000,1377,1356,1997,1632,2012,1623,2012,988,1500,1500,1500,1500,1500,1500,1500,1500,1500,1500,1500,1500,1500,1500,1500,1500,1500,1500,1500,1500,1500,1500,1500,1500,8.0
2026-05-04,13:48:13.030,-0.09,-0.29,-2.53,-62,0,98,14,0,5,50,-52,100,14,"AIR",53.760122 -1.543304,55.8,190.00,2,15,10.7,9.3,1354,31,4.1,117,-516,963,91,12,-1024,-93,-1024,1024,1,1,-1,-1,-1,1,-1,-1,-1,0x0000000000000000,1541,1262,1981,1541,2012,1459,2012,988,1500,1500,1500,1500,1500,1500,1500,1500,1500,1500,1500,1500,1500,1500,1500,1500,1500,1500,1500,1500,1500,1500,1500,1500,8.0
2026-05-04,13:48:13.530,-0.09,-0.29,-2.53,-62,0,99,14,0,5,50,-63,100,15,"AIR",53.759552 -1.544526,56.0,271.00,4,14,10.7,9.3,1354,31,4.1,45,-148,975,161,12,-1024,-93,-1024,1024,1,1,-1,-1,-1,1,-1,-1,-1,0x0000000000000000,1572,1434,1987,1515,2012,1428,2012,988,1500,1500,1500,1500,1500,1500,1500,1500,1500,1500,1500,1500,1500,1500,1500,1500,1500,1500,1500,1500,1500,1500,1500,1500,8.0
2026-05-04,13:48:14.030,-0.09,-0.29,-2.53,-69,0,99,13,0,5,50,-56,100,13,"AIR",53.759552 -1.544526,56.0,271.00,4,14,10.7,9.3,1354,31,4.1,3,-147,944,319,12,-1024,-93,-1024,1024,1,1,-1,-1,-1,1,-1,-1,-1,0x0000000000000000,1645,1434,1972,1501,2012,1355,2012,988,1500,1500,1500,1500,1500,1500,1500,1500,1500,1500,1500,1500,1500,1500,1500,1500,1500,1500,1500,1500,1500,1500,1500,1500,8.0
2026-05-04,13:48:14.530,-0.09,-0.29,-2.53,-66,0,100,14,0,5,50,-52,100,14,"AIR",53.759552 -1.544526,56.0,271.00,4,14,10.7,9.3,1354,31,4.1,3,-257,935,246,12,-1024,-93,-1024,1024,1,1,-1,-1,-1,1,-1,-1,-1,0x0000000000000000,1611,1384,1967,1501,2012,1389,2012,988,1500,1500,1500,1500,1500,1500,1500,1500,1500,1500,1500,1500,1500,1500,1500,1500,1500,1500,1500,1500,1500,1500,1500,1500,8.0
2026-05-04,13:48:15.030,-0.09,-0.29,-2.53,-57,0,99,14,0,5,50,-49,100,14,"AIR",53.759552 -1.544526,56.0,271.00,4,14,10.6,11.3,1369,27,4.1,34,-221,902,556,12,-1024,-93,-1024,1024,1,1,-1,-1,-1,1,-1,-1,-1,0x0000000000000000,1758,1400,1951,1512,2012,1242,2012,988,1500,1500,1500,1500,1500,1500,1500,1500,1500,1500,1500,1500,1500,1500,1500,1500,1500,1500,1500,1500,1500,1500,1500,1500,8.0
2026-05-04,13:48:15.530,-0.35,0.59,0.12,-59,0,100,13,0,5,50,-56,100,14,"AIR",53.759552 -1.544526,56.0,271.00,4,14,10.6,11.3,1369,27,4.1,300,-541,1021,113,12,-1024,-93,-1024,1024,1,1,-1,-1,-1,1,-1,-1,-1,0x0000000000000000,1551,1250,2010,1609,2012,1449,2012,988,1500,1500,1500,1500,1500,1500,1500,1500,1500,1500,1500,1500,1500,1500,1500,1500,1500,1500,1500,1500,1500,1500,1500,1500,8.0
2026-05-04,13:48:16.030,-0.35,0.59,0.12,-71,0,100,13,0,5,50,-68,100,13,"AIR",53.759552 -1.544526,56.0,271.00,4,14,10.6,11.3,1369,27,4.1,7,-69,1024,-410,12,-1024,-93,-1024,1024,1,1,-1,-1,-1,1,-1,-1,-1,0x0000000000000000,1313,1469,2012,1502,2012,1687,2012,988,1500,1500,1500,1500,1500,1500,1500,1500,1500,1500,1500,1500,1500,1500,1500,1500,1500,1500,1500,1500,1500,1500,1500,1500,8.0
2026-05-04,13:48:16.530,-0.35,0.59,0.12,-70,0,100,13,0,5,50,-56,100,15,"AIR",53.759552 -1.544526,56.0,271.00,4,14,10.6,11.3,1369,27,4.1,1,-4,761,0,12,-1024,-93,-1024,1024,1,1,-1,-1,-1,1,-1,-1,-1,0x0000000000000000,1500,1498,1880,1500,2012,1500,2012,988,1500,1500,1500,1500,1500,1500,1500,1500,1500,1500,1500,1500,1500,1500,1500,1500,1500,1500,1500,1500,1500,1500,1500,1500,8.0
2026-05-04,13:48:17.030,-0.35,0.59,0.12,-66,0,99,14,0,5,50,-54,100,15,"AIR",53.759552 -1.544526,56.0,271.00,4,14,10.6,11.3,1369,27,4.1,0,-417,638,1,12,-1024,-93,-1024,1024,1,1,-1,-1,-1,1,-1,-1,-1,0x0000000000000000,1500,1309,1819,1500,2012,1500,2012,988,1500,1500,1500,1500,1500,1500,1500,1500,1500,1500,1500,1500,1500,1500,1500,1500,1500,1500,1500,1500,1500,1500,1500,1500,8.0
2026-05-04,13:48:17.530,-0.35,0.59,0.12,-63,0,100,13,0,5,50,-51,100,13,"AIR",53.759552 -1.544526,56.0,271.00,4,14,10.6,11.3,1369,27,-0.1,1,-439,648,268,12,-1024,-93,-1024,1024,1,1,-1,-1,-1,1,-1,-1,-1,0x0000000000000000,1621,1299,1824,1500,2012,1379,2012,988,1500,1500,1500,1500,1500,1500,1500,1500,1500,1500,1500,1500,1500,1500,1500,1500,1500,1500,1500,1500,1500,1500,1500,1500,8.0
2026-05-04,13:48:18.030,-0.35,0.59,0.12,-64,0,98,14,0,5,50,-55,100,15,"AIR",53.759552 -1.544526,56.0,271.00,4,14,10.6,11.3,1369,27,-0.1,1,-1,650,-54,12,-1024,-93,-1024,1024,1,1,-1,-1,-1,1,-1,-1,-1,0x0000000000000000,1476,1500,1825,1500,2012,1524,2012,988,1500,1500,1500,1500,1500,1500,1500,1500,1500,1500,1500,1500,1500,1500,1500,1500,1500,1500,1500,1500,1500,1500,1500,1500,8.0
2026-05-04,13:48:18.530,-0.35,0.59,0.12,-59,0,98,14,0,5,50,-55,100,14,"AIR",53.759552 -1.544526,56.0,271.00,4,14,10.6,11.3,1369,27,-0.1,0,-2,717,-408,13,-1024,-93,-1024,1024,1,1,-1,-1,-1,1,-1,-1,-1,0x0000000000000000,1314,1499,1858,1500,2012,1686,2012,988,1500,1500,1500,1500,1500,1500,1500,1500,1500,1500,1500,1500,1500,1500,1500,1500,1500,1500,1500,1500,1500,1500,1500,1500,8.0
2026-05-04,13:48:19.030,-0.35,0.59,0.12,-59,0,100,13,0,5,50,-51,100,14,"AIR",53.760044 -1.544413,57.4,83.80,18,14,10.6,11.3,1369,27,-0.1,0,4,876,-441,13,-1024,-93,-1024,1024,1,1,-1,-1,-1,1,-1,-1,-1,0x0000000000000000,1298,1502,1938,1500,2012,1702,2012,988,1500,1500,1500,1500,1500,1500,1500,1500,1500,1500,1500,1500,1500,1500,1500,1500,1500,1500,1500,1500,1500,1500,1500,1500,8.0
2026-05-04,13:48:19.530,-0.35,0.59,0.12,-64,0,100,14,0,5,50,-49,100,14,"AIR",53.760044 -1.544413,57.4,83.80,18,14,10.6,11.3,1369,27,-0.1,0,6,825,-53,13,-1024,-93,-1024,1024,1,1,-1,-1,-1,1,-1,-1,-1,0x0000000000000000,1476,1502,1912,1500,2012,1524,2012,988,1500,1500,1500,1500,1500,1500,1500,1500,1500,1500,1500,1500,1500,1500,1500,1500,1500,1500,1500,1500,1500,1500,1500,1500,8.0
2026-05-04,13:48:20.030,-0.35,0.59,0.12,-59,0,100,14,0,5,50,-55,100,14,"AIR",53.760044 -1.544413,57.4,83.80,18,14,10.6,11.3,1369,27,-0.1,-1,7,997,-70,12,-1024,-93,-1024,1024,1,1,-1,-1,-1,1,-1,-1,-1,0x0000000000000000,1469,1503,1998,1500,2012,1531,2012,988,1500,1500,1500,1500,1500,1500,1500,1500,1500,1500,1500,1500,1500,1500,1500,1500,1500,1500,1500,1500,1500,1500,1500,1500,8.0
2026-05-04,13:48:20.530,-0.35,0.59,0.12,-57,0,99,14,0,5,50,-49,100,14,"AIR",53.760044 -1.544413,57.4,83.80,18,14,10.6,10.1,1384,28,-0.1,2,-68,1024,745,12,-1024,-93,-1024,1024,1,1,-1,-1,-1,1,-1,-1,-1,0x0000000000000000,1854,1470,2012,1500,2012,1146,2012,988,1500,1500,1500,1500,1500,1500,1500,1500,1500,1500,1500,1500,1500,1500,1500,1500,1500,1500,1500,1500,1500,1500,1500,1500,8.0
2026-05-04,13:48:21.030,-0.35,0.59,0.12,-57,0,99,13,0,5,50,-52,100,14,"AIR",53.760044 -1.544413,57.4,83.80,18,14,10.6,10.1,1384,28,-0.1,0,-153,863,374,12,-1024,-93,-1024,1024,1,1,-1,-1,-1,1,-1,-1,-1,0x0000000000000000,1670,1431,1931,1500,2012,1330,2012,988,1500,1500,1500,1500,1500,1500,1500,1500,1500,1500,1500,1500,1500,1500,1500,1500,1500,1500,1500,1500,1500,1500,1500,1500,8.0
2026-05-04,13:48:21.530,-0.30,-0.20,1.49,-60,0,100,13,0,5,50,-54,100,13,"AIR",53.760044 -1.544413,57.4,83.80,18,14,10.6,10.1,1384,28,-0.1,2,2,271,0,12,-1024,-93,-1024,1024,1,1,-1,-1,-1,1,-1,-1,-1,0x0000000000000000,1500,1501,1635,1500,2012,1500,2012,988,1500,1500,1500,1500,1500,1500,1500,1500,1500,1500,1500,1500,1500,1500,1500,1500,1500,1500,1500,1500,1500,1500,1500,1500,8.0
2026-05-04,13:48:22.030,-0.30,-0.20,1.49,-66,0,100,14,0,5,50,-58,100,13,"AIR",53.760044 -1.544413,57.4,83.80,18,14,10.6,10.1,1384,28,-0.1,1,1,354,-361,12,-1024,-93,-1024,1024,1,1,-1,-1,-1,1,-1,-1,-1,0x0000000000000000,1336,1500,1677,1500,2012,1664,2012,988,1500,1500,1500,1500,1500,1500,1500,1500,1500,1500,1500,1500,1500,1500,1500,1500,1500,1500,1500,1500,1500,1500,1500,1500,8.0
2026-05-04,13:48:22.530,-0.30,-0.20,1.49,-68,0,100,14,0,5,50,-57,100,13,"AIR",53.760044 -1.544413,57.4,83.80,18,14,10.6,10.1,1384,28,-0.1,0,1,295,-2,12,-1024,-93,-1024,1024,1,1,-1,-1,-1,1,-1,-1,-1,0x0000000000000000,1499,1500,1647,1500,2012,1501,2012,988,1500,1500,1500,1500,1500,1500,1500,1500,1500,1500,1500,1500,1500,1500,1500,1500,1500,1500,1500,1500,1500,1500,1500,1500,8.0
2026-05-04,13:48:23.030,-0.30,-0.20,1.49,-65,0,100,14,0,5,50,-56,100,15,"AIR",53.760044 -1.544413,57.4,83.80,18,14,10.6,10.1,1384,28,0.5,-217,3,248,-553,13,-1024,-93,-1024,1024,1,1,-1,-1,-1,1,-1,-1,-1,0x0000000000000000,1244,1501,1624,1423,2012,1756,2012,988,1500,1500,1500,1500,1500,1500,1500,1500,1500,1500,1500,1500,1500,1500,1500,1500,1500,1500,1500,1500,1500,1500,1500,1500,8.0
2026-05-04,13:48:23.530,-0.30,-0.20,1.49,-72,0,100,13,0,5,50,-62,100,14,"AIR",53.760044 -1.544413,57.4,83.80,18,14,10.6,10.1,1384,28,0.5,-123,0,279,-3,12,-1024,-93,-1024,1024,1,1,-1,-1,-1,1,-1,-1,-1,0x0000000000000000,1499,1500,1639,1457,2012,1501,2012,988,1500,1500,1500,1500,1500,1500,1500,1500,1500,1500,1500,1500,1500,1500,1500,1500,1500,1500,1500,1500,1500,1500,1500,1500,8.0
2026-05-04,13:48:24.030,-0.30,-0.20,1.49,-73,0,100,14,0,5,50,-70,100,14,"AIR",53.760044 -1.544413,57.4,83.80,18,14,10.6,10.1,1384,28,0.5,-36,114,327,-107,12,-1024,-93,-1024,1024,1,1,-1,-1,-1,1,-1,-1,-1,0x0000000000000000,1452,1551,1663,1488,2012,1548,2012,988,1500,1500,1500,1500,1500,1500,1500,1500,1500,1500,1500,1500,1500,1500,1500,1500,1500,1500,1500,1500,1500,1500,1500,1500,8.0
2026-05-04,13:48:24.530,-0.30,-0.20,1.49,-77,0,99,13,0,5,50,-72,100,14,"AIR",53.760044 -1.544413,57.4,83.80,18,14,10.6,10.1,1384,28,0.5,-30,299,511,0,12,-1024,-93,-1024,1024,1,1,-1,-1,-1,1,-1,-1,-1,0x0000000000000000,1500,1635,1755,1490,2012,1500,2012,988,1500,1500,1500,1500,1500,1500,1500,1500,1500,1500,1500,1500,1500,1500,1500,1500,1500,1500,1500,1500,1500,1500,1500,1500,8.0
2026-05-04,13:48:25.030,-0.30,-0.20,1.49,-82,0,98,11,0,5,50,-75,100,13,"AIR",53.759947 -1.543296,45.6,99.40,27,15,10.6,10.1,1384,28,0.5,-531,-2,205,-423,13,-1024,-93,-1024,1024,1,1,-1,-1,-1,1,-1,-1,-1,0x0000000000000000,1307,1499,1602,1293,2012,1693,2012,988,1500,1500,1500,1500,1500,1500,1500,1500,1500,1500,1500,1500,1500,1500,1500,1500,1500,1500,1500,1500,1500,1500,1500,1500,8.0
2026-05-04,13:48:25.530,-0.30,-0.20,1.49,-84,0,99,11,0,5,50,-85,100,8,"AIR",53.759947 -1.543296,45.6,99.40,27,15,10.6,10.1,1384,28,0.5,-697,-352,120,-228,12,-1024,-93,-1024,1024,1,1,-1,-1,-1,1,-1,-1,-1,0x0000000000000000,1397,1340,1560,1208,2012,1603,2012,988,1500,1500,1500,1500,1500,1500,1500,1500,1500,1500,1500,1500,1500,1500,1500,1500,1500,1500,1500,1500,1500,1500,1500,1500,8.0
2026-05-04,13:48:26.030,-0.30,-0.20,1.49,-91,0,97,7,0,5,50,-86,100,8,"AIR",53.759947 -1.543296,45.6,99.40,27,15,10.6,10.1,1384,28,0.5,-765,-471,81,2,12,-1024,-93,-1024,1024,1,1,-1,-1,-1,1,-1,-1,-1,0x0000000000000000,1501,1284,1540,1169,2012,1499,2012,988,1500,1500,1500,1500,1500,1500,1500,1500,1500,1500,1500,1500,1500,1500,1500,1500,1500,1500,1500,1500,1500,1500,1500,1500,8.0
2026-05-04,13:48:26.530,-0.30,-0.20,1.49,-90,0,94,7,0,5,50,-85,100,4,"AIR",53.759947 -1.543296,45.6,99.40,27,15,10.8,5.3,1395,36,0.5,-577,-644,196,52,13,-1024,-93,-1024,1024,1,1,-1,-1,-1,1,-1,-1,-1,0x0000000000000000,1523,1198,1598,1271,2012,1477,2012,988,1500,1500,1500,1500,1500,1500,1500,1500,1500,1500,1500,1500,1500,1500,1500,1500,1500,1500,1500,1500,1500,1500,1500,1500,8.0
2026-05-04,13:48:27.030,0.29,-0.70,0.05,-87,0,99,10,0,5,50,-80,100,12,"AIR",53.759947 -1.543296,45.6,99.40,27,15,10.8,5.3,1395,36,0.5,-323,-542,-145,12,12,-1024,-93,-1024,1024,1,1,-1,-1,-1,1,-1,-1,-1,0x0000000000000000,1505,1249,1428,1382,2012,1495,2012,988,1500,1500,1500,1500,1500,1500,1500,1500,1500,1500,1500,1500,1500,1500,1500,1500,1500,1500,1500,1500,1500,1500,1500,1500,7.9
2026-05-04,13:48:27.530,0.29,-0.70,0.05,-80,0,100,11,0,5,50,-74,100,14,"AIR",53.759947 -1.543296,45.6,99.40,27,15,10.8,5.3,1395,36,0.5,-44,-468,-199,2,13,-1024,-93,-1024,1024,1,1,-1,-1,-1,1,-1,-1,-1,0x0000000000000000,1501,1285,1401,1485,2012,1499,2012,988,1500,1500,1500,1500,1500,1500,1500,1500,1500,1500,1500,1500,1500,1500,1500,1500,1500,1500,1500,1500,1500,1500,1500,1500,7.9
2026-05-04,13:48:28.030,0.29,-0.70,0.05,-83,0,99,11,0,5,50,-81,100,12,"AIR",53.759947 -1.543296,45.6,99.40,27,15,10.8,5.3,1395,36,0.5,2,2,-179,0,12,-1024,-93,-1024,1024,1,1,-1,-1,-1,1,-1,-1,-1,0x0000000000000000,1500,1501,1411,1500,2012,1500,2012,988,1500,1500,1500,1500,1500,1500,1500,1500,1500,1500,1500,1500,1500,1500,1500,1500,1500,1500,1500,1500,1500,1500,1500,1500,7.9
2026-05-04,13:48:28.530,0.29,-0.70,0.05,-85,0,100,11,0,5,50,-76,100,13,"AIR",53.759947 -1.543296,45.6,99.40,27,15,10.8,5.3,1395,36,0.5,1,2,-164,-1,12,-1024,-93,-1024,1024,1,1,-1,-1,-1,1,-1,-1,-1,0x0000000000000000,1500,1501,1418,1500,2012,1500,2012,988,1500,1500,1500,1500,1500,1500,1500,1500,1500,1500,1500,1500,1500,1500,1500,1500,1500,1500,1500,1500,1500,1500,1500,1500,7.9
2026-05-04,13:48:29.030,0.29,-0.70,0.05,-85,0,98,10,0,5,50,-85,100,4,"AIR",53.759947 -1.543296,45.6,99.40,27,15,10.8,5.3,1395,36,-1.9,-1,-3,-295,-716,13,-1024,-93,-1024,1024,1,1,-1,-1,-1,1,-1,-1,-1,0x0000000000000000,1161,1499,1347,1500,2012,1839,2012,988,1500,1500,1500,1500,1500,1500,1500,1500,1500,1500,1500,1500,1500,1500,1500,1500,1500,1500,1500,1500,1500,1500,1500,1500,7.9
2026-05-04,13:48:29.530,0.29,-0.70,0.05,-89,0,98,10,0,5,50,-71,100,13,"AIR",53.759947 -1.543296,45.6,99.40,27,15,10.8,5.3,1395,36,-1.9,1,2,-541,-521,13,-1024,-93,-1024,1024,1,1,-1,-1,-1,1,-1,-1,-1,0x0000000000000000,1259,1501,1230,1500,2012,1741,2012,988,1500,1500,1500,1500,1500,1500,1500,1500,1500,1500,1500,1500,1500,1500,1500,1500,1500,1500,1500,1500,1500,1500,1500,1500,7.9
2026-05-04,13:48:30.030,0.29,-0.70,0.05,-73,0,99,14,0,5,50,-67,100,13,"AIR",53.759947 -1.543296,45.6,99.40,27,15,10.8,5.3,1395,36,-1.9,2,-35,-630,0,12,-1024,-93,-1024,1024,1,1,-1,-1,-1,1,-1,-1,-1,0x0000000000000000,1500,1485,1185,1500,2012,1500,2012,988,1500,1500,1500,1500,1500,1500,1500,1500,1500,1500,1500,1500,1500,1500,1500,1500,1500,1500,1500,1500,1500,1500,1500,1500,7.9
2026-05-04,13:48:30.530,0.29,-0.70,0.05,-74,0,100,13,0,5,50,-80,100,10,"AIR",53.760219 -1.543006,45.8,275.60,15,14,10.8,5.3,1395,36,-1.9,4,-56,-511,334,12,-1024,-93,-1024,1024,1,1,-1,-1,-1,1,-1,-1,-1,0x0000000000000000,1652,1475,1245,1501,2012,1348,2012,988,1500,1500,1500,1500,1500,1500,1500,1500,1500,1500,1500,1500,1500,1500,1500,1500,1500,1500,1500,1500,1500,1500,1500,1500,7.9
2026-05-04,13:48:31.030,0.29,-0.70,0.05,-78,0,99,10,0,5,50,-63,100,14,"AIR",53.760219 -1.543006,45.8,275.60,15,14,10.8,5.3,1395,36,-1.9,2,-47,586,496,12,-1024,-93,-1024,1024,1,1,-1,-1,-1,1,-1,-1,-1,0x0000000000000000,1707,1467,1801,1500,2012,1293,2012,988,1500,1500,1500,1500,1500,1500,1500,1500,1500,1500,1500,1500,1500,1500,1500,1500,1500,1500,1500,1500,1500,1500,1500,1500,7.9
2026-05-04,13:48:31.530,0.29,-0.70,0.05,-73,0,97,14,0,5,50,-72,100,0,"AIR",53.760219 -1.543006,45.8,275.60,15,14,10.8,5.3,1395,36,-1.9,1,-2,1024,0,12,-1024,-93,-1024,1024,1,1,-1,-1,-1,1,-1,-1,-1,0x0000000000000000,1500,1499,2012,1500,2012,1500,2012,988,1500,1500,1500,1500,1500,1500,1500,1500,1500,1500,1500,1500,1500,1500,1500,1500,1500,1500,1500,1500,1500,1500,1500,1500,7.9
2026-05-04,13:48:32.030,0.29,-0.70,0.05,-76,0,98,13,0,5,50,-67,99,14,"AIR",53.760219 -1.543006,45.8,275.60,15,14,10.8,5.3,1395,36,-1.9,-23,60,1024,-371,13,-1024,-93,-1024,1024,1,1,-1,-1,-1,1,-1,-1,-1,0x0000000000000000,1331,1527,2012,1492,2012,1669,2012,988,1500,1500,1500,1500,1500,1500,1500,1500,1500,1500,1500,1500,1500,1500,1500,1500,1500,1500,1500,1500,1500,1500,1500,1500,7.9
2026-05-04,13:48:32.530,0.29,-0.70,0.05,-73,0,97,13,0,5,50,-68,98,13,"AIR",53.760219 -1.543006,45.8,275.60,15,14,10.8,5.3,1395,36,-1.9,-22,170,1024,-443,13,-1024,-93,-1024,1024,1,1,-1,-1,-1,1,-1,-1,-1,0x0000000000000000,1297,1576,2012,1493,2012,1703,2012,988,1500,1500,1500,1500,1500,1500,1500,1500,1500,1500,1500,1500,1500,1500,1500,1500,1500,1500,1500,1500,1500,1500,1500,1500,7.9
2026-05-04,13:48:33.030,0.29,-0.70,0.05,-72,0,98,13,0,5,50,-66,99,15,"AIR",53.760219 -1.543006,45.8,275.60,15,14,11.0,1.1,1399,44,-1.9,-46,308,1024,-8,12,-1024,-93,-1024,1024,1,1,-1,-1,-1,1,-1,-1,-1,0x0000000000000000,1497,1640,2012,1484,2012,1503,2012,988,1500,1500,1500,1500,1500,1500,1500,1500,1500,1500,1500,1500,1500,1500,1500,1500,1500,1500,1500,1500,1500,1500,1500,1500,7.9
2026-05-04,13:48:33.530,-0.04,-0.17,-1.98,-75,0,95,13,0,5,50,-66,100,14,"AIR",53.760219 -1.543006,45.8,275.60,15,14,11.0,1.1,1399,44,-1.9,-43,202,1024,-101,12,-1024,-93,-1024,1024,1,1,-1,-1,-1,1,-1,-1,-1,0x0000000000000000,1455,1591,2012,1485,2012,1545,2012,988,1500,1500,1500,1500,1500,1500,1500,1500,1500,1500,1500,1500,1500,1500,1500,1500,1500,1500,1500,1500,1500,1500,1500,1500,7.9
2026-05-04,13:48:34.030,-0.04,-0.17,-1.98,-62,0,97,14,0,5,50,-47,100,15,"AIR",53.760219 -1.543006,45.8,275.60,15,14,11.0,1.1,1399,44,-1.9,-34,10,1024,-99,12,-1024,-93,-1024,1024,1,1,-1,-1,-1,1,-1,-1,-1,0x0000000000000000,1456,1504,2012,1488,2012,1544,2012,988,1500,1500,1500,1500,1500,1500,1500,1500,1500,1500,1500,1500,1500,1500,1500,1500,1500,1500,1500,1500,1500,1500,1500,1500,7.9
2026-05-04,13:48:34.530,-0.04,-0.17,-1.98,-55,0,100,14,0,5,50,-44,100,14,"AIR",53.760219 -1.543006,45.8,275.60,15,14,11.0,1.1,1399,44,-1.9,-3,1,1024,-5,13,-1024,-93,-1024,1024,1,1,-1,-1,-1,1,-1,-1,-1,0x0000000000000000,1498,1500,2012,1499,2012,1502,2012,988,1500,1500,1500,1500,1500,1500,1500,1500,1500,1500,1500,1500,1500,1500,1500,1500,1500,1500,1500,1500,1500,1500,1500,1500,7.9
2026-05-04,13:48:35.030,-0.04,-0.17,-1.98,-51,0,100,14,0,5,50,-43,100,13,"AIR",53.760219 -1.543006,45.8,275.60,15,14,11.0,1.1,1399,44,-1.9,-12,-145,1024,3,12,-1024,-93,-1024,1024,1,1,-1,-1,-1,1,-1,-1,-1,0x0000000000000000,1501,1435,2012,1496,2012,1499,2012,988,1500,1500,1500,1500,1500,1500,1500,1500,1500,1500,1500,1500,1500,1500,1500,1500,1500,1500,1500,1500,1500,1500,1500,1500,7.9
2026-05-04,13:48:35.530,-0.04,-0.17,-1.98,-50,0,100,14,0,5,50,-41,100,15,"AIR",53.760219 -1.543006,45.8,275.60,15,14,11.0,1.1,1399,44,-0.5,-22,-1,1024,171,12,-1024,-93,-1024,1024,1,1,-1,-1,-1,1,-1,-1,-1,0x0000000000000000,1577,1500,2012,1493,2012,1423,2012,988,1500,1500,1500,1500,1500,1500,1500,1500,1500,1500,1500,1500,1500,1500,1500,1500,1500,1500,1500,1500,1500,1500,1500,1500,7.9
2026-05-04,13:48:36.030,-0.04,-0.17,-1.98,-66,0,99,14,0,5,50,-52,100,15,"AIR",53.760219 -1.543006,45.8,275.60,15,14,11.0,1.1,1399,44,-0.5,0,-93,1024,-124,12,-1024,-93,-1024,1024,1,1,-1,-1,-1,1,-1,-1,-1,0x0000000000000000,1444,1458,2012,1500,2012,1556,2012,988,1500,1500,1500,1500,1500,1500,1500,1500,1500,1500,1500,1500,1500,1500,1500,1500,1500,1500,1500,1500,1500,1500,1500,1500,7.9
2026-05-04,13:48:36.530,-0.04,-0.17,-1.98,-63,0,99,14,0,5,50,-53,100,13,"AIR",53.760219 -1.543006,45.8,275.60,15,14,11.0,1.1,1399,44,-0.5,2,-5,1024,-3,12,-1024,-93,-1024,1024,1,1,-1,-1,-1,1,-1,-1,-1,0x0000000000000000,1499,1498,2012,1500,2012,1501,2012,988,1500,1500,1500,1500,1500,1500,1500,1500,1500,1500,1500,1500,1500,1500,1500,1500,1500,1500,1500,1500,1500,1500,1500,1500,7.9
2026-05-04,13:48:37.030,-0.04,-0.17,-1.98,-64,0,99,13,0,5,50,-69,100,13,"AIR",53.759731 -1.544225,65.7,229.00,1,15,11.0,1.1,1399,44,-0.5,5,-3,1024,-124,12,-1024,-93,-1024,1024,1,1,-1,-1,-1,1,-1,-1,-1,0x0000000000000000,1444,1499,2012,1501,2012,1556,2012,988,1500,1500,1500,1500,1500,1500,1500,1500,1500,1500,1500,1500,1500,1500,1500,1500,1500,1500,1500,1500,1500,1500,1500,1500,7.9
2026-05-04,13:48:37.530,-0.04,-0.17,-1.98,-67,0,100,13,0,5,50,-56,100,14,"AIR",53.759731 -1.544225,65.7,229.00,1,15,11.0,1.1,1399,44,-0.5,3,-1,1024,0,12,-1024,-93,-1024,1024,1,1,-1,-1,-1,1,-1,-1,-1,0x0000000000000000,1500,1500,2012,1501,2012,1500,2012,988,1500,1500,1500,1500,1500,1500,1500,1500,1500,1500,1500,1500,1500,1500,1500,1500,1500,1500,1500,1500,1500,1500,1500,1500,7.9
2026-05-04,13:48:38.030,-0.04,-0.17,-1.98,-66,0,99,14,0,5,50,-60,100,14,"AIR",53.759731 -1.544225,65.7,229.00,1,15,11.0,1.1,1399,44,-0.5,52,-319,1024,139,12,-1024,-93,-1024,1024,1,1,-1,-1,-1,1,-1,-1,-1,0x0000000000000000,1562,1355,2012,1518,2012,1438,2012,988,1500,1500,1500,1500,1500,1500,1500,1500,1500,1500,1500,1500,1500,1500,1500,1500,1500,1500,1500,1500,1500,1500,1500,1500,7.9
2026-05-04,13:48:38.530,-0.04,-0.17,-1.98,-70,0,99,14,0,5,50,-67,100,15,"AIR",53.759731 -1.544225,65.7,229.00,1,15,10.6,10.6,1417,28,-0.5,47,-94,782,516,12,-1024,-93,-1024,1024,1,1,-1,-1,-1,1,-1,-1,-1,0x0000000000000000,1738,1458,1891,1516,2012,1262,2012,988,1500,1500,1500,1500,1500,1500,1500,1500,1500,1500,1500,1500,1500,1500,1500,1500,1500,1500,1500,1500,1500,1500,1500,1500,7.9
2026-05-04,13:48:39.030,-0.17,0.04,-2.20,-74,0,100,13,0,5,50,-69,100,14,"AIR",53.759731 -1.544225,65.7,229.00,1,15,10.6,10.6,1417,28,-0.5,251,-391,577,176,12,-1024,-93,-1024,1024,1,1,-1,-1,-1,1,-1,-1,-1,0x0000000000000000,1584,1314,1788,1590,2012,1416,2012,988,1500,1500,1500,1500,1500,1500,1500,1500,1500,1500,1500,1500,1500,1500,1500,1500,1500,1500,1500,1500,1500,1500,1500,1500,7.9
2026-05-04,13:48:39.530,-0.17,0.04,-2.20,-76,0,99,13,0,5,50,-71,100,14,"AIR",53.759731 -1.544225,65.7,229.00,1,15,10.6,10.6,1417,28,-0.5,273,-274,660,174,12,-1024,-93,-1024,1024,1,1,-1,-1,-1,1,-1,-1,-1,0x0000000000000000,1578,1376,1830,1598,2012,1422,2012,988,1500,1500,1500,1500,1500,1500,1500,1500,1500,1500,1500,1500,1500,1500,1500,1500,1500,1500,1500,1500,1500,1500,1500,1500,7.9
2026-05-04,13:48:40.030,-0.17,0.04,-2.20,-76,0,100,13,0,5,50,-77,100,13,"AIR",53.759731 -1.544225,65.7,229.00,1,15,10.6,10.6,1417,28,-0.5,262,-472,732,-330,13,-1024,-93,-1024,1024,1,1,-1,-1,-1,1,-1,-1,-1,0x0000000000000000,1350,1283,1866,1594,2012,1650,2012,988,1500,1500,1500,1500,1500,1500,1500,1500,1500,1500,1500,1500,1500,1500,1500,1500,1500,1500,1500,1500,1500,1500,1500,1500,7.9
2026-05-04,13:48:40.530,-0.17,0.04,-2.20,-81,0,99,12,0,5,50,-85,100,11,"AIR",53.759731 -1.544225,65.7,229.00,1,15,10.6,10.6,1417,28,-0.5,291,-355,658,-347,13,-1024,-93,-1024,1024,1,1,-1,-1,-1,1,-1,-1,-1,0x0000000000000000,1342,1339,1829,1605,2012,1658,2012,988,1500,1500,1500,1500,1500,1500,1500,1500,1500,1500,1500,1500,1500,1500,1500,1500,1500,1500,1500,1500,1500,1500,1500,1500,7.9
2026-05-04,13:48:41.030,-0.17,0.04,-2.20,-82,0,98,12,0,5,50,-67,100,15,"AIR",53.759731 -1.544225,65.7,229.00,1,15,10.6,10.6,1417,28,3.2,255,-386,665,-163,13,-1024,-93,-1024,1024,1,1,-1,-1,-1,1,-1,-1,-1,0x0000000000000000,1435,1324,1832,1591,2012,1565,2012,988,1500,1500,1500,1500,1500,1500,1500,1500,1500,1500,1500,1500,1500,1500,1500,1500,1500,1500,1500,1500,1500,1500,1500,1500,7.9
2026-05-04,13:48:41.530,-0.17,0.04,-2.20,-70,0,99,14,0,5,50,-63,100,14,"AIR",53.759731 -1.544225,65.7,229.00,1,15,10.6,10.6,1417,28,3.2,125,-389,622,-1,12,-1024,-93,-1024,1024,1,1,-1,-1,-1,1,-1,-1,-1,0x0000000000000000,1500,1323,1811,1544,2012,1500,2012,988,1500,1500,1500,1500,1500,1500,1500,1500,1500,1500,1500,1500,1500,1500,1500,1500,1500,1500,1500,1500,1500,1500,1500,1500,7.9
2026-05-04,13:48:42.030,-0.17,0.04,-2.20,-68,0,100,14,0,5,50,-61,100,13,"AIR",53.759731 -1.544225,65.7,229.00,1,15,10.6,10.6,1417,28,3.2,71,-553,571,2,12,-1024,-93,-1024,1024,1,1,-1,-1,-1,1,-1,-1,-1,0x0000000000000000,1501,1244,1785,1525,2012,1499,2012,988,1500,1500,1500,1500,1500,1500,1500,1500,1500,1500,1500,1500,1500,1500,1500,1500,1500,1500,1500,1500,1500,1500,1500,1500,7.9
2026-05-04,13:48:42.530,-0.17,0.04,-2.20,-67,0,99,14,0,5,50,-60,100,14,"AIR",53.759180 -1.545367,52.8,280.60,11,13,10.6,10.6,1417,28,3.2,68,-43,590,255,12,-1024,-93,-1024,1024,1,1,-1,-1,-1,1,-1,-1,-1,0x0000000000000000,1615,1481,1795,1524,2012,1385,2012,988,1500,1500,1500,1500,1500,1500,1500,1500,1500,1500,1500,1500,1500,1500,1500,1500,1500,1500,1500,1500,1500,1500,1500,1500,7.9
2026-05-04,13:48:43.030,-0.17,0.04,-2.20,-70,0,100,14,0,5,50,-77,100,12,"AIR",53.759180 -1.545367,52.8,280.60,11,13,10.6,10.6,1417,28,3.2,48,-130,636,175,12,-1024,-93,-1024,1024,1,1,-1,-1,-1,1,-1,-1,-1,0x0000000000000000,1579,1442,1818,1517,2012,1421,2012,988,1500,1500,1500,1500,1500,1500,1500,1500,1500,1500,1500,1500,1500,1500,1500,1500,1500,1500,1500,1500,1500,1500,1500,1500,8.0
2026-05-04,13:48:43.530,-0.17,0.04,-2.20,-72,0,98,13,0,5,50,-63,100,15,"AIR",53.759180 -1.545367,52.8,280.60,11,13,10.6,10.6,1417,28,3.2,43,-115,648,147,12,-1024,-93,-1024,1024,1,1,-1,-1,-1,1,-1,-1,-1,0x0000000000000000,1566,1449,1824,1515,2012,1434,2012,988,1500,1500,1500,1500,1500,1500,1500,1500,1500,1500,1500,1500,1500,1500,1500,1500,1500,1500,1500,1500,1500,1500,1500,1500,8.0
2026-05-04,13:48:44.030,-0.17,0.04,-2.20,-68,0,98,13,0,5,50,-61,100,15,"AIR",53.759180 -1.545367,52.8,280.60,11,13,10.8,6.3,1429,34,3.2,48,-85,643,67,12,-1024,-93,-1024,1024,1,1,-1,-1,-1,1,-1,-1,-1,0x0000000000000000,1530,1462,1821,1517,2012,1470,2012,988,1500,1500,1500,1500,1500,1500,1500,1500,1500,1500,1500,1500,1500,1500,1500,1500,1500,1500,1500,1500,1500,1500,1500,1500,8.0
2026-05-04,13:48:44.530,-0.35,0.48,0.03,-68,0,97,14,0,5,50,-62,100,15,"AIR",53.759180 -1.545367,52.8,280.60,11,13,10.8,6.3,1429,34,3.2,51,-85,613,396,12,-1024,-93,-1024,1024,1,1,-1,-1,-1,1,-1,-1,-1,0x0000000000000000,1681,1462,1806,1518,2012,1319,2012,988,1500,1500,1500,1500,1500,1500,1500,1500,1500,1500,1500,1500,1500,1500,1500,1500,1500,1500,1500,1500,1500,1500,1500,1500,8.0
2026-05-04,13:48:45.030,-0.35,0.48,0.03,-69,0,100,13,0,5,50,-67,100,15,"AIR",53.759180 -1.545367,52.8,280.60,11,13,10.8,6.3,1429,34,3.2,59,-234,596,211,12,-1024,-93,-1024,1024,1,1,-1,-1,-1,1,-1,-1,-1,0x0000000000000000,1595,1394,1798,1520,2012,1405,2012,988,1500,1500,1500,1500,1500,1500,1500,1500,1500,1500,1500,1500,1500,1500,1500,1500,1500,1500,1500,1500,1500,1500,1500,1500,8.0
2026-05-04,13:48:45.530,-0.35,0.48,0.03,-73,0,99,13,0,5,50,-67,100,14,"AIR",53.759180 -1.545367,52.8,280.60,11,13,10.8,6.3,1429,34,3.2,9,-184,626,124,12,-1024,-93,-1024,1024,1,1,-1,-1,-1,1,-1,-1,-1,0x0000000000000000,1556,1417,1813,1503,2012,1444,2012,988,1500,1500,1500,1500,1500,1500,1500,1500,1500,1500,1500,1500,1500,1500,1500,1500,1500,1500,1500,1500,1500,1500,1500,1500,8.0
2026-05-04,13:48:46.030,-0.35,0.48,0.03,-75,0,100,13,0,5,50,-78,100,12,"AIR",53.759180 -1.545367,52.8,280.60,11,13,10.8,6.3,1429,34,3.2,4,-79,584,290,12,-1024,-93,-1024,1024,1,1,-1,-1,-1,1,-1,-1,-1,0x0000000000000000,1631,1465,1792,1501,2012,1369,2012,988,1500,1500,1500,1500,1500,1500,1500,1500,1500,1500,1500,1500,1500,1500,1500,1500,1500,1500,1500,1500,1500,1500,1500,1500,8.0
2026-05-04,13:48:46.530,-0.35,0.48,0.03,-81,0,100,12,0,5,50,-71,100,13,"AIR",53.759180 -1.545367,52.8,280.60,11,13,10.8,6.3,1429,34,0.5,4,-59,585,153,12,-1024,-93,-1024,1024,1,1,-1,-1,-1,1,-1,-1,-1,0x0000000000000000,1569,1474,1792,1501,2012,1431,2012,988,1500,1500,1500,1500,1500,1500,1500,1500,1500,1500,1500,1500,1500,1500,1500,1500,1500,1500,1500,1500,1500,1500,1500,1500,8.0
2026-05-04,13:48:47.030,-0.35,0.48,0.03,-79,0,98,12,0,5,50,-63,100,13,"AIR",53.759180 -1.545367,52.8,280.60,11,13,10.8,6.3,1429,34,0.5,3,0,552,0,12,-1024,-93,-1024,1024,1,1,-1,-1,-1,1,-1,-1,-1,0x0000000000000000,1500,1500,1776,1501,2012,1500,2012,988,1500,1500,1500,1500,1500,1500,1500,1500,1500,1500,1500,1500,1500,1500,1500,1500,1500,1500,1500,1500,1500,1500,1500,1500,8.0
2026-05-04,13:48:47.530,-0.35,0.48,0.03,-65,0,100,14,0,5,50,-57,100,14,"AIR",53.759180 -1.545367,52.8,280.60,11,13,10.8,6.3,1429,34,0.5,3,0,529,0,12,-1024,-93,-1024,1024,1,1,-1,-1,-1,1,-1,-1,-1,0x0000000000000000,1500,1500,1764,1501,2012,1500,2012,988,1500,1500,1500,1500,1500,1500,1500,1500,1500,1500,1500,1500,1500,1500,1500,1500,1500,1500,1500,1500,1500,1500,1500,1500,8.0
2026-05-04,13:48:48.030,-0.35,0.48,0.03,-64,0,100,14,0,5,50,-59,100,15,"AIR",53.759698 -1.545487,42.7,38.30,19,16,10.8,6.3,1429,34,0.5,3,-15,1017,113,12,-1024,-93,-1024,1024,1,1,-1,-1,-1,1,-1,-1,-1,0x0000000000000000,1551,1494,2008,1501,2012,1449,2012,988,1500,1500,1500,1500,1500,1500,1500,1500,1500,1500,1500,1500,1500,1500,1500,1500,1500,1500,1500,1500,1500,1500,1500,1500,8.0
2026-05-04,13:48:48.530,-0.35,0.48,0.03,-69,0,98,14,0,5,50,-60,100,13,"AIR",53.759698 -1.545487,42.7,38.30,19,16,10.8,6.3,1429,34,0.5,3,-1,1024,51,12,-1024,-93,-1024,1024,1,1,-1,-1,-1,1,-1,-1,-1,0x0000000000000000,1523,1500,2012,1501,2012,1477,2012,988,1500,1500,1500,1500,1500,1500,1500,1500,1500,1500,1500,1500,1500,1500,1500,1500,1500,1500,1500,1500,1500,1500,1500,1500,8.0
2026-05-04,13:48:49.030,-0.35,0.48,0.03,-65,0,100,14,0,5,50,-62,100,14,"AIR",53.759698 -1.545487,42.7,38.30,19,16,10.8,6.3,1429,34,0.5,1,0,1006,51,12,-1024,-93,-1024,1024,1,1,-1,-1,-1,1,-1,-1,-1,0x0000000000000000,1523,1500,2003,1500,2012,1477,2012,988,1500,1500,1500,1500,1500,1500,1500,1500,1500,1500,1500,1500,1500,1500,1500,1500,1500,1500,1500,1500,1500,1500,1500,1500,8.0
2026-05-04,13:48:49.530,-0.35,0.48,0.03,-67,0,100,13,0,5,50,-60,100,15,"AIR",53.759698 -1.545487,42.7,38.30,19,16,10.8,7.2,1440,33,0.5,2,-254,936,182,12,-1024,-93,-1024,1024,1,1,-1,-1,-1,1,-1,-1,-1,0x0000000000000000,1582,1385,1968,1500,2012,1418,2012,988,1500,1500,1500,1500,1500,1500,1500,1500,1500,1500,1500,1500,1500,1500,1500,1500,1500,1500,1500,1500,1500,1500,1500,1500,8.0
2026-05-04,13:48:50.030,-0.35,0.48,0.03,-65,0,99,14,0,5,50,-61,100,14,"AIR",53.759698 -1.545487,42.7,38.30,19,16,10.8,7.2,1440,33,0.5,1,1,941,0,12,-1024,-93,-1024,1024,1,1,-1,-1,-1,1,-1,-1,-1,0x0000000000000000,1500,1500,1970,1500,2012,1500,2012,988,1500,1500,1500,1500,1500,1500,1500,1500,1500,1500,1500,1500,1500,1500,1500,1500,1500,1500,1500,1500,1500,1500,1500,1500,8.0
2026-05-04,13:48:50.530,-0.24,0.37,1.14,-64,0,99,14,0,5,50,-53,100,15,"AIR",53.759698 -1.545487,42.7,38.30,19,16,10.8,7.2,1440,33,0.5,1,6,1020,-6,12,-1024,-93,-1024,1024,1,1,-1,-1,-1,1,-1,-1,-1,0x0000000000000000,1498,1502,2010,1500,2012,1502,2012,988,1500,1500,1500,1500,1500,1500,1500,1500,1500,1500,1500,1500,1500,1500,1500,1500,1500,1500,1500,1500,1500,1500,1500,1500,8.0
2026-05-04,13:48:51.030,-0.24,0.37,1.14,-65,0,99,13,0,5,50,-51,100,13,"AIR",53.759698 -1.545487,42.7,38.30,19,16,10.8,7.2,1440,33,0.5,-2,3,1024,-2,12,-1024,-93,-1024,1024,1,1,-1,-1,-1,1,-1,-1,-1,0x0000000000000000,1499,1501,2012,1500,2012,1501,2012,988,1500,1500,1500,1500,1500,1500,1500,1500,1500,1500,1500,1500,1500,1500,1500,1500,1500,1500,1500,1500,1500,1500,1500,1500,7.9
2026-05-04,13:48:51.530,-0.24,0.37,1.14,-61,0,99,14,0,5,50,-51,100,13,"AIR",53.759698 -1.545487,42.7,38.30,19,16,10.8,7.2,1440,33,0.5,-1,8,155,-1,12,-1024,-93,-1024,1024,1,1,-1,-1,-1,1,-1,-1,-1,0x0000000000000000,1500,1503,1577,1500,2012,1500,2012,988,1500,1500,1500,1500,1500,1500,1500,1500,1500,1500,1500,1500,1500,1500,1500,1500,1500,1500,1500,1500,1500,1500,1500,1500,7.9
2026-05-04,13:48:52.030,-0.24,0.37,1.14,-59,0,100,14,0,5,50,-61,100,15,"AIR",53.759698 -1.545487,42.7,38.30,19,16,10.8,7.2,1440,33,3.9,3,2,-40,-1,13,-1024,-93,-1024,1024,1,1,-1,-1,-1,1,-1,-1,-1,0x0000000000000000,1500,1501,1480,1501,2012,1500,2012,988,1500,1500,1500,1500,1500,1500,1500,1500,1500,1500,1500,1500,1500,1500,1500,1500,1500,1500,1500,1500,1500,1500,1500,1500,7.9
2026-05-04,13:48:52.530,-0.24,0.37,1.14,-61,0,100,14,0,5,50,-55,100,14,"AIR",53.759698 -1.545487,42.7,38.30,19,16,10.8,7.2,1440,33,3.9,2,2,-22,-1,12,-1024,-93,-1024,1024,1,1,0,-1,-1,1,-1,-1,-1,0x0000000000000000,1500,1501,1489,1500,2012,1500,2012,988,1500,1500,1500,1500,1500,1500,1500,1500,1500,1500,1500,1500,1500,1500,1500,1500,1500,1500,1500,1500,1500,1500,1500,1500,7.9
2026-05-04,13:48:53.030,-0.24,0.37,1.14,-58,0,100,14,0,5,50,-49,100,14,"AIR",53.759698 -1.545487,42.7,38.30,19,16,10.8,7.2,1440,33,3.9,1,3,-2,-1,12,-1024,-93,-1024,1024,1,1,-1,-1,-1,1,-1,-1,-1,0x0000000000000000,1500,1501,1499,1500,2012,1500,2012,988,1500,1500,1500,1500,1500,1500,1500,1500,1500,1500,1500,1500,1500,1500,1500,1500,1500,1500,1500,1500,1500,1500,1500,1500,7.9
2026-05-04,13:48:53.530,-0.24,0.37,1.14,-58,0,99,14,0,5,50,-49,100,15,"AIR",53.759908 -1.544506,42.6,79.80,28,13,10.8,7.2,1440,33,3.9,2,-381,289,-2,12,-1024,-93,-1024,1024,1,1,-1,-1,-1,1,-1,-1,-1,0x0000000000000000,1499,1326,1644,1500,2012,1501,2012,988,1500,1500,1500,1500,1500,1500,1500,1500,1500,1500,1500,1500,1500,1500,1500,1500,1500,1500,1500,1500,1500,1500,1500,1500,7.9
2026-05-04,13:48:54.030,-0.24,0.37,1.14,-61,0,98,14,0,5,50,-55,100,14,"AIR",53.759908 -1.544506,42.6,79.80,28,13,10.8,7.2,1440,33,3.9,3,-530,564,-179,13,-1024,-93,-1024,1024,1,1,-1,-1,-1,1,-1,-1,-1,0x0000000000000000,1420,1255,1782,1501,2012,1580,2012,988,1500,1500,1500,1500,1500,1500,1500,1500,1500,1500,1500,1500,1500,1500,1500,1500,1500,1500,1500,1500,1500,1500,1500,1500,7.9
2026-05-04,13:48:54.530,-0.24,0.37,1.14,-59,0,98,14,0,5,50,-45,100,14,"AIR",53.759908 -1.544506,42.6,79.80,28,13,10.8,7.2,1440,33,3.9,0,-230,529,0,12,-1024,-93,-1024,1024,1,1,-1,-1,-1,1,-1,-1,-1,0x0000000000000000,1500,1396,1764,1500,2012,1500,2012,988,1500,1500,1500,1500,1500,1500,1500,1500,1500,1500,1500,1500,1500,1500,1500,1500,1500,1500,1500,1500,1500,1500,1500,1500,7.9
2026-05-04,13:48:55.030,-0.24,0.37,1.14,-54,0,100,14,0,5,50,-46,100,15,"AIR",53.759908 -1.544506,42.6,79.80,28,13,10.9,3.4,1454,38,3.9,1,1,468,1,12,-1024,-93,-1024,1024,1,1,-1,-1,-1,1,-1,-1,-1,0x0000000000000000,1500,1500,1734,1500,2012,1500,2012,988,1500,1500,1500,1500,1500,1500,1500,1500,1500,1500,1500,1500,1500,1500,1500,1500,1500,1500,1500,1500,1500,1500,1500,1500,7.9
2026-05-04,13:48:55.530,-0.24,0.37,1.14,-58,0,100,14,0,5,50,-48,100,14,"AIR",53.759908 -1.544506,42.6,79.80,28,13,10.9,3.4,1454,38,3.9,0,2,739,-3,12,-1024,-93,-1024,1024,1,1,-1,-1,-1,1,-1,-1,-1,0x0000000000000000,1499,1501,1869,1500,2012,1501,2012,988,1500,1500,1500,1500,1500,1500,1500,1500,1500,1500,1500,1500,1500,1500,1500,1500,1500,1500,1500,1500,1500,1500,1500,1500,7.9
2026-05-04,13:48:56.030,-0.34,0.12,1.43,-55,0,100,14,0,5,50,-50,100,14,"AIR",53.759908 -1.544506,42.6,79.80,28,13,10.9,3.4,1454,38,3.9,1,-23,682,458,12,-1024,-93,-1024,1024,1,1,-1,-1,-1,1,-1,-1,-1,0x0000000000000000,1710,1490,1841,1500,2012,1290,2012,988,1500,1500,1500,1500,1500,1500,1500,1500,1500,1500,1500,1500,1500,1500,1500,1500,1500,1500,1500,1500,1500,1500,1500,1500,7.9
2026-05-04,13:48:56.530,-0.34,0.12,1.43,-55,0,100,14,0,5,50,-48,100,14,"AIR",53.759908 -1.544506,42.6,79.80,28,13,10.9,3.4,1454,38,3.9,1,-88,681,1020,12,-1024,-93,-1024,1024,1,1,-1,-1,-1,1,-1,-1,-1,0x0000000000000000,2009,1461,1840,1500,2012,991,2012,988,1500,1500,1500,1500,1500,1500,1500,1500,1500,1500,1500,1500,1500,1500,1500,1500,1500,1500,1500,1500,1500,1500,1500,1500,7.9
2026-05-04,13:48:57.030,-0.34,0.12,1.43,-57,0,100,14,0,5,50,-52,100,14,"AIR",53.759908 -1.544506,42.6,79.80,28,13,10.9,3.4,1454,38,3.9,1,-458,350,552,12,-1024,-93,-1024,1024,1,1,-1,-1,-1,1,-1,-1,-1,0x0000000000000000,1756,1290,1675,1500,2012,1244,2012,988,1500,1500,1500,1500,1500,1500,1500,1500,1500,1500,1500,1500,1500,1500,1500,1500,1500,1500,1500,1500,1500,1500,1500,1500,7.9
2026-05-04,13:48:57.530,-0.34,0.12,1.43,-59,0,99,14,0,5,50,-50,100,14,"AIR",53.759908 -1.544506,42.6,79.80,28,13,10.9,3.4,1454,38,2.1,1,-137,384,-92,12,-1024,-93,-1024,1024,1,1,-1,-1,-1,1,-1,-1,-1,0x0000000000000000,1459,1439,1692,1500,2012,1541,2012,988,1500,1500,1500,1500,1500,1500,1500,1500,1500,1500,1500,1500,1500,1500,1500,1500,1500,1500,1500,1500,1500,1500,1500,1500,7.9
2026-05-04,13:48:58.030,-0.34,0.12,1.43,-57,0,99,14,0,5,50,-55,100,14,"AIR",53.759908 -1.544506,42.6,79.80,28,13,10.9,3.4,1454,38,2.1,1,-210,428,-694,13,-1024,-93,-1024,1024,1,1,-1,-1,-1,1,-1,-1,-1,0x0000000000000000,1172,1405,1714,1500,2012,1828,2012,988,1500,1500,1500,1500,1500,1500,1500,1500,1500,1500,1500,1500,1500,1500,1500,1500,1500,1500,1500,1500,1500,1500,1500,1500,7.9
2026-05-04,13:48:58.530,-0.34,0.12,1.43,-60,0,100,14,0,5,50,-55,100,15,"AIR",53.759908 -1.544506,42.6,79.80,28,13,10.9,3.4,1454,38,2.1,0,-10,441,-686,13,-1024,-93,-1024,1024,1,1,-1,-1,-1,1,-1,-1,-1,0x0000000000000000,1176,1496,1720,1500,2012,1824,2012,988,1500,1500,1500,1500,1500,1500,1500,1500,1500,1500,1500,1500,1500,1500,1500,1500,1500,1500,1500,1500,1500,1500,1500,1500,7.9
2026-05-04,13:48:59.030,-0.34,0.12,1.43,-57,0,99,14,0,5,50,-53,100,14,"AIR",53.759925 -1.543697,31.5,71.20,32,14,10.9,3.4,1454,38,2.1,-2,-7,427,-708,13,-1024,-93,-1024,1024,1,1,-1,-1,-1,1,-1,-1,-1,0x0000000000000000,1165,1497,1713,1500,2012,1835,2012,988,1500,1500,1500,1500,1500,1500,1500,1500,1500,1500,1500,1500,1500,1500,1500,1500,1500,1500,1500,1500,1500,1500,1500,1500,7.9
2026-05-04,13:48:59.530,-0.34,0.12,1.43,-62,0,100,13,0,5,50,-52,100,14,"AIR",53.759925 -1.543697,31.5,71.20,32,14,10.9,3.4,1454,38,2.1,-84,-3,417,-463,13,-1024,-93,-1024,1024,1,1,-1,-1,-1,1,-1,-1,-1,0x0000000000000000,1287,1499,1708,1471,2012,1713,2012,988,1500,1500,1500,1500,1500,1500,1500,1500,1500,1500,1500,1500,1500,1500,1500,1500,1500,1500,1500,1500,1500,1500,1500,1500,7.9
2026-05-04,13:49:00.030,-0.34,0.12,1.43,-61,0,100,14,0,5,50,-61,100,13,"AIR",53.759925 -1.543697,31.5,71.20,32,14,10.9,3.4,1454,38,2.1,-174,-46,455,2,13,-1024,-93,-1024,1024,1,1,-1,-1,-1,1,-1,-1,-1,0x0000000000000000,1501,1480,1727,1439,2012,1499,2012,988,1500,1500,1500,1500,1500,1500,1500,1500,1500,1500,1500,1500,1500,1500,1500,1500,1500,1500,1500,1500,1500,1500,1500,1500,7.9
2026-05-04,13:49:00.530,-0.34,0.12,1.43,-71,0,98,13,0,5,50,-65,100,14,"AIR",53.759925 -1.543697,31.5,71.20,32,14,10.8,5.2,1464,35,2.1,-302,-244,512,-1,12,-1024,-93,-1024,1024,1,1,-1,-1,-1,1,-1,-1,-1,0x0000000000000000,1500,1390,1756,1391,2012,1500,2012,988,1500,1500,1500,1500,1500,1500,1500,1500,1500,1500,1500,1500,1500,1500,1500,1500,1500,1500,1500,1500,1500,1500,1500,1500,7.9
2026-05-04,13:49:01.030,-0.34,0.12,1.43,-78,0,100,12,0,5,50,-74,100,13,"AIR",53.759925 -1.543697,31.5,71.20,32,14,10.8,5.2,1464,35,2.1,-380,-89,585,-127,13,-1024,-93,-1024,1024,1,1,-1,-1,-1,1,-1,-1,-1,0x0000000000000000,1443,1460,1792,1360,2012,1557,2012,988,1500,1500,1500,1500,1500,1500,1500,1500,1500,1500,1500,1500,1500,1500,1500,1500,1500,1500,1500,1500,1500,1500,1500,1500,7.9
2026-05-04,13:49:01.530,0.19,-0.64,1.44,-84,0,98,10,0,5,50,-81,100,10,"AIR",53.759925 -1.543697,31.5,71.20,32,14,10.8,5.2,1464,35,2.1,-596,-478,415,49,12,-1024,-93,-1024,1024,1,1,-1,-1,-1,1,-1,-1,-1,0x0000000000000000,1522,1280,1707,1262,2012,1478,2012,988,1500,1500,1500,1500,1500,1500,1500,1500,1500,1500,1500,1500,1500,1500,1500,1500,1500,1500,1500,1500,1500,1500,1500,1500,7.9
2026-05-04,13:49:02.030,0.19,-0.64,1.44,-87,0,97,10,0,5,50,-89,100,3,"AIR",53.759925 -1.543697,31.5,71.20,32,14,10.8,5.2,1464,35,2.1,-539,-470,401,0,12,-1024,-93,-1024,1024,1,1,-1,-1,-1,1,-1,-1,-1,0x0000000000000000,1500,1292,1700,1289,2012,1500,2012,988,1500,1500,1500,1500,1500,1500,1500,1500,1500,1500,1500,1500,1500,1500,1500,1500,1500,1500,1500,1500,1500,1500,1500,1500,7.9
2026-05-04,13:49:02.530,0.19,-0.64,1.44,-77,0,99,13,0,5,50,-71,100,13,"AIR",53.759925 -1.543697,31.5,71.20,32,14,10.8,5.2,1464,35,2.1,-129,-556,370,305,12,-1024,-93,-1024,1024,1,1,-1,-1,-1,1,-1,-1,-1,0x0000000000000000,1638,1242,1685,1455,2012,1362,2012,988,1500,1500,1500,1500,1500,1500,1500,1500,1500,1500,1500,1500,1500,1500,1500,1500,1500,1500,1500,1500,1500,1500,1500,1500,7.9
2026-05-04,13:49:03.030,0.19,-0.64,1.44,-73,0,100,12,0,5,50,-60,100,14,"AIR",53.759925 -1.543697,31.5,71.20,32,14,10.8,5.2,1464,35,-4.4,2,-195,369,-216,12,-1024,-93,-1024,1024,1,1,-1,-1,-1,1,-1,-1,-1,0x0000000000000000,1403,1412,1684,1500,2012,1597,2012,988,1500,1500,1500,1500,1500,1500,1500,1500,1500,1500,1500,1500,1500,1500,1500,1500,1500,1500,1500,1500,1500,1500,1500,1500,7.9
2026-05-04,13:49:03.530,0.19,-0.64,1.44,-67,0,99,14,0,5,50,-59,100,14,"AIR",53.759925 -1.543697,31.5,71.20,32,14,10.8,5.2,1464,35,-4.4,-376,-30,222,-257,13,-1024,-93,-1024,1024,1,1,-1,-1,-1,1,-1,-1,-1,0x0000000000000000,1384,1487,1611,1361,2012,1616,2012,988,1500,1500,1500,1500,1500,1500,1500,1500,1500,1500,1500,1500,1500,1500,1500,1500,1500,1500,1500,1500,1500,1500,1500,1500,7.9
2026-05-04,13:49:04.030,0.19,-0.64,1.44,-66,0,98,14,0,5,50,-62,100,14,"AIR",53.759925 -1.543697,31.5,71.20,32,14,10.8,5.2,1464,35,-4.4,-164,-121,260,-453,12,-1024,-93,-1024,1024,1,1,-1,-1,-1,1,-1,-1,-1,0x0000000000000000,1292,1446,1630,1442,2012,1708,2012,988,1500,1500,1500,1500,1500,1500,1500,1500,1500,1500,1500,1500,1500,1500,1500,1500,1500,1500,1500,1500,1500,1500,1500,1500,7.9
2026-05-04,13:49:04.530,0.19,-0.64,1.44,-67,0,100,13,0,5,50,-62,100,15,"AIR",53.759925 -1.543697,31.5,71.20,32,14,10.8,5.2,1464,35,-4.4,0,-189,306,-370,13,-1024,-93,-1024,1024,1,1,-1,-1,-1,1,-1,-1,-1,0x0000000000000000,1332,1415,1653,1500,2012,1668,2012,988,1500,1500,1500,1500,1500,1500,1500,1500,1500,1500,1500,1500,1500,1500,1500,1500,1500,1500,1500,1500,1500,1500,1500,1500,7.9
2026-05-04,13:49:05.030,0.19,-0.64,1.44,-68,0,100,14,0,5,50,-62,100,14,"AIR",53.760044 -1.542888,55.7,-314.76,12,13,10.8,5.2,1464,35,-4.4,0,-8,438,-155,13,-1024,-93,-1024,1024,1,1,-1,-1,-1,1,-1,-1,-1,0x0000000000000000,1430,1497,1719,1500,2012,1570,2012,988,1500,1500,1500,1500,1500,1500,1500,1500,1500,1500,1500,1500,1500,1500,1500,1500,1500,1500,1500,1500,1500,1500,1500,1500,7.9
2026-05-04,13:49:05.530,0.19,-0.64,1.44,-72,0,100,14,0,5,50,-58,100,14,"AIR",53.760044 -1.542888,55.7,-314.76,12,13,10.8,5.2,1464,35,-4.4,2,-373,436,-46,12,-1024,-93,-1024,1024,1,1,-1,-1,-1,1,-1,-1,-1,0x0000000000000000,1480,1330,1718,1500,2012,1520,2012,988,1500,1500,1500,1500,1500,1500,1500,1500,1500,1500,1500,1500,1500,1500,1500,1500,1500,1500,1500,1500,1500,1500,1500,1500,7.9
2026-05-04,13:49:06.030,0.19,-0.64,1.44,-61,0,100,14,0,5,50,-51,100,13,"AIR",53.760044 -1.542888,55.7,-314.76,12,13,10.9,4.0,1471,38,-4.4,1,-278,444,213,12,-1024,-93,-1024,1024,1,1,-1,-1,-1,1,-1,-1,-1,0x0000000000000000,1613,1380,1722,1500,2012,1387,2012,988,1500,1500,1500,1500,1500,1500,1500,1500,1500,1500,1500,1500,1500,1500,1500,1500,1500,1500,1500,1500,1500,1500,1500,1500,7.9
2026-05-04,13:49:06.530,0.19,-0.64,1.44,-65,0,100,14,0,5,50,-58,100,14,"AIR",53.760044 -1.542888,55.7,-314.76,12,13,10.9,4.0,1471,38,-4.4,2,-312,467,408,12,-1024,-93,-1024,1024,1,1,-1,-1,-1,1,-1,-1,-1,0x0000000000000000,1686,1359,1733,1500,2012,1314,2012,988,1500,1500,1500,1500,1500,1500,1500,1500,1500,1500,1500,1500,1500,1500,1500,1500,1500,1500,1500,1500,1500,1500,1500,1500,7.9
2026-05-04,13:49:07.030,0.33,-0.60,-1.94,-67,0,99,13,0,5,50,-64,100,14,"AIR",53.760044 -1.542888,55.7,-314.76,12,13,10.9,4.0,1471,38,-4.4,0,-106,489,-295,13,-1024,-93,-1024,1024,1,1,-1,-1,-1,1,-1,-1,-1,0x0000000000000000,1366,1453,1744,1500,2012,1634,2012,988,1500,1500,1500,1500,1500,1500,1500,1500,1500,1500,1500,1500,1500,1500,1500,1500,1500,1500,1500,1500,1500,1500,1500,1500,8.0
2026-05-04,13:49:07.530,0.33,-0.60,-1.94,-76,0,99,12,0,5,50,-67,100,13,"AIR",53.760044 -1.542888,55.7,-314.76,12,13,10.9,4.0,1471,38,-4.4,0,19,529,-129,12,-1024,-93,-1024,1024,1,1,-1,-1,-1,1,-1,-1,-1,0x0000000000000000,1442,1508,1764,1500,2012,1558,2012,988,1500,1500,1500,1500,1500,1500,1500,1500,1500,1500,1500,1500,1500,1500,1500,1500,1500,1500,1500,1500,1500,1500,1500,1500,8.0
2026-05-04,13:49:08.030,0.33,-0.60,-1.94,-68,0,99,13,0,5,50,-55,100,14,"AIR",53.760044 -1.542888,55.7,-314.76,12,13,10.9,4.0,1471,38,-4.4,0,-11,565,-1,12,-1024,-93,-1024,1024,1,1,-1,-1,-1,1,-1,-1,-1,0x0000000000000000,1500,1495,1782,1500,2012,1500,2012,988,1500,1500,1500,1500,1500,1500,1500,1500,1500,1500,1500,1500,1500,1500,1500,1500,1500,1500,1500,1500,1500,1500,1500,1500,8.0
2026-05-04,13:49:08.530,0.33,-0.60,-1.94,-62,0,99,14,0,5,50,-53,100,14,"AIR",53.760044 -1.542888,55.7,-314.76,12,13,10.9,4.0,1471,38,1.7,0,-117,579,-558,13,-1024,-93,-1024,1024,1,1,-1,-1,-1,1,-1,-1,-1,0x0000000000000000,1241,1448,1789,1500,2012,1759,2012,988,1500,1500,1500,1500,1500,1500,1500,1500,1500,1500,1500,1500,1500,1500,1500,1500,1500,1500,1500,1500,1500,1500,1500,1500,8.0
2026-05-04,13:49:09.030,0.33,-0.60,-1.94,-59,0,99,14,0,5,50,-57,100,14,"AIR",53.760044 -1.542888,55.7,-314.76,12,13,10.9,4.0,1471,38,1.7,1,1,617,-272,12,-1024,-93,-1024,1024,1,1,-1,-1,-1,1,-1,-1,-1,0x0000000000000000,1377,1500,1808,1500,2012,1623,2012,988,1500,1500,1500,1500,1500,1500,1500,1500,1500,1500,1500,1500,1500,1500,1500,1500,1500,1500,1500,1500,1500,1500,1500,1500,8.0
2026-05-04,13:49:09.530,0.33,-0.60,-1.94,-57,0,99,14,0,5,50,-55,100,14,"AIR",53.760044 -1.542888,55.7,-314.76,12,13,10.9,4.0,1471,38,1.7,2,7,670,417,12,-1024,-93,-1024,1024,1,1,-1,-1,-1,1,-1,-1,-1,0x0000000000000000,1691,1503,1835,1500,2012,1309,2012,988,1500,1500,1500,1500,1500,1500,1500,1500,1500,1500,1500,1500,1500,1500,1500,1500,1500,1500,1500,1500,1500,1500,1500,1500,8.0
2026-05-04,13:49:10.030,0.33,-0.60,-1.94,-56,0,100,14,0,5,50,-44,100,15,"AIR",53.760044 -1.542888,55.7,-314.76,12,13,10.9,4.0,1471,38,1.7,2,3,1023,63,12,-1024,-93,-1024,1024,1,1,-1,-1,-1,1,-1,-1,-1,0x0000000000000000,1522,1501,2011,1500,2012,1478,2012,988,1500,1500,1500,1500,1500,1500,1500,1500,1500,1500,1500,1500,1500,1500,1500,1500,1500,1500,1500,1500,1500,1500,1500,1500,8.0
2026-05-04,13:49:10.530,0.33,-0.60,-1.94,-51,0,100,14,0,5,50,-46,100,16,"AIR",53.759932 -1.543827,58.0,227.10,2,14,10.9,4.0,1471,38,1.7,1,1,1021,-56,12,-1024,-93,-1024,1024,1,1,-1,-1,-1,1,-1,-1,-1,0x0000000000000000,1468,1500,2010,1500,2012,1532,2012,988,1500,1500,1500,1500,1500,1500,1500,1500,1500,1500,1500,1500,1500,1500,1500,1500,1500,1500,1500,1500,1500,1500,1500,1500,8.0
2026-05-04,13:49:11.030,0.33,-0.60,-1.94,-51,0,100,14,0,5,50,-44,100,14,"AIR",53.759932 -1.543827,58.0,227.10,2,14,10.9,4.0,1471,38,1.7,1,-81,1021,-291,12,-1024,-93,-1024,1024,1,1,-1,-1,-1,1,-1,-1,-1,0x0000000000000000,1363,1463,2010,1500,2012,1637,2012,988,1500,1500,1500,1500,1500,1500,1500,1500,1500,1500,1500,1500,1500,1500,1500,1500,1500,1500,1500,1500,1500,1500,1500,1500,8.0
2026-05-04,13:49:11.530,0.33,-0.60,-1.94,-51,0,100,14,0,5,50,-41,100,14,"AIR",53.759932 -1.543827,58.0,227.10,2,14,10.6,12.1,1480,26,1.7,1,-1,1024,-144,12,-1024,-93,-1024,1024,1,1,-1,-1,-1,1,-1,-1,-1,0x0000000000000000,1435,1500,2012,1500,2012,1565,2012,988,1500,1500,1500,1500,1500,1500,1500,1500,1500,1500,1500,1500,1500,1500,1500,1500,1500,1500,1500,1500,1500,1500,1500,1500,8.0
2026-05-04,13:49:12.030,0.33,-0.60,-1.94,-50,0,100,14,0,5,50,-46,100,13,"AIR",53.759932 -1.543827,58.0,227.10,2,14,10.6,12.1,1480,26,1.7,1,3,993,58,12,-1024,-93,-1024,1024,1,1,-1,-1,-1,1,-1,-1,-1,0x0000000000000000,1526,1501,1991,1500,2012,1474,2012,988,1500,1500,1500,1500,1500,1500,1500,1500,1500,1500,1500,1500,1500,1500,1500,1500,1500,1500,1500,1500,1500,1500,1500,1500,8.0
2026-05-04,13:49:12.530,-0.31,-0.14,-2.37,-59,0,100,13,0,5,50,-48,100,13,"AIR",53.759932 -1.543827,58.0,227.10,2,14,10.6,12.1,1480,26,1.7,3,22,712,280,12,-1024,-93,-1024,1024,1,1,-1,-1,-1,1,-1,-1,-1,0x0000000000000000,1627,1509,1856,1501,2012,1373,2012,988,1500,1500,1500,1500,1500,1500,1500,1500,1500,1500,1500,1500,1500,1500,1500,1500,1500,1500,1500,1500,1500,1500,1500,1500,8.0
2026-05-04,13:49:13.030,-0.31,-0.14,-2.37,-60,0,100,14,0,5,50,-56,100,14,"AIR",53.759932 -1.543827,58.0,227.10,2,14,10.6,12.1,1480,26,1.7,4,19,503,335,12,-1024,-93,-1024,1024,1,1,-1,-1,-1,1,-1,-1,-1,0x0000000000000000,1652,1508,1751,1501,2012,1348,2012,988,1500,1500,1500,1500,1500,1500,1500,1500,1500,1500,1500,1500,1500,1500,1500,1500,1500,1500,1500,1500,1500,1500,1500,1500,8.0
2026-05-04,13:49:13.530,-0.31,-0.14,-2.37,-64,0,100,14,0,5,50,-59,100,14,"AIR",53.759932 -1.543827,58.0,227.10,2,14,10.6,12.1,1480,26,1.7,3,129,545,460,12,-1024,-93,-1024,1024,1,1,-1,-1,-1,1,-1,-1,-1,0x0000000000000000,1711,1558,1772,1501,2012,1289,2012,988,1500,1500,1500,1500,1500,1500,1500,1500,1500,1500,1500,1500,1500,1500,1500,1500,1500,1500,1500,1500,1500,1500,1500,1500,8.0
2026-05-04,13:49:14.030,-0.31,-0.14,-2.37,-68,0,100,13,0,5,50,-61,100,13,"AIR",53.759932 -1.543827,58.0,227.10,2,14,10.6,12.1,1480,26,4.5,2,7,467,730,12,-1024,-93,-1024,1024,1,1,-1,-1,-1,1,-1,-1,-1,0x0000000000000000,1847,1503,1728,1501,2012,1153,2012,988,1500,1500,1500,1500,1500,1500,1500,1500,1500,1500,1500,1500,1500,1500,1500,1500,1500,1500,1500,1500,1500,1500,1500,1500,8.0
2026-05-04,13:49:14.530,-0.31,-0.14,-2.37,-66,0,98,14,0,5,50,-66,100,15,"AIR",53.759932 -1.543827,58.0,227.10,2,14,10.6,12.1,1480,26,4.5,78,-475,458,308,12,-1024,-93,-1024,1024,1,1,-1,-1,-1,1,-1,-1,-1,0x0000000000000000,1640,1276,1729,1527,2012,1360,2012,988,1500,1500,1500,1500,1500,1500,1500,1500,1500,1500,1500,1500,1500,1500,1500,1500,1500,1500,1500,1500,1500,1500,1500,1500,8.0
2026-05-04,13:49:15.030,-0.31,-0.14,-2.37,-72,0,98,13,0,5,50,-67,100,15,"AIR",53.759932 -1.543827,58.0,227.10,2,14,10.6,12.1,1480,26,4.5,153,-808,445,100,12,-1024,-93,-1024,1024,1,1,-1,-1,-1,1,-1,-1,-1,0x0000000000000000,1545,1112,1722,1554,2012,1455,2012,988,1500,1500,1500,1500,1500,1500,1500,1500,1500,1500,1500,1500,1500,1500,1500,1500,1500,1500,1500,1500,1500,1500,1500,1500,8.0
2026-05-04,13:49:15.530,-0.31,-0.14,-2.37,-72,0,99,13,0,5,50,-64,100,14,"AIR",53.759932 -1.543827,58.0,227.10,2,14,10.6,12.1,1480,26,4.5,6,-617,243,4,12,-1024,-93,-1024,1024,1,1,-1,-1,-1,1,-1,-1,-1,0x0000000000000000,1502,1212,1621,1502,2012,1498,2012,988,1500,1500,1500,1500,1500,1500,1500,1500,1500,1500,1500,1500,1500,1500,1500,1500,1500,1500,1500,1500,1500,1500,1500,1500,8.0
2026-05-04,13:49:16.030,-0.31,-0.14,-2.37,-75,0,99,13,0,5,50,-77,100,13,"AIR",53.759390 -1.544409,40.0,200.20,19,12,10.6,12.1,1480,26,4.5,5,-497,-145,1,12,-1024,-93,-1024,1024,1,1,-1,-1,-1,1,-1,-1,-1,0x0000000000000000,1500,1271,1428,1501,2012,1500,2012,988,1500,1500,1500,1500,1500,1500,1500,1500,1500,1500,1500,1500,1500,1500,1500,1500,1500,1500,1500,1500,1500,1500,1500,1500,8.0
2026-05-04,13:49:16.530,-0.31,-0.14,-2.37,-70,0,99,13,0,5,50,-60,100,15,"AIR",53.759390 -1.544409,40.0,200.20,19,12,10.6,12.1,1480,26,4.5,63,-269,-171,577,12,-1024,-93,-1024,1024,1,1,-1,-1,-1,1,-1,-1,-1,0x0000000000000000,1768,1378,1415,1522,2012,1232,2012,988,1500,1500,1500,1500,1500,1500,1500,1500,1500,1500,1500,1500,1500,1500,1500,1500,1500,1500,1500,1500,1500,1500,1500,1500,8.0
2026-05-04,13:49:17.030,-0.31,-0.14,-2.37,-70,0,100,14,0,5,50,-66,100,14,"AIR",53.759390 -1.544409,40.0,200.20,19,12,10.9,4.0,1493,37,4.5,17,-238,-212,742,12,-1024,-93,-1024,1024,1,1,-1,-1,-1,1,-1,-1,-1,0x0000000000000000,1853,1393,1394,1506,2012,1147,2012,988,1500,1500,1500,1500,1500,1500,1500,1500,1500,1500,1500,1500,1500,1500,1500,1500,1500,1500,1500,1500,1500,1500,1500,1500,8.0
2026-05-04,13:49:17.530,-0.31,-0.14,-2.37,-78,0,100,13,0,5,50,-67,100,14,"AIR",53.759390 -1.544409,40.0,200.20,19,12,10.9,4.0,1493,37,4.5,4,-525,-479,5,12,-1024,-93,-1024,1024,1,1,-1,-1,-1,1,-1,-1,-1,0x0000000000000000,1502,1257,1261,1501,2012,1498,2012,988,1500,1500,1500,1500,1500,1500,1500,1500,1500,1500,1500,1500,1500,1500,1500,1500,1500,1500,1500,1500,1500,1500,1500,1500,8.0
2026-05-04,13:49:18.030,-0.09,0.94,-0.56,-70,0,97,14,0,5,50,-64,100,14,"AIR",53.759390 -1.544409,40.0,200.20,19,12,10.9,4.0,1493,37,4.5,3,-466,-533,214,12,-1024,-93,-1024,1024,1,1,-1,-1,-1,1,-1,-1,-1,0x0000000000000000,1596,1286,1234,1501,2012,1404,2012,988,1500,1500,1500,1500,1500,1500,1500,1500,1500,1500,1500,1500,1500,1500,1500,1500,1500,1500,1500,1500,1500,1500,1500,1500,8.0
2026-05-04,13:49:18.530,-0.09,0.94,-0.56,-73,0,100,13,0,5,50,-75,100,13,"AIR",53.759390 -1.544409,40.0,200.20,19,12,10.9,4.0,1493,37,4.5,1,43,-625,-2,12,-1024,-93,-1024,1024,1,1,-1,-1,-1,1,-1,-1,-1,0x0000000000000000,1499,1519,1188,1500,2012,1501,2012,988,1500,1500,1500,1500,1500,1500,1500,1500,1500,1500,1500,1500,1500,1500,1500,1500,1500,1500,1500,1500,1500,1500,1500,1500,8.0
2026-05-04,13:49:19.030,-0.09,0.94,-0.56,-69,0,100,13,0,5,50,-57,100,15,"AIR",53.759390 -1.544409,40.0,200.20,19,12,10.9,4.0,1493,37,4.5,1,7,-659,-297,13,-1024,-93,-1024,1024,1,1,-1,-1,-1,1,-1,-1,-1,0x0000000000000000,1366,1503,1171,1500,2012,1634,2012,988,1500,1500,1500,1500,1500,1500,1500,1500,1500,1500,1500,1500,1500,1500,1500,1500,1500,1500,1500,1500,1500,1500,1500,1500,8.0
2026-05-04,13:49:19.530,-0.09,0.94,-0.56,-67,0,99,14,0,5,50,-63,100,15,"AIR",53.759390 -1.544409,40.0,200.20,19,12,10.9,4.0,1493,37,-3.2,1,272,-969,-27,13,-1024,-93,-1024,1024,1,1,-1,-1,-1,1,-1,-1,-1,0x0000000000000000,1488,1623,1016,1500,2012,1512,2012,988,1500,1500,1500,1500,1500,1500,1500,1500,1500,1500,1500,1500,1500,1500,1500,1500,1500,1500,1500,1500,1500,1500,1500,1500,8.0
2026-05-04,13:49:20.030,-0.09,0.94,-0.56,-69,0,98,13,0,5,50,-65,100,13,"AIR",53.759390 -1.544409,40.0,200.20,19,12,10.9,4.0,1493,37,-3.2,2,96,-1024,-420,13,-1024,-93,-1024,1024,1,1,-1,-1,-1,1,-1,-1,-1,0x0000000000000000,1308,1543,988,1500,2012,1692,2012,988,1500,1500,1500,1500,1500,1500,1500,1500,1500,1500,1500,1500,1500,1500,1500,1500,1500,1500,1500,1500,1500,1500,1500,1500,8.0
2026-05-04,13:49:20.530,-0.09,0.94,-0.56,-73,0,98,13,0,5,50,-56,100,14,"AIR",53.759390 -1.544409,40.0,200.20,19,12,10.9,4.0,1493,37,-3.2,2,498,-1024,-138,13,-1024,-93,-1024,1024,1,1,-1,-1,-1,1,-1,-1,-1,0x0000000000000000,1438,1729,988,1500,2012,1562,2012,988,1500,1500,1500,1500,1500,1500,1500,1500,1500,1500,1500,1500,1500,1500,1500,1500,1500,1500,1500,1500,1500,1500,1500,1500,8.0
2026-05-04,13:49:21.030,-0.09,0.94,-0.56,-63,0,98,14,0,5,50,-57,100,14,"AIR",53.759390 -1.544409,40.0,200.20,19,12,10.9,4.0,1493,37,-3.2,2,700,-1024,-4,12,-1024,-93,-1024,1024,1,1,-1,-1,-1,1,-1,-1,-1,0x0000000000000000,1498,1831,988,1500,2012,1502,2012,988,1500,1500,1500,1500,1500,1500,1500,1500,1500,1500,1500,1500,1500,1500,1500,1500,1500,1500,1500,1500,1500,1500,1500,1500,8.0
2026-05-04,13:49:21.530,-0.09,0.94,-0.56,-59,0,99,14,0,5,50,-44,100,15,"AIR",53.759528 -1.544589,49.4,64.20,13,13,10.9,4.0,1493,37,-3.2,4,-625,-685,-211,13,-1024,-93,-1024,1024,1,1,-1,-1,-1,1,-1,-1,-1,0x0000000000000000,1405,1208,1158,1501,2012,1595,2012,988,1500,1500,1500,1500,1500,1500,1500,1500,1500,1500,1500,1500,1500,1500,1500,1500,1500,1500,1500,1500,1500,1500,1500,1500,8.0
2026-05-04,13:49:22.030,-0.09,0.94,-0.56,-47,0,100,14,0,5,50,-32,100,15,"AIR",53.759528 -1.544589,49.4,64.20,13,13,10.9,4.0,1493,37,-3.2,4,1,-591,1,12,-1024,-93,-1024,1024,1,1,-1,-1,-1,1,-1,-1,-1,0x0000000000000000,1500,1500,1205,1501,2012,1500,2012,988,1500,1500,1500,1500,1500,1500,1500,1500,1500,1500,1500,1500,1500,1500,1500,1500,1500,1500,1500,1500,1500,1500,1500,1500,8.0
2026-05-04,13:49:22.530,-0.09,0.94,-0.56,-47,0,100,14,0,5,50,-38,100,14,"AIR",53.759528 -1.544589,49.4,64.20,13,13,11.0,0.5,1496,44,-3.2,2,-532,-73,6,12,-1024,-93,-1024,1024,1,1,-1,-1,-1,1,-1,-1,-1,0x0000000000000000,1502,1254,1464,1500,2012,1498,2012,988,1500,1500,1500,1500,1500,1500,1500,1500,1500,1500,1500,1500,1500,1500,1500,1500,1500,1500,1500,1500,1500,1500,1500,1500,8.0
2026-05-04,13:49:23.030,-0.09,0.94,-0.56,-50,0,100,14,0,5,50,-42,100,14,"AIR",53.759528 -1.544589,49.4,64.20,13,13,11.0,0.5,1496,44,-3.2,2,519,-47,-5,12,-1024,-93,-1024,1024,1,1,-1,-1,-1,1,-1,-1,-1,0x0000000000000000,1498,1740,1477,1500,2012,1502,2012,988,1500,1500,1500,1500,1500,1500,1500,1500,1500,1500,1500,1500,1500,1500,1500,1500,1500,1500,1500,1500,1500,1500,1500,1500,7.9
2026-05-04,13:49:23.530,0.10,0.00,0.64,-51,0,100,14,0,5,50,-45,100,13,"AIR",53.759528 -1.544589,49.4,64.20,13,13,11.0,0.5,1496,44,-3.2,-250,-81,354,-173,13,-1024,-93,-1024,1024,1,1,-1,-1,-1,1,-1,-1,-1,0x0000000000000000,1422,1464,1677,1411,2012,1578,2012,988,1500,1500,1500,1500,1500,1500,1500,1500,1500,1500,1500,1500,1500,1500,1500,1500,1500,1500,1500,1500,1500,1500,1500,1500,7.9
2026-05-04,13:49:24.030,0.10,0.00,0.64,-63,0,100,13,0,5,50,-61,100,14,"AIR",53.759528 -1.544589,49.4,64.20,13,13,11.0,0.5,1496,44,-3.2,-397,-39,481,-457,13,-1024,-93,-1024,1024,1,1,-1,-1,-1,1,-1,-1,-1,0x0000000000000000,1290,1483,1740,1352,2012,1710,2012,988,1500,1500,1500,1500,1500,1500,1500,1500,1500,1500,1500,1500,1500,1500,1500,1500,1500,1500,1500,1500,1500,1500,1500,1500,7.9
2026-05-04,13:49:24.530,0.10,0.00,0.64,-78,0,99,12,0,5,50,-81,100,12,"AIR",53.759528 -1.544589,49.4,64.20,13,13,11.0,0.5,1496,44,-3.2,-740,-353,736,12,12,-1024,-93,-1024,1024,1,1,-1,-1,-1,1,-1,-1,-1,0x0000000000000000,1505,1340,1868,1183,2012,1495,2012,988,1500,1500,1500,1500,1500,1500,1500,1500,1500,1500,1500,1500,1500,1500,1500,1500,1500,1500,1500,1500,1500,1500,1500,1500,7.9
2026-05-04,13:49:25.030,0.10,0.00,0.64,-88,0,95,7,0,5,50,-84,100,6,"AIR",53.759528 -1.544589,49.4,64.20,13,13,11.0,0.5,1496,44,-3.2,-891,-549,1024,1024,12,-1024,-93,-1024,1024,1,1,-1,-1,-1,1,-1,-1,-1,0x0000000000000000,2012,1246,2012,1087,2012,988,2012,988,1500,1500,1500,1500,1500,1500,1500,1500,1500,1500,1500,1500,1500,1500,1500,1500,1500,1500,1500,1500,1500,1500,1500,1500,7.9
2026-05-04,13:49:25.530,0.10,0.00,0.64,-78,0,94,10,0,5,50,-51,100,13,"AIR",53.759528 -1.544589,49.4,64.20,13,13,11.0,0.5,1496,44,1.2,-1024,-968,1024,127,12,-1024,-93,-1024,1024,1,1,-1,-1,-1,1,-1,-1,-1,0x0000000000000000,1557,1021,2012,988,2012,1443,2012,988,1500,1500,1500,1500,1500,1500,1500,1500,1500,1500,1500,1500,1500,1500,1500,1500,1500,1500,1500,1500,1500,1500,1500,1500,7.9
2026-05-04,13:49:26.030,0.10,0.00,0.64,-62,0,99,14,0,5,50,-61,100,14,"AIR",53.759528 -1.544589,49.4,64.20,13,13,11.0,0.5,1496,44,1.2,-1024,-663,1024,259,12,-1024,-93,-1024,1024,1,1,-1,-1,-1,1,-1,-1,-1,0x0000000000000000,1617,1188,2012,988,2012,1383,2012,988,1500,1500,1500,1500,1500,1500,1500,1500,1500,1500,1500,1500,1500,1500,1500,1500,1500,1500,1500,1500,1500,1500,1500,1500,7.9
2026-05-04,13:49:26.530,0.10,0.00,0.64,-65,0,98,13,0,5,50,-51,100,13,"AIR",53.759528 -1.544589,49.4,64.20,13,13,11.0,0.5,1496,44,1.2,-757,-113,866,19,12,-1024,-93,-1024,1024,1,1,-1,-1,-1,1,-1,-1,-1,0x0000000000000000,1508,1449,1933,1173,2012,1492,2012,988,1500,1500,1500,1500,1500,1500,1500,1500,1500,1500,1500,1500,1500,1500,1500,1500,1500,1500,1500,1500,1500,1500,1500,1500,7.9
2026-05-04,13:49:27.030,0.10,0.00,0.64,-60,0,99,14,0,5,50,-49,100,15,"AIR",53.759902 -1.543761,41.5,7.30,1,14,11.0,0.5,1496,44,1.2,2,-306,627,1023,12,-1024,-93,-1024,1024,1,1,-1,-1,-1,1,-1,-1,-1,0x0000000000000000,2011,1361,1813,1500,2012,989,2012,988,1500,1500,1500,1500,1500,1500,1500,1500,1500,1500,1500,1500,1500,1500,1500,1500,1500,1500,1500,1500,1500,1500,1500,1500,7.9
2026-05-04,13:49:27.530,0.10,0.00,0.64,-60,0,99,14,0,5,50,-54,100,13,"AIR",53.759902 -1.543761,41.5,7.30,1,14,11.0,0.5,1496,44,1.2,-436,-1024,1024,-1,12,-1024,-93,-1024,1024,1,1,-1,-1,-1,1,-1,-1,-1,0x0000000000000000,1500,988,2012,1336,2012,1500,2012,988,1500,1500,1500,1500,1500,1500,1500,1500,1500,1500,1500,1500,1500,1500,1500,1500,1500,1500,1500,1500,1500,1500,1500,1500,7.9
2026-05-04,13:49:28.030,0.10,0.00,0.64,-61,0,100,14,0,5,50,-50,100,14,"AIR",53.759902 -1.543761,41.5,7.30,1,14,10.5,12.6,1506,24,1.2,3,-5,710,838,12,-1024,-93,-1024,1024,1,1,-1,-1,-1,1,-1,-1,-1,0x0000000000000000,1905,1498,1855,1501,2012,1095,2012,988,1500,1500,1500,1500,1500,1500,1500,1500,1500,1500,1500,1500,1500,1500,1500,1500,1500,1500,1500,1500,1500,1500,1500,1500,7.9
2026-05-04,13:49:28.530,0.10,0.00,0.64,-58,0,100,13,0,5,50,-52,100,14,"AIR",53.759902 -1.543761,41.5,7.30,1,14,10.5,12.6,1506,24,1.2,537,-72,538,509,12,-1024,-93,-1024,1024,1,1,-1,-1,-1,1,-1,-1,-1,0x0000000000000000,1735,1468,1769,1710,2012,1265,2012,988,1500,1500,1500,1500,1500,1500,1500,1500,1500,1500,1500,1500,1500,1500,1500,1500,1500,1500,1500,1500,1500,1500,1500,1500,7.9
2026-05-04,13:49:29.030,-0.44,-0.43,-2.76,-65,0,100,14,0,5,50,-54,100,15,"AIR",53.759902 -1.543761,41.5,7.30,1,14,10.5,12.6,1506,24,1.2,379,-883,785,-838,13,-1024,-93,-1024,1024,1,1,-1,-1,-1,1,-1,-1,-1,0x0000000000000000,1095,1070,1892,1640,2012,1905,2012,988,1500,1500,1500,1500,1500,1500,1500,1500,1500,1500,1500,1500,1500,1500,1500,1500,1500,1500,1500,1500,1500,1500,1500,1500,7.9
2026-05-04,13:49:29.530,-0.44,-0.43,-2.76,-58,0,100,14,0,5,50,-54,100,15,"AIR",53.759902 -1.543761,41.5,7.30,1,14,10.5,12.6,1506,24,1.2,2,-326,1024,-867,13,-1024,-93,-1024,1024,1,1,-1,-1,-1,1,-1,-1,-1,0x0000000000000000,1079,1352,2012,1500,2012,1921,2012,988,1500,1500,1500,1500,1500,1500,1500,1500,1500,1500,1500,1500,1500,1500,1500,1500,1500,1500,1500,1500,1500,1500,1500,1500,7.9
2026-05-04,13:49:30.030,-0.44,-0.43,-2.76,-55,0,99,14,0,5,50,-44,100,14,"AIR",53.759902 -1.543761,41.5,7.30,1,14,10.5,12.6,1506,24,1.2,-65,-2,1024,-246,13,-1024,-93,-1024,1024,1,1,-1,-1,-1,1,-1,-1,-1,0x0000000000000000,1389,1499,2012,1477,2012,1611,2012,988,1500,1500,1500,1500,1500,1500,1500,1500,1500,1500,1500,1500,1500,1500,1500,1500,1500,1500,1500,1500,1500,1500,1500,1500,7.9
2026-05-04,13:49:30.530,-0.44,-0.43,-2.76,-56,0,100,14,0,5,50,-46,100,14,"AIR",53.759902 -1.543761,41.5,7.30,1,14,10.5,12.6,1506,24,1.2,-129,2,1024,497,12,-1024,-93,-1024,1024,1,1,-1,-1,-1,1,-1,-1,-1,0x0000000000000000,1729,1501,2012,1455,2012,1271,2012,988,1500,1500,1500,1500,1500,1500,1500,1500,1500,1500,1500,1500,1500,1500,1500,1500,1500,1500,1500,1500,1500,1500,1500,1500,7.9
2026-05-04,13:49:31.030,-0.44,-0.43,-2.76,-62,0,100,14,0,5,50,-52,100,14,"AIR",53.759902 -1.543761,41.5,7.30,1,14,10.5,12.6,1506,24,2.3,3,4,426,1022,11,-1024,-93,-1024,1024,1,1,-1,-1,-1,1,-1,-1,-1,0x0000000000000000,2011,1502,1713,1501,2012,989,2012,988,1500,1500,1500,1500,1500,1500,1500,1500,1500,1500,1500,1500,1500,1500,1500,1500,1500,1500,1500,1500,1500,1500,1500,1500,7.9
2026-05-04,13:49:31.530,-0.44,-0.43,-2.76,-52,0,100,14,0,5,50,-46,100,14,"AIR",53.759902 -1.543761,41.5,7.30,1,14,10.5,12.6,1506,24,2.3,3,-43,1023,-1,12,-1024,-93,-1024,1024,1,1,-1,-1,-1,1,-1,-1,-1,0x0000000000000000,1500,1481,2011,1501,2012,1500,2012,988,1500,1500,1500,1500,1500,1500,1500,1500,1500,1500,1500,1500,1500,1500,1500,1500,1500,1500,1500,1500,1500,1500,1500,1500,7.9
2026-05-04,13:49:32.030,-0.44,-0.43,-2.76,-54,0,100,14,0,5,50,-46,100,15,"AIR",53.759902 -1.543761,41.5,7.30,1,14,10.5,12.6,1506,24,2.3,1,-316,1024,-510,12,-1024,-93,-1024,1024,1,1,-1,-1,-1,1,-1,-1,-1,0x0000000000000000,1265,1357,2012,1500,2012,1735,2012,988,1500,1500,1500,1500,1500,1500,1500,1500,1500,1500,1500,1500,1500,1500,1500,1500,1500,1500,1500,1500,1500,1500,1500,1500,7.9
2026-05-04,13:49:32.530,-0.44,-0.43,-2.76,-54,0,100,14,0,5,50,-55,100,15,"AIR",53.759748 -1.544289,33.5,235.00,5,15,10.5,12.6,1506,24,2.3,2,0,1024,-723,13,-1024,-93,-1024,1024,1,1,-1,-1,-1,1,-1,-1,-1,0x0000000000000000,1157,1500,2012,1500,2012,1843,2012,988,1500,1500,1500,1500,1500,1500,1500,1500,1500,1500,1500,1500,1500,1500,1500,1500,1500,1500,1500,1500,1500,1500,1500,1500,7.9
2026-05-04,13:49:33.030,-0.44,-0.43,-2.76,-59,0,98,14,0,5,50,-55,100,13,"AIR",53.759748 -1.544289,33.5,235.00,5,15,10.5,12.6,1506,24,2.3,2,6,1024,-1,13,-1024,-93,-1024,1024,1,1,-1,-1,-1,1,-1,-1,-1,0x0000000000000000,1500,1502,2012,1500,2012,1500,2012,988,1500,1500,1500,1500,1500,1500,1500,1500,1500,1500,1500,1500,1500,1500,1500,1500,1500,1500,1500,1500,1500,1500,1500,1500,7.9
2026-05-04,13:49:33.530,-0.44,-0.43,-2.76,-79,0,97,11,0,5,50,-69,100,14,"AIR",53.759748 -1.544289,33.5,235.00,5,15,10.5,12.6,1506,24,2.3,-42,2,986,1,12,-1024,-93,-1024,1024,1,1,-1,-1,-1,1,-1,-1,-1,0x0000000000000000,1500,1501,1993,1486,2012,1500,2012,988,1500,1500,1500,1500,1500,1500,1500,1500,1500,1500,1500,1500,1500,1500,1500,1500,1500,1500,1500,1500,1500,1500,1500,1500,7.9
2026-05-04,13:49:34.030,-0.44,-0.43,-2.76,-81,0,97,10,0,5,50,-81,100,8,"AIR",53.759748 -1.544289,33.5,235.00,5,15,10.5,12.5,1523,22,2.3,0,12,719,231,12,-1024,-93,-1024,1024,1,1,-1,-1,-1,1,-1,-1,-1,0x0000000000000000,1604,1505,1859,1500,2012,1396,2012,988,1500,1500,1500,1500,1500,1500,1500,1500,1500,1500,1500,1500,1500,1500,1500,1500,1500,1500,1500,1500,1500,1500,1500,1500,7.9
2026-05-04,13:49:34.530,-0.61,-0.25,-2.45,-81,0,97,10,0,5,50,-70,100,12,"AIR",53.759748 -1.544289,33.5,235.00,5,15,10.5,12.5,1523,22,2.3,2,364,723,2,12,-1024,-93,-1024,1024,1,1,-1,-1,-1,1,-1,-1,-1,0x0000000000000000,1501,1666,1861,1500,2012,1499,2012,988,1500,1500,1500,1500,1500,1500,1500,1500,1500,1500,1500,1500,1500,1500,1500,1500,1500,1500,1500,1500,1500,1500,1500,1500,7.9
2026-05-04,13:49:35.030,-0.61,-0.25,-2.45,-76,0,96,12,0,5,50,-67,100,12,"AIR",53.759748 -1.544289,33.5,235.00,5,15,10.5,12.5,1523,22,2.3,-1,263,785,-3,12,-1024,-93,-1024,1024,1,1,-1,-1,-1,1,-1,-1,-1,0x0000000000000000,1499,1619,1892,1500,2012,1501,2012,988,1500,1500,1500,1500,1500,1500,1500,1500,1500,1500,1500,1500,1500,1500,1500,1500,1500,1500,1500,1500,1500,1500,1500,1500,7.9
2026-05-04,13:49:35.530,-0.61,-0.25,-2.45,-72,0,97,13,0,5,50,-69,100,14,"AIR",53.759748 -1.544289,33.5,235.00,5,15,10.5,12.5,1523,22,2.3,-39,5,738,-10,13,-1024,-93,-1024,1024,1,1,-1,-1,-1,1,-1,-1,-1,0x0000000000000000,1496,1502,1868,1486,2012,1504,2012,988,1500,1500,1500,1500,1500,1500,1500,1500,1500,1500,1500,1500,1500,1500,1500,1500,1500,1500,1500,1500,1500,1500,1500,1500,7.9
2026-05-04,13:49:36.030,-0.61,-0.25,-2.45,-66,0,98,14,0,5,50,-55,100,14,"AIR",53.759748 -1.544289,33.5,235.00,5,15,10.5,12.5,1523,22,2.3,0,1,847,15,12,-1024,-93,-1024,1024,1,1,-1,-1,-1,1,-1,-1,-1,0x0000000000000000,1506,1500,1923,1500,2012,1494,2012,988,1500,1500,1500,1500,1500,1500,1500,1500,1500,1500,1500,1500,1500,1500,1500,1500,1500,1500,1500,1500,1500,1500,1500,1500,7.9
2026-05-04,13:49:36.530,-0.61,-0.25,-2.45,-64,0,100,14,0,5,50,-55,100,14,"AIR",53.759748 -1.544289,33.5,235.00,5,15,10.5,12.5,1523,22,3.5,-17,5,744,304,12,-1024,-93,-1024,1024,1,1,-1,-1,-1,1,-1,-1,-1,0x0000000000000000,1638,1502,1872,1494,2012,1362,2012,988,1500,1500,1500,1500,1500,1500,1500,1500,1500,1500,1500,1500,1500,1500,1500,1500,1500,1500,1500,1500,1500,1500,1500,1500,7.9
2026-05-04,13:49:37.030,-0.61,-0.25,-2.45,-65,0,100,14,0,5,50,-58,100,14,"AIR",53.759748 -1.544289,33.5,235.00,5,15,10.5,12.5,1523,22,3.5,0,-144,769,-1,12,-1024,-93,-1024,1024,1,1,-1,-1,-1,1,-1,-1,-1,0x0000000000000000,1500,1435,1884,1500,2012,1500,2012,988,1500,1500,1500,1500,1500,1500,1500,1500,1500,1500,1500,1500,1500,1500,1500,1500,1500,1500,1500,1500,1500,1500,1500,1500,7.9
2026-05-04,13:49:37.530,-0.61,-0.25,-2.45,-67,0,99,14,0,5,50,-67,100,15,"AIR",53.759748 -1.544289,33.5,235.00,5,15,10.5,12.5,1523,22,3.5,4,-1,680,425,12,-1024,-93,-1024,1024,1,1,-1,-1,-1,1,-1,-1,-1,0x0000000000000000,1694,1500,1840,1501,2012,1306,2012,988,1500,1500,1500,1500,1500,1500,1500,1500,1500,1500,1500,1500,1500,1500,1500,1500,1500,1500,1500,1500,1500,1500,1500,1500,7.9
2026-05-04,13:49:38.030,-0.61,-0.25,-2.45,-74,0,99,13,0,5,50,-68,100,14,"AIR",53.759344 -1.544625,30.1,178.20,25,11,10.5,12.5,1523,22,3.5,16,-189,558,387,12,-1024,-93,-1024,1024,1,1,-1,-1,-1,1,-1,-1,-1,0x0000000000000000,1676,1415,1779,1505,2012,1324,2012,988,1500,1500,1500,1500,1500,1500,1500,1500,1500,1500,1500,1500,1500,1500,1500,1500,1500,1500,1500,1500,1500,1500,1500,1500,7.9
2026-05-04,13:49:38.530,-0.61,-0.25,-2.45,-73,0,100,13,0,5,50,-71,100,12,"AIR",53.759344 -1.544625,30.1,178.20,25,11,10.5,12.5,1523,22,3.5,262,-66,373,675,12,-1024,-93,-1024,1024,1,1,-1,-1,-1,1,-1,-1,-1,0x0000000000000000,1818,1471,1686,1594,2012,1182,2012,988,1500,1500,1500,1500,1500,1500,1500,1500,1500,1500,1500,1500,1500,1500,1500,1500,1500,1500,1500,1500,1500,1500,1500,1500,7.9
2026-05-04,13:49:39.030,-0.61,-0.25,-2.45,-76,0,96,13,0,5,50,-66,100,13,"AIR",53.759344 -1.544625,30.1,178.20,25,11,10.5,12.5,1523,22,3.5,362,-735,34,160,12,-1024,-93,-1024,1024,1,1,-1,-1,-1,1,-1,-1,-1,0x0000000000000000,1572,1151,1517,1633,2012,1428,2012,988,1500,1500,1500,1500,1500,1500,1500,1500,1500,1500,1500,1500,1500,1500,1500,1500,1500,1500,1500,1500,1500,1500,1500,1500,7.9
2026-05-04,13:49:39.530,-0.61,-0.25,-2.45,-71,0,98,13,0,5,50,-62,100,15,"AIR",53.759344 -1.544625,30.1,178.20,25,11,10.6,8.1,1539,28,3.5,304,-941,0,52,12,-1024,-93,-1024,1024,1,1,-1,-1,-1,1,-1,-1,-1,0x0000000000000000,1523,1037,1500,1610,2012,1477,2012,988,1500,1500,1500,1500,1500,1500,1500,1500,1500,1500,1500,1500,1500,1500,1500,1500,1500,1500,1500,1500,1500,1500,1500,1500,7.9
2026-05-04,13:49:40.030,0.04,0.93,-2.26,-70,0,99,14,0,5,50,-69,100,14,"AIR",53.759344 -1.544625,30.1,178.20,25,11,10.6,8.1,1539,28,3.5,217,-693,-9,-83,12,-1024,-93,-1024,1024,1,1,-1,-1,-1,1,-1,-1,-1,0x0000000000000000,1463,1173,1496,1577,2012,1537,2012,988,1500,1500,1500,1500,1500,1500,1500,1500,1500,1500,1500,1500,1500,1500,1500,1500,1500,1500,1500,1500,1500,1500,1500,1500,7.9
2026-05-04,13:49:40.530,0.04,0.93,-2.26,-69,0,99,13,0,5,50,-63,100,14,"AIR",53.759344 -1.544625,30.1,178.20,25,11,10.6,8.1,1539,28,3.5,2,-614,-16,2,12,-1024,-93,-1024,1024,1,1,-1,-1,-1,1,-1,-1,-1,0x0000000000000000,1501,1213,1492,1500,2012,1499,2012,988,1500,1500,1500,1500,1500,1500,1500,1500,1500,1500,1500,1500,1500,1500,1500,1500,1500,1500,1500,1500,1500,1500,1500,1500,7.9
2026-05-04,13:49:41.030,0.04,0.93,-2.26,-75,0,99,13,0,5,50,-73,100,13,"AIR",53.759344 -1.544625,30.1,178.20,25,11,10.6,8.1,1539,28,3.5,3,-28,-241,521,12,-1024,-93,-1024,1024,1,1,-1,-1,-1,1,-1,-1,-1,0x0000000000000000,1741,1488,1380,1501,2012,1259,2012,988,1500,1500,1500,1500,1500,1500,1500,1500,1500,1500,1500,1500,1500,1500,1500,1500,1500,1500,1500,1500,1500,1500,1500,1500,7.9
2026-05-04,13:49:41.530,0.04,0.93,-2.26,-78,0,98,12,0,5,50,-69,100,14,"AIR",53.759344 -1.544625,30.1,178.20,25,11,10.6,8.1,1539,28,3.5,2,-104,-911,345,12,-1024,-93,-1024,1024,1,1,-1,-1,-1,1,-1,-1,-1,0x0000000000000000,1657,1453,1045,1500,2012,1343,2012,988,1500,1500,1500,1500,1500,1500,1500,1500,1500,1500,1500,1500,1500,1500,1500,1500,1500,1500,1500,1500,1500,1500,1500,1500,7.9
2026-05-04,13:49:42.030,0.04,0.93,-2.26,-74,0,98,13,0,5,50,-66,100,15,"AIR",53.759344 -1.544625,30.1,178.20,25,11,10.6,8.1,1539,28,-4.0,2,-250,-918,-1,12,-1024,-93,-1024,1024,1,1,-1,-1,-1,1,-1,-1,-1,0x0000000000000000,1500,1387,1041,1500,2012,1500,2012,988,1500,1500,1500,1500,1500,1500,1500,1500,1500,1500,1500,1500,1500,1500,1500,1500,1500,1500,1500,1500,1500,1500,1500,1500,7.9
2026-05-04,13:49:42.530,0.04,0.93,-2.26,-69,0,99,14,0,5,50,-61,100,13,"AIR",53.759344 -1.544625,30.1,178.20,25,11,10.6,8.1,1539,28,-4.0,2,10,-1024,-5,12,-1024,-93,-1024,1024,1,1,-1,-1,-1,1,-1,-1,-1,0x0000000000000000,1498,1504,988,1500,2012,1502,2012,988,1500,1500,1500,1500,1500,1500,1500,1500,1500,1500,1500,1500,1500,1500,1500,1500,1500,1500,1500,1500,1500,1500,1500,1500,7.9
2026-05-04,13:49:43.030,0.04,0.93,-2.26,-66,0,100,14,0,5,50,-58,100,14,"AIR",53.759344 -1.544625,30.1,178.20,25,11,10.6,8.1,1539,28,-4.0,0,-91,-1024,822,12,-1024,-93,-1024,1024,1,1,-1,-1,-1,1,-1,-1,-1,0x0000000000000000,1896,1459,988,1500,2012,1104,2012,988,1500,1500,1500,1500,1500,1500,1500,1500,1500,1500,1500,1500,1500,1500,1500,1500,1500,1500,1500,1500,1500,1500,1500,1500,7.9
2026-05-04,13:49:43.530,0.04,0.93,-2.26,-64,0,100,14,0,5,50,-56,100,15,"AIR",53.759200 -1.544944,45.9,-299.06,20,15,10.6,8.1,1539,28,-4.0,0,-3,-1024,-3,12,-1024,-93,-1024,1024,1,1,-1,-1,-1,1,-1,-1,-1,0x0000000000000000,1499,1499,988,1500,2012,1501,2012,988,1500,1500,1500,1500,1500,1500,1500,1500,1500,1500,1500,1500,1500,1500,1500,1500,1500,1500,1500,1500,1500,1500,1500,1500,7.9
2026-05-04,13:49:44.030,0.04,0.93,-2.26,-64,0,98,14,0,5,50,-65,100,13,"AIR",53.759200 -1.544944,45.9,-299.06,20,15,10.6,8.1,1539,28,-4.0,0,45,-1024,-568,13,-1024,-93,-1024,1024,1,1,-1,-1,-1,1,-1,-1,-1,0x0000000000000000,1236,1520,988,1500,2012,1764,2012,988,1500,1500,1500,1500,1500,1500,1500,1500,1500,1500,1500,1500,1500,1500,1500,1500,1500,1500,1500,1500,1500,1500,1500,1500,7.9
2026-05-04,13:49:44.530,0.04,0.93,-2.26,-77,0,97,12,0,5,50,-66,100,13,"AIR",53.759200 -1.544944,45.9,-299.06,20,15,10.6,8.1,1539,28,-4.0,0,7,-926,-232,13,-1024,-93,-1024,1024,1,1,-1,-1,-1,1,-1,-1,-1,0x0000000000000000,1395,1503,1037,1500,2012,1605,2012,988,1500,1500,1500,1500,1500,1500,1500,1500,1500,1500,1500,1500,1500,1500,1500,1500,1500,1500,1500,1500,1500,1500,1500,1500,7.9
2026-05-04,13:49:45.030,0.04,0.93,-2.26,-70,0,100,14,0,5,50,-67,100,14,"AIR",53.759200 -1.544944,45.9,-299.06,20,15,11.0,0.5,1543,42,-4.0,1,6,-1023,-5,13,-1024,-93,-1024,1024,1,1,-1,-1,-1,1,-1,-1,-1,0x0000000000000000,1498,1502,989,1500,2012,1502,2012,988,1500,1500,1500,1500,1500,1500,1500,1500,1500,1500,1500,1500,1500,1500,1500,1500,1500,1500,1500,1500,1500,1500,1500,1500,7.9
2026-05-04,13:49:45.530,0.18,0.34,0.78,-68,0,100,14,0,5,50,-59,100,13,"AIR",53.759200 -1.544944,45.9,-299.06,20,15,11.0,0.5,1543,42,-4.0,0,505,-1024,-40,12,-1024,-93,-1024,1024,1,1,-1,-1,-1,1,-1,-1,-1,0x0000000000000000,1482,1733,988,1500,2012,1518,2012,988,1500,1500,1500,1500,1500,1500,1500,1500,1500,1500,1500,1500,1500,1500,1500,1500,1500,1500,1500,1500,1500,1500,1500,1500,7.9
2026-05-04,13:49:46.030,0.18,0.34,0.78,-62,0,100,14,0,5,50,-53,100,13,"AIR",53.759200 -1.544944,45.9,-299.06,20,15,11.0,0.5,1543,42,-4.0,0,-6,-1022,-557,13,-1024,-93,-1024,1024,1,1,-1,-1,-1,1,-1,-1,-1,0x0000000000000000,1242,1498,989,1500,2012,1758,2012,988,1500,1500,1500,1500,1500,1500,1500,1500,1500,1500,1500,1500,1500,1500,1500,1500,1500,1500,1500,1500,1500,1500,1500,1500,7.9
2026-05-04,13:49:46.530,0.18,0.34,0.78,-54,0,99,14,0,5,50,-45,100,14,"AIR",53.759200 -1.544944,45.9,-299.06,20,15,11.0,0.5,1543,42,-4.0,-1,1,-992,-174,12,-1024,-93,-1024,1024,1,1,-1,-1,-1,1,-1,-1,-1,0x0000000000000000,1422,1500,1004,1500,2012,1578,2012,988,1500,1500,1500,1500,1500,1500,1500,1500,1500,1500,1500,1500,1500,1500,1500,1500,1500,1500,1500,1500,1500,1500,1500,1500,7.9
2026-05-04,13:49:47.030,0.18,0.34,0.78,-55,0,100,14,0,5,50,-40,100,14,"AIR",53.759200 -1.544944,45.9,-299.06,20,15,11.0,0.5,1543,42,-4.0,4,-399,43,350,12,-1024,-93,-1024,1024,1,1,-1,-1,-1,1,-1,-1,-1,0x0000000000000000,1659,1318,1521,1501,2012,1341,2012,988,1500,1500,1500,1500,1500,1500,1500,1500,1500,1500,1500,1500,1500,1500,1500,1500,1500,1500,1500,1500,1500,1500,1500,1500,7.9
2026-05-04,13:49:47.530,0.18,0.34,0.78,-52,0,99,14,0,5,50,-43,100,14,"AIR",53.759200 -1.544944,45.9,-299.06,20,15,11.0,0.5,1543,42,-3.6,4,-578,351,445,12,-1024,-93,-1024,1024,1,1,-1,-1,-1,1,-1,-1,-1,0x0000000000000000,1704,1231,1675,1501,2012,1296,2012,988,1500,1500,1500,1500,1500,1500,1500,1500,1500,1500,1500,1500,1500,1500,1500,1500,1500,1500,1500,1500,1500,1500,1500,1500,7.9
2026-05-04,13:49:48.030,0.18,0.34,0.78,-51,0,100,14,0,5,50,-44,100,14,"AIR",53.759200 -1.544944,45.9,-299.06,20,15,11.0,0.5,1543,42,-3.6,3,71,682,-114,13,-1024,-93,-1024,1024,1,1,-1,-1,-1,1,-1,-1,-1,0x0000000000000000,1449,1532,1841,1501,2012,1551,2012,988,1500,1500,1500,1500,1500,1500,1500,1500,1500,1500,1500,1500,1500,1500,1500,1500,1500,1500,1500,1500,1500,1500,1500,1500,7.9
2026-05-04,13:49:48.530,0.18,0.34,0.78,-53,0,100,14,0,5,50,-58,100,13,"AIR",53.759200 -1.544944,45.9,-299.06,20,15,11.0,0.5,1543,42,-3.6,8,3,1023,0,12,-1024,-93,-1024,1024,1,1,-1,-1,-1,1,-1,-1,-1,0x0000000000000000,1500,1501,2011,1503,2012,1500,2012,988,1500,1500,1500,1500,1500,1500,1500,1500,1500,1500,1500,1500,1500,1500,1500,1500,1500,1500,1500,1500,1500,1500,1500,1500,7.9
2026-05-04,13:49:49.030,0.18,0.34,0.78,-60,0,100,14,0,5,50,-49,100,15,"AIR",53.759667 -1.544186,49.8,47.70,2,13,11.0,0.5,1543,42,-3.6,4,-337,1024,58,12,-1024,-93,-1024,1024,1,1,-1,-1,-1,1,-1,-1,-1,0x0000000000000000,1526,1347,2012,1501,2012,1474,2012,988,1500,1500,1500,1500,1500,1500,1500,1500,1500,1500,1500,1500,1500,1500,1500,1500,1500,1500,1500,1500,1500,1500,1500,1500,7.9
2026-05-04,13:49:49.530,0.18,0.34,0.78,-58,0,100,14,0,5,50,-72,100,14,"AIR",53.759667 -1.544186,49.8,47.70,2,13,11.0,0.5,1543,42,-3.6,2,-293,1024,4,12,-1024,-93,-1024,1024,1,1,-1,-1,-1,1,-1,-1,-1,0x0000000000000000,1502,1367,2012,1500,2012,1498,2012,988,1500,1500,1500,1500,1500,1500,1500,1500,1500,1500,1500,1500,1500,1500,1500,1500,1500,1500,1500,1500,1500,1500,1500,1500,7.9
2026-05-04,13:49:50.030,0.18,0.34,0.78,-68,0,100,14,0,5,50,-56,100,13,"AIR",53.759667 -1.544186,49.8,47.70,2,13,11.0,0.5,1543,42,-3.6,2,-192,1024,166,12,-1024,-93,-1024,1024,1,1,-1,-1,-1,1,-1,-1,-1,0x0000000000000000,1575,1414,2012,1500,2012,1425,2012,988,1500,1500,1500,1500,1500,1500,1500,1500,1500,1500,1500,1500,1500,1500,1500,1500,1500,1500,1500,1500,1500,1500,1500,1500,7.9
2026-05-04,13:49:50.530,0.18,0.34,0.78,-67,0,100,13,0,5,50,-63,100,15,"AIR",53.759667 -1.544186,49.8,47.70,2,13,10.6,12.4,1548,25,-3.6,2,-686,783,102,12,-1024,-93,-1024,1024,1,1,-1,-1,-1,1,-1,-1,-1,0x0000000000000000,1546,1176,1891,1500,2012,1454,2012,988,1500,1500,1500,1500,1500,1500,1500,1500,1500,1500,1500,1500,1500,1500,1500,1500,1500,1500,1500,1500,1500,1500,1500,1500,7.9
2026-05-04,13:49:51.030,0.18,0.34,0.78,-66,0,100,14,0,5,50,-59,100,14,"AIR",53.759667 -1.544186,49.8,47.70,2,13,10.6,12.4,1548,25,-3.6,1,-382,574,-1,12,-1024,-93,-1024,1024,1,1,-1,-1,-1,1,-1,-1,-1,0x0000000000000000,1500,1326,1787,1500,2012,1500,2012,988,1500,1500,1500,1500,1500,1500,1500,1500,1500,1500,1500,1500,1500,1500,1500,1500,1500,1500,1500,1500,1500,1500,1500,1500,7.9
2026-05-04,13:49:51.530,-0.45,0.59,0.91,-65,0,100,14,0,5,50,-55,100,14,"AIR",53.759667 -1.544186,49.8,47.70,2,13,10.6,12.4,1548,25,-3.6,3,-5,1022,-595,13,-1024,-93,-1024,1024,1,1,-1,-1,-1,1,-1,-1,-1,0x0000000000000000,1223,1498,2011,1501,2012,1777,2012,988,1500,1500,1500,1500,1500,1500,1500,1500,1500,1500,1500,1500,1500,1500,1500,1500,1500,1500,1500,1500,1500,1500,1500,1500,7.9
2026-05-04,13:49:52.030,-0.45,0.59,0.91,-64,0,100,14,0,5,50,-59,100,14,"AIR",53.759667 -1.544186,49.8,47.70,2,13,10.6,12.4,1548,25,-3.6,-2,-1,1024,-833,13,-1024,-93,-1024,1024,1,1,-1,-1,-1,1,-1,-1,-1,0x0000000000000000,1098,1500,2012,1500,2012,1902,2012,988,1500,1500,1500,1500,1500,1500,1500,1500,1500,1500,1500,1500,1500,1500,1500,1500,1500,1500,1500,1500,1500,1500,1500,1500,7.9
2026-05-04,13:49:52.530,-0.45,0.59,0.91,-67,0,99,14,0,5,50,-66,100,13,"AIR",53.759667 -1.544186,49.8,47.70,2,13,10.6,12.4,1548,25,-3.6,-69,3,1024,-149,13,-1024,-93,-1024,1024,1,1,-1,-1,-1,1,-1,-1,-1,0x0000000000000000,1433,1501,2012,1476,2012,1567,2012,988,1500,1500,1500,1500,1500,1500,1500,1500,1500,1500,1500,1500,1500,1500,1500,1500,1500,1500,1500,1500,1500,1500,1500,1500,7.9
2026-05-04,13:49:53.030,-0.45,0.59,0.91,-70,0,98,13,0,5,50,-63,100,14,"AIR",53.759667 -1.544186,49.8,47.70,2,13,10.6,12.4,1548,25,0.8,-361,-38,1022,-6,12,-1024,-93,-1024,1024,1,1,-1,-1,-1,1,-1,-1,-1,0x0000000000000000,1491,1469,2005,1367,2012,1509,2012,988,1500,1500,1500,1500,1500,1500,1500,1500,1500,1500,1500,1500,1500,1500,1500,1500,1500,1500,1500,1500,1500,1500,1500,1500,7.9
2026-05-04,13:49:53.530,-0.45,0.59,0.91,-70,0,98,14,0,5,50,-72,100,14,"AIR",53.759667 -1.544186,49.8,47.70,2,13,10.6,12.4,1548,25,0.8,-699,-214,985,295,12,-1024,-93,-1024,1024,1,1,-1,-1,-1,1,-1,-1,-1,0x0000000000000000,1634,1404,1992,1207,2012,1366,2012,988,1500,1500,1500,1500,1500,1500,1500,1500,1500,1500,1500,1500,1500,1500,1500,1500,1500,1500,1500,1500,1500,1500,1500,1500,7.9
2026-05-04,13:49:54.030,-0.45,0.59,0.91,-77,0,99,13,0,5,50,-76,100,13,"AIR",53.759667 -1.544186,49.8,47.70,2,13,10.6,12.4,1548,25,0.8,-258,-607,893,445,12,-1024,-93,-1024,1024,1,1,-1,-1,-1,1,-1,-1,-1,0x0000000000000000,1704,1217,1946,1408,2012,1296,2012,988,1500,1500,1500,1500,1500,1500,1500,1500,1500,1500,1500,1500,1500,1500,1500,1500,1500,1500,1500,1500,1500,1500,1500,1500,7.9
2026-05-04,13:49:54.530,-0.45,0.59,0.91,-88,0,94,8,0,5,50,-75,100,13,"AIR",53.759938 -1.543362,36.8,119.40,9,13,10.6,12.4,1548,25,0.8,-47,-737,938,259,12,-1024,-93,-1024,1024,1,1,-1,-1,-1,1,-1,-1,-1,0x0000000000000000,1617,1150,1969,1484,2012,1383,2012,988,1500,1500,1500,1500,1500,1500,1500,1500,1500,1500,1500,1500,1500,1500,1500,1500,1500,1500,1500,1500,1500,1500,1500,1500,7.9
2026-05-04,13:49:55.030,-0.45,0.59,0.91,-81,0,97,11,0,5,50,-74,100,12,"AIR",53.759938 -1.543362,36.8,119.40,9,13,10.6,12.4,1548,25,0.8,-514,-280,1024,-166,12,-1024,-93,-1024,1024,1,1,-1,-1,-1,1,-1,-1,-1,0x0000000000000000,1430,1373,2012,1295,2012,1570,2012,988,1500,1500,1500,1500,1500,1500,1500,1500,1500,1500,1500,1500,1500,1500,1500,1500,1500,1500,1500,1500,1500,1500,1500,1500,7.9
2026-05-04,13:49:55.530,-0.45,0.59,0.91,-84,0,100,11,0,5,50,-70,100,14,"AIR",53.759938 -1.543362,36.8,119.40,9,13,10.6,12.4,1548,25,0.8,-574,-232,1024,-364,12,-1024,-93,-1024,1024,1,1,-1,-1,-1,1,-1,-1,-1,0x0000000000000000,1334,1395,2012,1272,2012,1666,2012,988,1500,1500,1500,1500,1500,1500,1500,1500,1500,1500,1500,1500,1500,1500,1500,1500,1500,1500,1500,1500,1500,1500,1500,1500,7.9
2026-05-04,13:49:56.030,-0.45,0.59,0.91,-77,0,100,13,0,5,50,-70,100,8,"AIR",53.759938 -1.543362,36.8,119.40,9,13,10.5,11.2,1566,23,0.8,-239,-480,901,26,12,-1024,-93,-1024,1024,1,1,-1,-1,-1,1,-1,-1,-1,0x0000000000000000,1511,1279,1950,1415,2012,1489,2012,988,1500,1500,1500,1500,1500,1500,1500,1500,1500,1500,1500,1500,1500,1500,1500,1500,1500,1500,1500,1500,1500,1500,1500,1500,7.9
2026-05-04,13:49:56.530,-0.45,0.59,0.91,-74,0,99,13,0,5,50,-67,100,14,"AIR",53.759938 -1.543362,36.8,119.40,9,13,10.5,11.2,1566,23,0.8,3,-343,-142,4,12,-1024,-93,-1024,1024,1,1,-1,-1,-1,1,-1,-1,-1,0x0000000000000000,1502,1344,1423,1501,2012,1498,2012,988,1500,1500,1500,1500,1500,1500,1500,1500,1500,1500,1500,1500,1500,1500,1500,1500,1500,1500,1500,1500,1500,1500,1500,1500,7.9
2026-05-04,13:49:57.030,-0.10,-0.59,-0.56,-76,0,100,13,0,5,50,-71,100,13,"AIR",53.759938 -1.543362,36.8,119.40,9,13,10.5,11.2,1566,23,0.8,5,-9,-756,-1,13,-1024,-93,-1024,1024,1,1,-1,-1,-1,1,-1,-1,-1,0x0000000000000000,1499,1496,1122,1501,2012,1501,2012,988,1500,1500,1500,1500,1500,1500,1500,1500,1500,1500,1500,1500,1500,1500,1500,1500,1500,1500,1500,1500,1500,1500,1500,1500,7.9
2026-05-04,13:49:57.530,-0.10,-0.59,-0.56,-79,0,99,11,0,5,50,-72,100,14,"AIR",53.759938 -1.543362,36.8,119.40,9,13,10.5,11.2,1566,23,0.8,6,-4,-879,-544,13,-1024,-93,-1024,1024,1,1,-1,-1,-1,1,-1,-1,-1,0x0000000000000000,1248,1498,1061,1502,2012,1752,2012,988,1500,1500,1500,1500,1500,1500,1500,1500,1500,1500,1500,1500,1500,1500,1500,1500,1500,1500,1500,1500,1500,1500,1500,1500,7.9
2026-05-04,13:49:58.030,-0.10,-0.59,-0.56,-73,0,99,13,0,5,50,-62,100,15,"AIR",53.759938 -1.543362,36.8,119.40,9,13,10.5,11.2,1566,23,0.8,5,-2,-623,-412,13,-1024,-93,-1024,1024,1,1,-1,-1,-1,1,-1,-1,-1,0x0000000000000000,1312,1499,1189,1501,2012,1688,2012,988,1500,1500,1500,1500,1500,1500,1500,1500,1500,1500,1500,1500,1500,1500,1500,1500,1500,1500,1500,1500,1500,1500,1500,1500,7.9
2026-05-04,13:49:58.530,-0.10,-0.59,-0.56,-70,0,100,13,0,5,50,-62,100,15,"AIR",53.759938 -1.543362,36.8,119.40,9,13,10.5,11.2,1566,23,0.7,4,-217,-590,-1,13,-1024,-93,-1024,1024,1,1,-1,-1,-1,1,-1,-1,-1,0x0000000000000000,1500,1402,1205,1501,2012,1500,2012,988,1500,1500,1500,1500,1500,1500,1500,1500,1500,1500,1500,1500,1500,1500,1500,1500,1500,1500,1500,1500,1500,1500,1500,1500,7.9
2026-05-04,13:49:59.030,-0.10,-0.59,-0.56,-73,0,99,13,0,5,50,-73,100,14,"AIR",53.759938 -1.543362,36.8,119.40,9,13,10.5,11.2,1566,23,0.7,4,-222,-716,4,12,-1024,-93,-1024,1024,1,1,-1,-1,-1,1,-1,-1,-1,0x0000000000000000,1502,1393,1153,1501,2012,1498,2012,988,1500,1500,1500,1500,1500,1500,1500,1500,1500,1500,1500,1500,1500,1500,1500,1500,1500,1500,1500,1500,1500,1500,1500,1500,7.9
2026-05-04,13:49:59.530,-0.10,-0.59,-0.56,-73,0,99,12,0,5,50,-61,100,14,"AIR",53.759938 -1.543362,36.8,119.40,9,13,10.5,11.2,1566,23,0.7,2,-491,388,42,12,-1024,-93,-1024,1024,1,1,-1,-1,-1,1,-1,-1,-1,0x0000000000000000,1519,1274,1694,1500,2012,1481,2012,988,1500,1500,1500,1500,1500,1500,1500,1500,1500,1500,1500,1500,1500,1500,1500,1500,1500,1500,1500,1500,1500,1500,1500,1500,7.9
2026-05-04,13:50:00.030,-0.10,-0.59,-0.56,-68,0,99,14,0,5,50,-72,100,13,"AIR",53.760174 -1.543448,34.0,250.90,15,12,10.5,11.2,1566,23,0.7,4,-1,1023,1,12,-1024,-93,-1024,1024,1,1,-1,-1,-1,1,-1,-1,-1,0x0000000000000000,1500,1500,2011,1501,2012,1500,2012,988,1500,1500,1500,1500,1500,1500,1500,1500,1500,1500,1500,1500,1500,1500,1500,1500,1500,1500,1500,1500,1500,1500,1500,1500,7.9
2026-05-04,13:50:00.530,-0.10,-0.59,-0.56,-79,0,96,11,0,5,50,-59,100,13,"AIR",53.760174 -1.543448,34.0,250.90,15,12,10.5,11.2,1566,23,0.7,36,2,1024,0,13,-1024,-93,-1024,1024,1,1,-1,-1,-1,1,-1,-1,-1,0x0000000000000000,1500,1501,2012,1512,2012,1500,2012,988,1500,1500,1500,1500,1500,1500,1500,1500,1500,1500,1500,1500,1500,1500,1500,1500,1500,1500,1500,1500,1500,1500,1500,1500,7.9
2026-05-04,13:50:01.030,-0.10,-0.59,-0.56,-67,0,97,14,0,5,50,-68,100,14,"AIR",53.760174 -1.543448,34.0,250.90,15,12,10.5,11.2,1566,23,0.7,3,1,1006,-1,12,-1024,-93,-1024,1024,1,1,-1,-1,-1,1,-1,-1,-1,0x0000000000000000,1500,1500,2003,1501,2012,1500,2012,988,1500,1500,1500,1500,1500,1500,1500,1500,1500,1500,1500,1500,1500,1500,1500,1500,1500,1500,1500,1500,1500,1500,1500,1500,7.9
2026-05-04,13:50:01.530,-0.10,-0.59,-0.56,-68,0,100,14,0,5,50,-56,100,15,"AIR",53.760174 -1.543448,34.0,250.90,15,12,10.5,11.9,1574,24,0.7,-454,2,703,-1,13,-1024,-93,-1024,1024,1,1,-1,-1,-1,1,-1,-1,-1,0x0000000000000000,1500,1501,1851,1328,2012,1500,2012,988,1500,1500,1500,1500,1500,1500,1500,1500,1500,1500,1500,1500,1500,1500,1500,1500,1500,1500,1500,1500,1500,1500,1500,1500,7.9
2026-05-04,13:50:02.030,-0.10,-0.59,-0.56,-61,0,100,14,0,5,50,-51,100,14,"AIR",53.760174 -1.543448,34.0,250.90,15,12,10.5,11.9,1574,24,0.7,3,2,761,-1,13,-1024,-93,-1024,1024,1,1,-1,-1,-1,1,-1,-1,-1,0x0000000000000000,1500,1501,1880,1501,2012,1500,2012,988,1500,1500,1500,1500,1500,1500,1500,1500,1500,1500,1500,1500,1500,1500,1500,1500,1500,1500,1500,1500,1500,1500,1500,1500,7.9
2026-05-04,13:50:02.530,-0.37,0.35,-1.93,-57,0,100,14,0,5,50,-47,100,14,"AIR",53.760174 -1.543448,34.0,250.90,15,12,10.5,11.9,1574,24,0.7,2,107,920,-15,12,-1024,-93,-1024,1024,1,1,-1,-1,-1,1,-1,-1,-1,0x0000000000000000,1494,1548,1960,1500,2012,1506,2012,988,1500,1500,1500,1500,1500,1500,1500,1500,1500,1500,1500,1500,1500,1500,1500,1500,1500,1500,1500,1500,1500,1500,1500,1500,7.9
2026-05-04,13:50:03.030,-0.37,0.35,-1.93,-56,0,100,14,0,5,50,-47,100,14,"AIR",53.760174 -1.543448,34.0,250.90,15,12,10.5,11.9,1574,24,0.7,2,268,807,-3,12,-1024,-93,-1024,1024,1,1,-1,-1,-1,1,-1,-1,-1,0x0000000000000000,1499,1621,1903,1500,2012,1501,2012,988,1500,1500,1500,1500,1500,1500,1500,1500,1500,1500,1500,1500,1500,1500,1500,1500,1500,1500,1500,1500,1500,1500,1500,1500,7.9
2026-05-04,13:50:03.530,-0.37,0.35,-1.93,-57,0,100,13,0,5,50,-49,100,14,"AIR",53.760174 -1.543448,34.0,250.90,15,12,10.5,11.9,1574,24,0.7,2,4,798,0,12,-1024,-93,-1024,1024,1,1,-1,-1,-1,1,-1,-1,-1,0x0000000000000000,1500,1502,1899,1500,2012,1500,2012,988,1500,1500,1500,1500,1500,1500,1500,1500,1500,1500,1500,1500,1500,1500,1500,1500,1500,1500,1500,1500,1500,1500,1500,1500,7.9
2026-05-04,13:50:04.030,-0.37,0.35,-1.93,-57,0,100,14,0,5,50,-56,100,14,"AIR",53.760174 -1.543448,34.0,250.90,15,12,10.5,11.9,1574,24,3.4,2,6,798,0,12,-1024,-93,-1024,1024,1,1,-1,-1,-1,1,-1,-1,-1,0x0000000000000000,1500,1502,1899,1500,2012,1500,2012,988,1500,1500,1500,1500,1500,1500,1500,1500,1500,1500,1500,1500,1500,1500,1500,1500,1500,1500,1500,1500,1500,1500,1500,1500,7.9
2026-05-04,13:50:04.530,-0.37,0.35,-1.93,-58,0,100,14,0,5,50,-47,100,14,"AIR",53.760174 -1.543448,34.0,250.90,15,12,10.5,11.9,1574,24,3.4,3,8,798,0,12,-1024,-93,-1024,1024,1,0,-1,-1,-1,1,-1,-1,-1,0x0000000000000000,1500,1503,1899,1501,2012,1500,1500,988,1500,1500,1500,1500,1500,1500,1500,1500,1500,1500,1500,1500,1500,1500,1500,1500,1500,1500,1500,1500,1500,1500,1500,1500,7.9
2026-05-04,13:50:05.030,-0.37,0.35,-1.93,-55,0,100,14,0,5,50,-53,100,14,"AIR",53.760174 -1.543448,34.0,250.90,15,12,10.5,11.9,1574,24,3.4,3,-1,798,2,12,-1024,-93,-1024,1024,1,0,-1,-1,-1,1,-1,-1,-1,0x0000000000000000,1500,1500,1899,1501,2012,1500,1500,988,1500,1500,1500,1500,1500,1500,1500,1500,1500,1500,1500,1500,1500,1500,1500,1500,1500,1500,1500,1500,1500,1500,1500,1500,7.9
2026-05-04,13:50:05.530,-0.37,0.35,-1.93,-60,0,99,14,0,5,50,-53,100,14,"AIR",53.760174 -1.543448,34.0,250.90,15,12,10.5,11.9,1574,24,3.4,2,-360,786,-5,12,-1024,-93,-1024,1024,1,0,-1,-1,-1,1,-1,-1,-1,0x0000000000000000,1498,1336,1893,1500,2012,1502,1500,988,1500,1500,1500,1500,1500,1500,1500,1500,1500,1500,1500,1500,1500,1500,1500,1500,1500,1500,1500,1500,1500,1500,1500,1500,7.9
2026-05-04,13:50:06.030,-0.37,0.35,-1.93,-63,0,98,14,0,5,50,-53,100,14,"AIR",53.759803 -1.544223,37.2,220.70,19,14,10.5,11.9,1574,24,3.4,3,-113,804,-312,12,-1024,-93,-1024,1024,1,0,-1,-1,-1,1,-1,-1,-1,0x0000000000000000,1359,1449,1902,1501,2012,1641,1500,988,1500,1500,1500,1500,1500,1500,1500,1500,1500,1500,1500,1500,1500,1500,1500,1500,1500,1500,1500,1500,1500,1500,1500,1500,7.9
2026-05-04,13:50:06.530,-0.37,0.35,-1.93,-62,0,100,14,0,5,50,-51,100,13,"AIR",53.759803 -1.544223,37.2,220.70,19,14,10.5,11.9,1574,24,3.4,3,-2,816,0,12,-1024,-93,-1024,1024,1,0,-1,-1,-1,1,-1,-1,-1,0x0000000000000000,1500,1499,1908,1501,2012,1500,1500,988,1500,1500,1500,1500,1500,1500,1500,1500,1500,1500,1500,1500,1500,1500,1500,1500,1500,1500,1500,1500,1500,1500,1500,1500,7.9
2026-05-04,13:50:07.030,-0.37,0.35,-1.93,-60,0,100,14,0,5,50,-53,100,14,"AIR",53.759803 -1.544223,37.2,220.70,19,14,10.6,9.2,1590,25,3.4,2,-289,829,-86,12,-1024,-93,-1024,1024,1,0,-1,-1,-1,1,-1,-1,-1,0x0000000000000000,1462,1369,1914,1500,2012,1538,1500,988,1500,1500,1500,1500,1500,1500,1500,1500,1500,1500,1500,1500,1500,1500,1500,1500,1500,1500,1500,1500,1500,1500,1500,1500,7.9
2026-05-04,13:50:07.530,-0.37,0.35,-1.93,-62,0,100,14,0,5,50,-56,100,14,"AIR",53.759803 -1.544223,37.2,220.70,19,14,10.6,9.2,1590,25,3.4,2,-110,828,-1,12,-1024,-93,-1024,1024,1,0,-1,-1,-1,1,-1,-1,-1,0x0000000000000000,1500,1451,1914,1500,2012,1500,1500,988,1500,1500,1500,1500,1500,1500,1500,1500,1500,1500,1500,1500,1500,1500,1500,1500,1500,1500,1500,1500,1500,1500,1500,1500,7.9
2026-05-04,13:50:08.030,-0.04,0.09,-2.57,-67,0,100,13,0,5,50,-63,100,15,"AIR",53.759803 -1.544223,37.2,220.70,19,14,10.6,9.2,1590,25,3.4,3,-90,828,218,12,-1024,-93,-1024,1024,1,0,-1,-1,-1,1,-1,-1,-1,0x0000000000000000,1598,1460,1914,1501,2012,1402,1500,988,1500,1500,1500,1500,1500,1500,1500,1500,1500,1500,1500,1500,1500,1500,1500,1500,1500,1500,1500,1500,1500,1500,1500,1500,7.9
2026-05-04,13:50:08.530,-0.04,0.09,-2.57,-74,0,100,13,0,5,50,-67,100,15,"AIR",53.759803 -1.544223,37.2,220.70,19,14,10.6,9.2,1590,25,3.4,207,-72,909,609,12,-1024,-93,-1024,1024,1,0,-1,-1,-1,1,-1,-1,-1,0x0000000000000000,1784,1468,1954,1573,2012,1216,1500,988,1500,1500,1500,1500,1500,1500,1500,1500,1500,1500,1500,1500,1500,1500,1500,1500,1500,1500,1500,1500,1500,1500,1500,1500,7.9
2026-05-04,13:50:09.030,-0.04,0.09,-2.57,-82,0,98,12,0,5,50,-81,100,11,"ANGL",53.759803 -1.544223,37.2,220.70,19,14,10.6,9.2,1590,25,3.4,243,-382,930,535,12,-1024,-93,-1024,1024,1,0,-1,-1,-1,1,-1,-1,-1,0x0000000000000000,1747,1326,1965,1587,2012,1253,1500,988,1500,1500,1500,1500,1500,1500,1500,1500,1500,1500,1500,1500,1500,1500,1500,1500,1500,1500,1500,1500,1500,1500,1500,1500,7.9
2026-05-04,13:50:09.530,-0.04,0.09,-2.57,-81,0,97,12,0,5,50,-86,100,5,"ANGL",53.759803 -1.544223,37.2,220.70,19,14,10.6,9.2,1590,25,0.0,307,-450,944,637,12,-1024,-93,-1024,1024,1,0,-1,-1,-1,1,-1,-1,-1,0x0000000000000000,1798,1294,1972,1611,2012,1202,1500,988,1500,1500,1500,1500,1500,1500,1500,1500,1500,1500,1500,1500,1500,1500,1500,1500,1500,1500,1500,1500,1500,1500,1500,1500,7.9
2026-05-04,13:50:10.030,-0.04,0.09,-2.57,-77,0,100,12,0,5,50,-69,100,13,"ANGL",53.759803 -1.544223,37.2,220.70,19,14,10.6,9.2,1590,25,0.0,294,-429,1005,757,12,-1024,-93,-1024,1024,1,0,-1,-1,-1,1,-1,-1,-1,0x0000000000000000,1861,1304,2002,1606,2012,1139,1500,988,1500,1500,1500,1500,1500,1500,1500,1500,1500,1500,1500,1500,1500,1500,1500,1500,1500,1500,1500,1500,1500,1500,1500,1500,7.9
2026-05-04,13:50:10.530,-0.04,0.09,-2.57,-80,0,100,13,0,5,50,-61,100,14,"ANGL",53.759803 -1.544223,37.2,220.70,19,14,10.6,9.2,1590,25,0.0,203,-586,1023,610,12,-1024,-93,-1024,1024,1,0,-1,-1,-1,1,-1,-1,-1,0x0000000000000000,1785,1227,2011,1572,2012,1215,1500,988,1500,1500,1500,1500,1500,1500,1500,1500,1500,1500,1500,1500,1500,1500,1500,1500,1500,1500,1500,1500,1500,1500,1500,1500,7.9
2026-05-04,13:50:11.030,-0.04,0.09,-2.57,-70,0,99,14,0,5,50,-62,100,13,"ANGL",53.759803 -1.544223,37.2,220.70,19,14,10.6,9.2,1590,25,0.0,178,-352,1024,891,12,-1024,-93,-1024,1024,1,0,-1,-1,-1,1,-1,-1,-1,0x0000000000000000,1934,1340,2012,1563,2012,1066,1500,988,1500,1500,1500,1500,1500,1500,1500,1500,1500,1500,1500,1500,1500,1500,1500,1500,1500,1500,1500,1500,1500,1500,1500,1500,7.9
2026-05-04,13:50:11.530,-0.04,0.09,-2.57,-67,0,98,13,0,5,50,-60,100,14,"ANGL",53.759215 -1.544893,62.1,225.30,20,14,10.6,9.2,1590,25,0.0,161,-395,1024,828,12,-1024,-93,-1024,1024,1,0,-1,-1,-1,1,-1,-1,-1,0x0000000000000000,1899,1320,2012,1557,2012,1101,1500,988,1500,1500,1500,1500,1500,1500,1500,1500,1500,1500,1500,1500,1500,1500,1500,1500,1500,1500,1500,1500,1500,1500,1500,1500,7.9
2026-05-04,13:50:12.030,-0.04,0.09,-2.57,-77,0,99,13,0,5,50,-75,100,13,"ANGL",53.759215 -1.544893,62.1,225.30,20,14,10.6,9.2,1590,25,0.0,27,-291,1023,601,12,-1024,-93,-1024,1024,1,0,-1,-1,-1,1,-1,-1,-1,0x0000000000000000,1780,1368,2011,1509,2012,1220,1500,988,1500,1500,1500,1500,1500,1500,1500,1500,1500,1500,1500,1500,1500,1500,1500,1500,1500,1500,1500,1500,1500,1500,1500,1500,7.9
2026-05-04,13:50:12.530,-0.04,0.09,-2.57,-73,0,100,13,0,5,50,-55,100,14,"ANGL",53.759215 -1.544893,62.1,225.30,20,14,10.5,11.1,1605,22,0.0,100,-182,1024,905,12,-1024,-93,-1024,1024,1,0,-1,-1,-1,1,-1,-1,-1,0x0000000000000000,1942,1413,2012,1535,2012,1058,1500,988,1500,1500,1500,1500,1500,1500,1500,1500,1500,1500,1500,1500,1500,1500,1500,1500,1500,1500,1500,1500,1500,1500,1500,1500,7.9
2026-05-04,13:50:13.030,-0.04,0.09,-2.57,-67,0,99,14,0,5,50,-62,100,14,"ANGL",53.759215 -1.544893,62.1,225.30,20,14,10.5,11.1,1605,22,0.0,108,-253,1024,898,12,-1024,-93,-1024,1024,1,0,-1,-1,-1,1,-1,-1,-1,0x0000000000000000,1938,1386,2012,1538,2012,1062,1500,988,1500,1500,1500,1500,1500,1500,1500,1500,1500,1500,1500,1500,1500,1500,1500,1500,1500,1500,1500,1500,1500,1500,1500,1500,7.9
2026-05-04,13:50:13.530,-0.08,0.18,-0.85,-65,0,100,13,0,5,50,-59,100,14,"ANGL",53.759215 -1.544893,62.1,225.30,20,14,10.5,11.1,1605,22,0.0,40,-403,1024,875,12,-1024,-93,-1024,1024,1,0,-1,-1,-1,1,-1,-1,-1,0x0000000000000000,1925,1316,2012,1514,2012,1075,1500,988,1500,1500,1500,1500,1500,1500,1500,1500,1500,1500,1500,1500,1500,1500,1500,1500,1500,1500,1500,1500,1500,1500,1500,1500,7.9
2026-05-04,13:50:14.030,-0.08,0.18,-0.85,-64,0,100,13,0,5,50,-56,100,15,"ANGL",53.759215 -1.544893,62.1,225.30,20,14,10.5,11.1,1605,22,0.0,8,-528,946,883,12,-1024,-93,-1024,1024,1,0,-1,-1,-1,1,-1,-1,-1,0x0000000000000000,1930,1256,1973,1503,2012,1070,1500,988,1500,1500,1500,1500,1500,1500,1500,1500,1500,1500,1500,1500,1500,1500,1500,1500,1500,1500,1500,1500,1500,1500,1500,1500,7.9
2026-05-04,13:50:14.530,-0.08,0.18,-0.85,-66,0,100,13,0,5,50,-59,100,14,"ANGL",53.759215 -1.544893,62.1,225.30,20,14,10.5,11.1,1605,22,0.0,7,-497,641,912,12,-1024,-93,-1024,1024,1,0,-1,-1,-1,1,-1,-1,-1,0x0000000000000000,1946,1271,1820,1502,2012,1054,1500,988,1500,1500,1500,1500,1500,1500,1500,1500,1500,1500,1500,1500,1500,1500,1500,1500,1500,1500,1500,1500,1500,1500,1500,1500,7.9
2026-05-04,13:50:15.030,-0.08,0.18,-0.85,-65,0,100,13,0,5,50,-60,100,15,"ANGL",53.759215 -1.544893,62.1,225.30,20,14,10.5,11.1,1605,22,-0.6,12,-526,689,887,11,-1024,-93,-1024,1024,1,0,-1,-1,-1,1,-1,-1,-1,0x0000000000000000,1932,1257,1844,1504,2012,1068,1500,988,1500,1500,1500,1500,1500,1500,1500,1500,1500,1500,1500,1500,1500,1500,1500,1500,1500,1500,1500,1500,1500,1500,1500,1500,7.9
2026-05-04,13:50:15.530,-0.08,0.18,-0.85,-66,0,99,14,0,5,50,-58,100,12,"ANGL",53.759215 -1.544893,62.1,225.30,20,14,10.5,11.1,1605,22,-0.6,121,-705,688,591,12,-1024,-93,-1024,1024,1,0,-1,-1,-1,1,-1,-1,-1,0x0000000000000000,1775,1167,1844,1542,2012,1225,1500,988,1500,1500,1500,1500,1500,1500,1500,1500,1500,1500,1500,1500,1500,1500,1500,1500,1500,1500,1500,1500,1500,1500,1500,1500,7.9
2026-05-04,13:50:16.030,-0.08,0.18,-0.85,-65,0,97,14,0,5,50,-56,100,14,"ANGL",53.759215 -1.544893,62.1,225.30,20,14,10.5,11.1,1605,22,-0.6,181,-449,682,926,12,-1024,-93,-1024,1024,1,0,-1,-1,-1,1,-1,-1,-1,0x0000000000000000,1954,1294,1841,1564,2012,1046,1500,988,1500,1500,1500,1500,1500,1500,1500,1500,1500,1500,1500,1500,1500,1500,1500,1500,1500,1500,1500,1500,1500,1500,1500,1500,7.9
2026-05-04,13:50:16.530,-0.08,0.18,-0.85,-64,0,99,13,0,5,50,-55,100,13,"ANGL",53.759215 -1.544893,62.1,225.30,20,14,10.5,11.1,1605,22,-0.6,138,-494,704,751,12,-1024,-93,-1024,1024,1,0,-1,-1,-1,1,-1,-1,-1,0x0000000000000000,1858,1272,1852,1548,2012,1142,1500,988,1500,1500,1500,1500,1500,1500,1500,1500,1500,1500,1500,1500,1500,1500,1500,1500,1500,1500,1500,1500,1500,1500,1500,1500,7.9
2026-05-04,13:50:17.030,-0.08,0.18,-0.85,-63,0,100,13,0,5,50,-57,100,14,"ANGL",53.759596 -1.545808,64.6,-297.16,22,15,10.5,11.1,1605,22,-0.6,68,-541,728,699,12,-1024,-93,-1024,1024,1,0,-1,-1,-1,1,-1,-1,-1,0x0000000000000000,1830,1250,1864,1524,2012,1170,1500,988,1500,1500,1500,1500,1500,1500,1500,1500,1500,1500,1500,1500,1500,1500,1500,1500,1500,1500,1500,1500,1500,1500,1500,1500,7.9
2026-05-04,13:50:17.530,-0.08,0.18,-0.85,-70,0,99,13,0,5,50,-65,100,14,"ANGL",53.759596 -1.545808,64.6,-297.16,22,15,10.5,11.1,1605,22,-0.6,46,-494,730,929,12,-1024,-93,-1024,1024,1,0,-1,-1,-1,1,-1,-1,-1,0x0000000000000000,1956,1272,1865,1516,2012,1044,1500,988,1500,1500,1500,1500,1500,1500,1500,1500,1500,1500,1500,1500,1500,1500,1500,1500,1500,1500,1500,1500,1500,1500,1500,1500,7.9
2026-05-04,13:50:18.030,-0.08,0.18,-0.85,-73,0,100,13,0,5,50,-64,100,15,"ANGL",53.759596 -1.545808,64.6,-297.16,22,15,10.6,7.4,1619,27,-0.6,6,-572,709,858,12,-1024,-93,-1024,1024,1,0,-1,-1,-1,1,-1,-1,-1,0x0000000000000000,1916,1234,1854,1502,2012,1084,1500,988,1500,1500,1500,1500,1500,1500,1500,1500,1500,1500,1500,1500,1500,1500,1500,1500,1500,1500,1500,1500,1500,1500,1500,1500,7.9
2026-05-04,13:50:18.530,-0.08,0.18,-0.85,-73,0,99,13,0,5,50,-65,100,13,"ANGL",53.759596 -1.545808,64.6,-297.16,22,15,10.6,7.4,1619,27,-0.6,2,-497,644,819,12,-1024,-93,-1024,1024,1,0,-1,-1,-1,1,-1,-1,-1,0x0000000000000000,1894,1271,1822,1500,2012,1106,1500,988,1500,1500,1500,1500,1500,1500,1500,1500,1500,1500,1500,1500,1500,1500,1500,1500,1500,1500,1500,1500,1500,1500,1500,1500,7.9
2026-05-04,13:50:19.030,-0.10,0.68,0.61,-70,0,99,13,0,5,50,-58,100,13,"ANGL",53.759596 -1.545808,64.6,-297.16,22,15,10.6,7.4,1619,27,-0.6,3,-412,648,645,12,-1024,-93,-1024,1024,1,0,-1,-1,-1,1,-1,-1,-1,0x0000000000000000,1802,1312,1824,1501,2012,1198,1500,988,1500,1500,1500,1500,1500,1500,1500,1500,1500,1500,1500,1500,1500,1500,1500,1500,1500,1500,1500,1500,1500,1500,1500,1500,7.9
2026-05-04,13:50:19.530,-0.10,0.68,0.61,-63,0,98,14,0,5,50,-53,100,15,"ANGL",53.759596 -1.545808,64.6,-297.16,22,15,10.6,7.4,1619,27,-0.6,2,3,618,-2,12,-1024,-93,-1024,1024,1,0,-1,-1,-1,1,-1,-1,-1,0x0000000000000000,1499,1501,1809,1500,2012,1501,1500,988,1500,1500,1500,1500,1500,1500,1500,1500,1500,1500,1500,1500,1500,1500,1500,1500,1500,1500,1500,1500,1500,1500,1500,1500,7.9
2026-05-04,13:50:20.030,-0.10,0.68,0.61,-62,0,98,13,0,5,50,-57,100,15,"ANGL",53.759596 -1.545808,64.6,-297.16,22,15,10.6,7.4,1619,27,-0.6,3,-190,638,28,12,-1024,-93,-1024,1024,1,0,-1,-1,-1,1,-1,-1,-1,0x0000000000000000,1512,1415,1819,1501,2012,1488,1500,988,1500,1500,1500,1500,1500,1500,1500,1500,1500,1500,1500,1500,1500,1500,1500,1500,1500,1500,1500,1500,1500,1500,1500,1500,7.9
2026-05-04,13:50:20.530,-0.10,0.68,0.61,-64,0,100,13,0,5,50,-64,100,14,"ANGL",53.759596 -1.545808,64.6,-297.16,22,15,10.6,7.4,1619,27,0.8,2,-3,653,5,12,-1024,-93,-1024,1024,1,0,-1,-1,-1,1,-1,-1,-1,0x0000000000000000,1502,1499,1826,1500,2012,1498,1500,988,1500,1500,1500,1500,1500,1500,1500,1500,1500,1500,1500,1500,1500,1500,1500,1500,1500,1500,1500,1500,1500,1500,1500,1500,7.9
2026-05-04,13:50:21.030,-0.10,0.68,0.61,-65,0,100,14,0,5,50,-61,100,14,"ANGL",53.759596 -1.545808,64.6,-297.16,22,15,10.6,7.4,1619,27,0.8,5,-209,774,682,12,-1024,-93,-1024,1024,1,0,-1,-1,-1,1,-1,-1,-1,0x0000000000000000,1821,1406,1887,1501,2012,1179,1500,988,1500,1500,1500,1500,1500,1500,1500,1500,1500,1500,1500,1500,1500,1500,1500,1500,1500,1500,1500,1500,1500,1500,1500,1500,7.9
2026-05-04,13:50:21.530,-0.10,0.68,0.61,-62,0,100,14,0,5,50,-53,100,15,"ANGL",53.759596 -1.545808,64.6,-297.16,22,15,10.6,7.4,1619,27,0.8,3,-523,772,561,12,-1024,-93,-1024,1024,1,0,-1,-1,-1,1,-1,-1,-1,0x0000000000000000,1760,1258,1886,1501,2012,1240,1500,988,1500,1500,1500,1500,1500,1500,1500,1500,1500,1500,1500,1500,1500,1500,1500,1500,1500,1500,1500,1500,1500,1500,1500,1500,7.9
2026-05-04,13:50:22.030,-0.10,0.68,0.61,-62,0,99,14,0,5,50,-55,100,14,"ANGL",53.759596 -1.545808,64.6,-297.16,22,15,10.6,7.4,1619,27,0.8,152,-549,674,1002,12,-1024,-93,-1024,1024,1,0,-1,-1,-1,1,-1,-1,-1,0x0000000000000000,1999,1246,1837,1553,2012,1001,1500,988,1500,1500,1500,1500,1500,1500,1500,1500,1500,1500,1500,1500,1500,1500,1500,1500,1500,1500,1500,1500,1500,1500,1500,1500,7.9
2026-05-04,13:50:22.530,-0.10,0.68,0.61,-62,0,99,14,0,5,50,-54,100,15,"ANGL",53.760198 -1.545078,53.6,53.20,28,15,10.6,7.4,1619,27,0.8,412,-717,544,287,12,-1024,-93,-1024,1024,1,0,-1,-1,-1,1,-1,-1,-1,0x0000000000000000,1630,1160,1772,1654,2012,1370,1500,988,1500,1500,1500,1500,1500,1500,1500,1500,1500,1500,1500,1500,1500,1500,1500,1500,1500,1500,1500,1500,1500,1500,1500,1500,7.9
2026-05-04,13:50:23.030,-0.10,0.68,0.61,-62,0,99,14,0,5,50,-55,100,13,"ANGL",53.760198 -1.545078,53.6,53.20,28,15,10.6,7.4,1619,27,0.8,478,-682,542,525,12,-1024,-93,-1024,1024,1,0,-1,-1,-1,1,-1,-1,-1,0x0000000000000000,1743,1179,1771,1683,2012,1257,1500,988,1500,1500,1500,1500,1500,1500,1500,1500,1500,1500,1500,1500,1500,1500,1500,1500,1500,1500,1500,1500,1500,1500,1500,1500,7.9
2026-05-04,13:50:23.530,-0.10,0.68,0.61,-64,0,100,14,0,5,50,-62,100,14,"ANGL",53.760198 -1.545078,53.6,53.20,28,15,10.6,6.9,1631,27,0.8,477,-625,577,533,12,-1024,-93,-1024,1024,1,0,-1,-1,-1,1,-1,-1,-1,0x0000000000000000,1747,1208,1788,1682,2012,1253,1500,988,1500,1500,1500,1500,1500,1500,1500,1500,1500,1500,1500,1500,1500,1500,1500,1500,1500,1500,1500,1500,1500,1500,1500,1500,7.9
2026-05-04,13:50:24.030,-0.10,0.68,0.61,-72,0,98,13,0,5,50,-60,100,15,"ANGL",53.760198 -1.545078,53.6,53.20,28,15,10.6,6.9,1631,27,0.8,507,-549,577,603,12,-1024,-93,-1024,1024,1,0,-1,-1,-1,1,-1,-1,-1,0x0000000000000000,1781,1246,1788,1696,2012,1219,1500,988,1500,1500,1500,1500,1500,1500,1500,1500,1500,1500,1500,1500,1500,1500,1500,1500,1500,1500,1500,1500,1500,1500,1500,1500,7.9
2026-05-04,13:50:24.530,-0.24,0.51,1.68,-68,0,98,14,0,5,50,-65,100,13,"ANGL",53.760198 -1.545078,53.6,53.20,28,15,10.6,6.9,1631,27,0.8,644,-536,560,625,12,-1024,-93,-1024,1024,1,0,-1,-1,-1,1,-1,-1,-1,0x0000000000000000,1792,1252,1780,1763,2012,1208,1500,988,1500,1500,1500,1500,1500,1500,1500,1500,1500,1500,1500,1500,1500,1500,1500,1500,1500,1500,1500,1500,1500,1500,1500,1500,7.9
2026-05-04,13:50:25.030,-0.24,0.51,1.68,-79,0,99,12,0,5,50,-73,100,14,"ANGL",53.760198 -1.545078,53.6,53.20,28,15,10.6,6.9,1631,27,0.8,535,-508,582,236,12,-1024,-93,-1024,1024,1,0,-1,-1,-1,1,-1,-1,-1,0x0000000000000000,1606,1266,1791,1709,2012,1394,1500,988,1500,1500,1500,1500,1500,1500,1500,1500,1500,1500,1500,1500,1500,1500,1500,1500,1500,1500,1500,1500,1500,1500,1500,1500,7.9
2026-05-04,13:50:25.530,-0.24,0.51,1.68,-75,0,100,12,0,5,50,-67,100,14,"ANGL",53.760198 -1.545078,53.6,53.20,28,15,10.6,6.9,1631,27,0.8,11,-355,786,-357,13,-1024,-93,-1024,1024,1,0,-1,-1,-1,1,-1,-1,-1,0x0000000000000000,1338,1339,1893,1504,2012,1662,1500,988,1500,1500,1500,1500,1500,1500,1500,1500,1500,1500,1500,1500,1500,1500,1500,1500,1500,1500,1500,1500,1500,1500,1500,1500,7.9
2026-05-04,13:50:26.030,-0.24,0.51,1.68,-68,0,98,14,0,5,50,-59,100,14,"ANGL",53.760198 -1.545078,53.6,53.20,28,15,10.6,6.9,1631,27,0.8,2,-78,922,-150,12,-1024,-93,-1024,1024,1,0,-1,-1,-1,1,-1,-1,-1,0x0000000000000000,1433,1465,1961,1500,2012,1567,1500,988,1500,1500,1500,1500,1500,1500,1500,1500,1500,1500,1500,1500,1500,1500,1500,1500,1500,1500,1500,1500,1500,1500,1500,1500,7.9
2026-05-04,13:50:26.530,-0.24,0.51,1.68,-65,0,98,13,0,5,50,-62,100,14,"ANGL",53.760198 -1.545078,53.6,53.20,28,15,10.6,6.9,1631,27,-0.9,2,1,891,-2,12,-1024,-93,-1024,1024,1,0,-1,-1,-1,1,-1,-1,-1,0x0000000000000000,1499,1500,1945,1500,2012,1501,1500,988,1500,1500,1500,1500,1500,1500,1500,1500,1500,1500,1500,1500,1500,1500,1500,1500,1500,1500,1500,1500,1500,1500,1500,1500,7.9
2026-05-04,13:50:27.030,-0.24,0.51,1.68,-71,0,98,13,0,5,50,-60,100,15,"ANGL",53.760198 -1.545078,53.6,53.20,28,15,10.6,6.9,1631,27,-0.9,2,1,928,-1,12,-1024,-93,-1024,1024,1,0,-1,-1,-1,1,-1,-1,-1,0x0000000000000000,1500,1500,1964,1500,2012,1500,1500,988,1500,1500,1500,1500,1500,1500,1500,1500,1500,1500,1500,1500,1500,1500,1500,1500,1500,1500,1500,1500,1500,1500,1500,1500,7.9
2026-05-04,13:50:27.530,-0.24,0.51,1.68,-67,0,99,14,0,5,50,-62,100,15,"ANGL",53.760198 -1.545078,53.6,53.20,28,15,10.6,6.9,1631,27,-0.9,1,2,859,-1,13,-1024,-93,-1024,1024,1,0,-1,-1,-1,1,-1,-1,-1,0x0000000000000000,1500,1501,1929,1500,2012,1500,1500,988,1500,1500,1500,1500,1500,1500,1500,1500,1500,1500,1500,1500,1500,1500,1500,1500,1500,1500,1500,1500,1500,1500,1500,1500,7.9
2026-05-04,13:50:28.030,-0.24,0.51,1.68,-69,0,100,14,0,5,50,-68,100,13,"ANGL",53.760303 -1.544209,40.0,185.60,27,15,10.6,6.9,1631,27,-0.9,1,2,763,-1,13,-1024,-93,-1024,1024,1,0,-1,-1,-1,1,-1,-1,-1,0x0000000000000000,1500,1501,1881,1500,2012,1500,1500,988,1500,1500,1500,1500,1500,1500,1500,1500,1500,1500,1500,1500,1500,1500,1500,1500,1500,1500,1500,1500,1500,1500,1500,1500,7.9
2026-05-04,13:50:28.530,-0.24,0.51,1.68,-69,0,99,13,0,5,50,-58,100,13,"ANGL",53.760303 -1.544209,40.0,185.60,27,15,10.6,6.9,1631,27,-0.9,1,-132,897,-225,12,-1024,-93,-1024,1024,1,0,-1,-1,-1,1,-1,-1,-1,0x0000000000000000,1399,1441,1954,1500,2012,1601,1500,988,1500,1500,1500,1500,1500,1500,1500,1500,1500,1500,1500,1500,1500,1500,1500,1500,1500,1500,1500,1500,1500,1500,1500,1500,7.9
2026-05-04,13:50:29.030,-0.24,0.51,1.68,-65,0,100,13,0,5,50,-58,100,15,"ANGL",53.760303 -1.544209,40.0,185.60,27,15,10.5,9.3,1644,23,-0.9,0,-51,877,-116,12,-1024,-93,-1024,1024,1,0,-1,-1,-1,1,-1,-1,-1,0x0000000000000000,1448,1477,1938,1500,2012,1552,1500,988,1500,1500,1500,1500,1500,1500,1500,1500,1500,1500,1500,1500,1500,1500,1500,1500,1500,1500,1500,1500,1500,1500,1500,1500,7.9
2026-05-04,13:50:29.530,-0.24,0.51,1.68,-66,0,99,13,0,5,50,-67,100,13,"ANGL",53.760303 -1.544209,40.0,185.60,27,15,10.5,9.3,1644,23,-0.9,3,0,1023,-3,12,-1024,-93,-1024,1024,1,0,-1,-1,-1,1,-1,-1,-1,0x0000000000000000,1499,1500,2011,1501,2012,1501,1500,988,1500,1500,1500,1500,1500,1500,1500,1500,1500,1500,1500,1500,1500,1500,1500,1500,1500,1500,1500,1500,1500,1500,1500,1500,7.9
2026-05-04,13:50:30.030,-0.03,-0.02,-2.78,-60,0,100,13,0,5,50,-51,100,14,"ANGL",53.760303 -1.544209,40.0,185.60,27,15,10.5,9.3,1644,23,-0.9,3,1,1024,-17,12,-1024,-93,-1024,1024,1,-1,-1,-1,-1,1,-1,-1,-1,0x0000000000000000,1493,1500,2012,1501,2012,1507,988,988,1500,1500,1500,1500,1500,1500,1500,1500,1500,1500,1500,1500,1500,1500,1500,1500,1500,1500,1500,1500,1500,1500,1500,1500,7.9
2026-05-04,13:50:30.530,-0.03,-0.02,-2.78,-60,0,100,13,0,5,50,-59,100,15,"ANGL",53.760303 -1.544209,40.0,185.60,27,15,10.5,9.3,1644,23,-0.9,3,-29,967,-130,12,-1024,-93,-1024,1024,1,-1,-1,-1,-1,1,-1,-1,-1,0x0000000000000000,1433,1480,1978,1501,2012,1567,988,988,1500,1500,1500,1500,1500,1500,1500,1500,1500,1500,1500,1500,1500,1500,1500,1500,1500,1500,1500,1500,1500,1500,1500,1500,7.9
2026-05-04,13:50:31.030,-0.03,-0.02,-2.78,-65,0,98,13,0,5,50,-61,100,14,"ANGL",53.760303 -1.544209,40.0,185.60,27,15,10.5,9.3,1644,23,-0.9,3,2,941,-510,13,-1024,-93,-1024,1024,1,-1,-1,-1,-1,1,-1,-1,-1,0x0000000000000000,1265,1501,1970,1501,2012,1735,988,988,1500,1500,1500,1500,1500,1500,1500,1500,1500,1500,1500,1500,1500,1500,1500,1500,1500,1500,1500,1500,1500,1500,1500,1500,7.9
2026-05-04,13:50:31.530,-0.03,-0.02,-2.78,-66,0,99,13,0,5,50,-59,100,14,"ANGL",53.760303 -1.544209,40.0,185.60,27,15,10.5,9.3,1644,23,-0.9,1,105,1015,-7,12,-1024,-93,-1024,1024,1,-1,-1,-1,-1,1,-1,-1,-1,0x0000000000000000,1497,1547,2007,1500,2012,1503,988,988,1500,1500,1500,1500,1500,1500,1500,1500,1500,1500,1500,1500,1500,1500,1500,1500,1500,1500,1500,1500,1500,1500,1500,1500,7.9
2026-05-04,13:50:32.030,-0.03,-0.02,-2.78,-63,0,100,13,0,5,50,-51,100,14,"ANGL",53.760303 -1.544209,40.0,185.60,27,15,10.5,9.3,1644,23,4.1,1,239,942,-2,12,-1024,-93,-1024,1024,1,-1,-1,-1,-1,1,-1,-1,-1,0x0000000000000000,1499,1608,1971,1500,2012,1501,988,988,1500,1500,1500,1500,1500,1500,1500,1500,1500,1500,1500,1500,1500,1500,1500,1500,1500,1500,1500,1500,1500,1500,1500,1500,7.9
2026-05-04,13:50:32.530,-0.03,-0.02,-2.78,-65,0,100,14,0,5,50,-59,100,14,"ANGL",53.760303 -1.544209,40.0,185.60,27,15,10.5,9.3,1644,23,4.1,1,499,867,-6,12,-1024,-93,-1024,1024,1,-1,-1,-1,-1,1,-1,-1,-1,0x0000000000000000,1498,1725,1933,1500,2012,1502,988,988,1500,1500,1500,1500,1500,1500,1500,1500,1500,1500,1500,1500,1500,1500,1500,1500,1500,1500,1500,1500,1500,1500,1500,1500,7.9
2026-05-04,13:50:33.030,-0.03,-0.02,-2.78,-66,0,99,13,0,5,50,-60,100,14,"ANGL",53.760303 -1.544209,40.0,185.60,27,15,10.5,9.3,1644,23,4.1,0,652,857,-5,13,-1024,-93,-1024,1024,1,-1,-1,-1,-1,1,-1,-1,-1,0x0000000000000000,1498,1799,1928,1500,2012,1502,988,988,1500,1500,1500,1500,1500,1500,1500,1500,1500,1500,1500,1500,1500,1500,1500,1500,1500,1500,1500,1500,1500,1500,1500,1500,7.9
2026-05-04,13:50:33.530,-0.03,-0.02,-2.78,-67,0,99,13,0,5,50,-66,100,14,"ANGL",53.759673 -1.544670,51.5,213.10,33,15,10.5,9.3,1644,23,4.1,1,3,886,-152,12,-1024,-93,-1024,1024,1,-1,-1,-1,-1,1,-1,-1,-1,0x0000000000000000,1440,1501,1943,1500,2012,1560,988,988,1500,1500,1500,1500,1500,1500,1500,1500,1500,1500,1500,1500,1500,1500,1500,1500,1500,1500,1500,1500,1500,1500,1500,1500,7.9
2026-05-04,13:50:34.030,-0.03,-0.02,-2.78,-70,0,100,14,0,5,50,-62,100,13,"ANGL",53.759673 -1.544670,51.5,213.10,33,15,10.5,9.3,1644,23,4.1,19,-227,967,414,12,-1024,-93,-1024,1024,1,-1,-1,-1,-1,1,-1,-1,-1,0x0000000000000000,1689,1398,1983,1506,2012,1311,988,988,1500,1500,1500,1500,1500,1500,1500,1500,1500,1500,1500,1500,1500,1500,1500,1500,1500,1500,1500,1500,1500,1500,1500,1500,7.9
2026-05-04,13:50:34.530,-0.03,-0.02,-2.78,-67,0,100,13,0,5,50,-66,100,15,"ANGL",53.759673 -1.544670,51.5,213.10,33,15,10.5,9.3,1644,23,4.1,6,-337,993,-56,12,-1024,-93,-1024,1024,1,-1,-1,-1,-1,1,-1,-1,-1,0x0000000000000000,1475,1347,1996,1502,2012,1525,988,988,1500,1500,1500,1500,1500,1500,1500,1500,1500,1500,1500,1500,1500,1500,1500,1500,1500,1500,1500,1500,1500,1500,1500,1500,7.9
2026-05-04,13:50:35.030,-0.03,-0.02,-2.78,-80,0,99,12,0,5,50,-70,100,14,"ANGL",53.759673 -1.544670,51.5,213.10,33,15,10.4,10.4,1660,19,4.1,4,-54,929,-336,13,-1024,-93,-1024,1024,1,-1,-1,-1,-1,1,-1,-1,-1,0x0000000000000000,1347,1476,1964,1501,2012,1653,988,988,1500,1500,1500,1500,1500,1500,1500,1500,1500,1500,1500,1500,1500,1500,1500,1500,1500,1500,1500,1500,1500,1500,1500,1500,7.9
2026-05-04,13:50:35.530,-0.36,1.04,-2.03,-80,0,100,12,0,5,50,-72,100,13,"ANGL",53.759673 -1.544670,51.5,213.10,33,15,10.4,10.4,1660,19,4.1,3,-1,923,-345,13,-1024,-93,-1024,1024,1,-1,-1,-1,-1,1,-1,-1,-1,0x0000000000000000,1343,1500,1961,1501,2012,1657,988,988,1500,1500,1500,1500,1500,1500,1500,1500,1500,1500,1500,1500,1500,1500,1500,1500,1500,1500,1500,1500,1500,1500,1500,1500,7.9
2026-05-04,13:50:36.030,-0.36,1.04,-2.03,-77,0,98,12,0,5,50,-59,100,15,"ANGL",53.759673 -1.544670,51.5,213.10,33,15,10.4,10.4,1660,19,4.1,2,2,923,-287,13,-1024,-93,-1024,1024,1,-1,-1,-1,-1,1,-1,-1,-1,0x0000000000000000,1370,1501,1961,1500,2012,1630,988,988,1500,1500,1500,1500,1500,1500,1500,1500,1500,1500,1500,1500,1500,1500,1500,1500,1500,1500,1500,1500,1500,1500,1500,1500,7.9
2026-05-04,13:50:36.530,-0.36,1.04,-2.03,-67,0,99,14,0,5,50,-64,100,13,"MANU",53.759673 -1.544670,51.5,213.10,33,15,10.4,10.4,1660,19,4.1,3,-1,923,418,12,-1024,-93,-1024,1024,1,-1,-1,-1,-1,1,-1,-1,-1,0x0000000000000000,1691,1500,1961,1501,2012,1309,988,988,1500,1500,1500,1500,1500,1500,1500,1500,1500,1500,1500,1500,1500,1500,1500,1500,1500,1500,1500,1500,1500,1500,1500,1500,7.9
2026-05-04,13:50:37.030,-0.36,1.04,-2.03,-73,0,99,13,0,5,50,-66,100,14,"MANU",53.759673 -1.544670,51.5,213.10,33,15,10.4,10.4,1660,19,4.1,2,-1,923,-38,12,-1024,-93,-1024,1024,1,0,-1,-1,-1,1,-1,-1,-1,0x0000000000000000,1483,1500,1961,1500,2012,1517,1500,988,1500,1500,1500,1500,1500,1500,1500,1500,1500,1500,1500,1500,1500,1500,1500,1500,1500,1500,1500,1500,1500,1500,1500,1500,7.9
2026-05-04,13:50:37.530,-0.36,1.04,-2.03,-68,0,99,13,0,5,50,-56,100,14,"MANU",53.759673 -1.544670,51.5,213.10,33,15,10.4,10.4,1660,19,0.4,3,1,845,-1,13,-1024,-93,-1024,1024,1,0,-1,-1,-1,1,-1,-1,-1,0x0000000000000000,1500,1500,1922,1501,2012,1500,1500,988,1500,1500,1500,1500,1500,1500,1500,1500,1500,1500,1500,1500,1500,1500,1500,1500,1500,1500,1500,1500,1500,1500,1500,1500,7.9
2026-05-04,13:50:38.030,-0.36,1.04,-2.03,-64,0,100,14,0,5,50,-58,100,14,"MANU",53.759673 -1.544670,51.5,213.10,33,15,10.4,10.4,1660,19,0.4,119,0,807,585,12,-1024,-93,-1024,1024,1,0,-1,-1,-1,1,-1,-1,-1,0x0000000000000000,1772,1500,1903,1542,2012,1228,1500,988,1500,1500,1500,1500,1500,1500,1500,1500,1500,1500,1500,1500,1500,1500,1500,1500,1500,1500,1500,1500,1500,1500,1500,1500,7.9
2026-05-04,13:50:38.530,-0.36,1.04,-2.03,-61,0,99,14,0,5,50,-53,100,14,"MANU",53.759673 -1.544670,51.5,213.10,33,15,10.4,10.4,1660,19,0.4,5,-66,851,740,12,-1024,-93,-1024,1024,1,0,-1,-1,-1,1,-1,-1,-1,0x0000000000000000,1852,1471,1925,1501,2012,1148,1500,988,1500,1500,1500,1500,1500,1500,1500,1500,1500,1500,1500,1500,1500,1500,1500,1500,1500,1500,1500,1500,1500,1500,1500,1500,7.9
2026-05-04,13:50:39.030,-0.36,1.04,-2.03,-61,0,100,14,0,5,50,-63,100,14,"MANU",53.759532 -1.545373,51.2,-318.06,48,16,10.4,10.4,1660,19,0.4,313,-322,760,690,12,-1024,-93,-1024,1024,1,0,-1,-1,-1,1,-1,-1,-1,0x0000000000000000,1826,1354,1880,1614,2012,1174,1500,988,1500,1500,1500,1500,1500,1500,1500,1500,1500,1500,1500,1500,1500,1500,1500,1500,1500,1500,1500,1500,1500,1500,1500,1500,7.9
2026-05-04,13:50:39.530,-0.36,1.04,-2.03,-70,0,100,13,0,5,50,-67,100,14,"MANU",53.759532 -1.545373,51.2,-318.06,48,16,10.4,10.4,1660,19,0.4,353,-247,514,538,12,-1024,-93,-1024,1024,1,0,-1,-1,-1,1,-1,-1,-1,0x0000000000000000,1749,1389,1757,1629,2012,1251,1500,988,1500,1500,1500,1500,1500,1500,1500,1500,1500,1500,1500,1500,1500,1500,1500,1500,1500,1500,1500,1500,1500,1500,1500,1500,7.9
2026-05-04,13:50:40.030,-0.36,1.04,-2.03,-70,0,100,13,0,5,50,-61,100,14,"MANU",53.759532 -1.545373,51.2,-318.06,48,16,10.4,10.4,1660,19,0.4,2,0,525,-3,12,-1024,-93,-1024,1024,1,0,-1,-1,-1,1,-1,-1,-1,0x0000000000000000,1499,1500,1762,1500,2012,1501,1500,988,1500,1500,1500,1500,1500,1500,1500,1500,1500,1500,1500,1500,1500,1500,1500,1500,1500,1500,1500,1500,1500,1500,1500,1500,7.9
2026-05-04,13:50:40.530,-0.36,1.04,-2.03,-63,0,100,14,0,5,50,-52,100,15,"MANU",53.759532 -1.545373,51.2,-318.06,48,16,10.4,9.2,1676,20,0.4,2,2,529,-1,12,-1024,-93,-1024,1024,1,0,-1,-1,-1,1,-1,-1,-1,0x0000000000000000,1500,1501,1764,1500,2012,1500,1500,988,1500,1500,1500,1500,1500,1500,1500,1500,1500,1500,1500,1500,1500,1500,1500,1500,1500,1500,1500,1500,1500,1500,1500,1500,7.9
2026-05-04,13:50:41.030,0.06,0.28,0.37,-61,0,100,14,0,5,50,-52,100,14,"MANU",53.759532 -1.545373,51.2,-318.06,48,16,10.4,9.2,1676,20,0.4,3,2,537,-1,12,-1024,-93,-1024,1024,1,0,-1,0,-1,1,-1,-1,-1,0x0000000000000000,1500,1501,1768,1501,2012,1500,1500,1500,1500,1500,1500,1500,1500,1500,1500,1500,1500,1500,1500,1500,1500,1500,1500,1500,1500,1500,1500,1500,1500,1500,1500,1500,7.9
2026-05-04,13:50:41.530,0.06,0.28,0.37,-60,0,100,14,0,5,50,-52,100,13,"MANU",53.759532 -1.545373,51.2,-318.06,48,16,10.4,9.2,1676,20,0.4,3,1,537,-1,12,-1024,-93,-1024,1024,1,0,-1,0,-1,1,-1,-1,-1,0x0000000000000000,1500,1500,1768,1501,2012,1500,1500,1500,1500,1500,1500,1500,1500,1500,1500,1500,1500,1500,1500,1500,1500,1500,1500,1500,1500,1500,1500,1500,1500,1500,1500,1500,7.9
2026-05-04,13:50:42.030,0.06,0.28,0.37,-61,0,99,14,0,5,50,-55,100,14,"RTH",53.759532 -1.545373,51.2,-318.06,48,16,10.4,9.2,1676,20,0.4,2,2,535,-1,12,-1024,-93,-1024,1024,1,0,-1,0,-1,1,-1,-1,-1,0x0000000000000000,1500,1501,1767,1500,2012,1500,1500,1500,1500,1500,1500,1500,1500,1500,1500,1500,1500,1500,1500,1500,1500,1500,1500,1500,1500,1500,1500,1500,1500,1500,1500,1500,7.9
2026-05-04,13:50:42.530,0.06,0.28,0.37,-66,0,99,14,0,5,50,-60,100,14,"RTH",53.759532 -1.545373,51.2,-318.06,48,16,10.4,9.2,1676,20,0.4,2,2,535,-1,12,-1024,-93,-1024,1024,1,0,-1,0,-1,1,-1,-1,-1,0x0000000000000000,1500,1501,1767,1500,2012,1500,1500,1500,1500,1500,1500,1500,1500,1500,1500,1500,1500,1500,1500,1500,1500,1500,1500,1500,1500,1500,1500,1500,1500,1500,1500,1500,7.9
2026-05-04,13:50:43.030,0.06,0.28,0.37,-64,0,98,14,0,5,50,-55,100,14,"RTH",53.759532 -1.545373,51.2,-318.06,48,16,10.4,9.2,1676,20,-0.2,2,2,535,-1,13,-1024,-93,-1024,1024,1,0,-1,0,-1,1,-1,-1,-1,0x0000000000000000,1500,1501,1767,1500,2012,1500,1500,1500,1500,1500,1500,1500,1500,1500,1500,1500,1500,1500,1500,1500,1500,1500,1500,1500,1500,1500,1500,1500,1500,1500,1500,1500,7.9
2026-05-04,13:50:43.530,0.06,0.28,0.37,-66,0,100,14,0,5,50,-69,100,15,"RTH",53.759532 -1.545373,51.2,-318.06,48,16,10.4,9.2,1676,20,-0.2,2,2,536,-1,12,-1024,-93,-1024,1024,1,0,-1,0,-1,1,-1,-1,-1,0x0000000000000000,1500,1501,1768,1500,2012,1500,1500,1500,1500,1500,1500,1500,1500,1500,1500,1500,1500,1500,1500,1500,1500,1500,1500,1500,1500,1500,1500,1500,1500,1500,1500,1500,7.9
2026-05-04,13:50:44.030,0.06,0.28,0.37,-72,0,99,13,0,5,50,-66,100,15,"RTH",53.759532 -1.545373,51.2,-318.06,48,16,10.4,9.2,1676,20,-0.2,2,2,535,-1,12,-1024,-93,-1024,1024,1,0,-1,0,-1,1,-1,-1,-1,0x0000000000000000,1500,1501,1767,1500,2012,1500,1500,1500,1500,1500,1500,1500,1500,1500,1500,1500,1500,1500,1500,1500,1500,1500,1500,1500,1500,1500,1500,1500,1500,1500,1500,1500,7.9
2026-05-04,13:50:44.530,0.06,0.28,0.37,-67,0,98,14,0,5,50,-59,100,13,"RTH",53.760221 -1.545158,52.5,59.60,48,16,10.4,9.2,1676,20,-0.2,2,2,535,-1,12,-1024,-93,-1024,1024,1,0,-1,0,-1,1,-1,-1,-1,0x0000000000000000,1500,1501,1767,1500,2012,1500,1500,1500,1500,1500,1500,1500,1500,1500,1500,1500,1500,1500,1500,1500,1500,1500,1500,1500,1500,1500,1500,1500,1500,1500,1500,1500,7.9
2026-05-04,13:50:45.030,0.06,0.28,0.37,-71,0,100,14,0,5,50,-58,100,13,"RTH",53.760221 -1.545158,52.5,59.60,48,16,10.4,9.2,1676,20,-0.2,2,1,535,-1,12,-1024,-93,-1024,1024,1,0,-1,0,-1,1,-1,-1,-1,0x0000000000000000,1500,1500,1767,1500,2012,1500,1500,1500,1500,1500,1500,1500,1500,1500,1500,1500,1500,1500,1500,1500,1500,1500,1500,1500,1500,1500,1500,1500,1500,1500,1500,1500,7.9
2026-05-04,13:50:45.530,0.06,0.28,0.37,-68,0,99,13,0,5,50,-56,100,14,"RTH",53.760221 -1.545158,52.5,59.60,48,16,10.4,9.2,1676,20,-0.2,2,2,535,-1,12,-1024,-93,-1024,1024,1,0,-1,0,-1,1,-1,-1,-1,0x0000000000000000,1500,1501,1767,1500,2012,1500,1500,1500,1500,1500,1500,1500,1500,1500,1500,1500,1500,1500,1500,1500,1500,1500,1500,1500,1500,1500,1500,1500,1500,1500,1500,1500,7.9
2026-05-04,13:50:46.030,0.06,0.28,0.37,-65,0,97,14,0,5,50,-55,100,14,"RTH",53.760221 -1.545158,52.5,59.60,48,16,10.7,3.3,1682,31,-0.2,2,2,536,-1,12,-1024,-93,-1024,1024,1,0,-1,0,-1,1,-1,-1,-1,0x0000000000000000,1500,1501,1768,1500,2012,1500,1500,1500,1500,1500,1500,1500,1500,1500,1500,1500,1500,1500,1500,1500,1500,1500,1500,1500,1500,1500,1500,1500,1500,1500,1500,1500,7.9
2026-05-04,13:50:46.530,-0.03,0.10,1.49,-63,0,98,15,0,5,50,-60,100,15,"RTH",53.760221 -1.545158,52.5,59.60,48,16,10.7,3.3,1682,31,-0.2,2,2,536,-1,12,-1024,-93,-1024,1024,1,0,-1,0,-1,1,-1,-1,-1,0x0000000000000000,1500,1501,1768,1500,2012,1500,1500,1500,1500,1500,1500,1500,1500,1500,1500,1500,1500,1500,1500,1500,1500,1500,1500,1500,1500,1500,1500,1500,1500,1500,1500,1500,7.9
2026-05-04,13:50:47.030,-0.03,0.10,1.49,-64,0,99,14,0,5,50,-58,100,13,"RTH",53.760221 -1.545158,52.5,59.60,48,16,10.7,3.3,1682,31,-0.2,2,2,535,-1,12,-1024,-93,-1024,1024,1,0,-1,0,-1,1,-1,-1,-1,0x0000000000000000,1500,1501,1767,1500,2012,1500,1500,1500,1500,1500,1500,1500,1500,1500,1500,1500,1500,1500,1500,1500,1500,1500,1500,1500,1500,1500,1500,1500,1500,1500,1500,1500,7.9
2026-05-04,13:50:47.530,-0.03,0.10,1.49,-66,0,99,14,0,5,50,-56,100,13,"RTH",53.760221 -1.545158,52.5,59.60,48,16,10.7,3.3,1682,31,-0.2,2,2,535,-1,12,-1024,-93,-1024,1024,1,0,-1,0,-1,1,-1,-1,-1,0x0000000000000000,1500,1501,1767,1500,2012,1500,1500,1500,1500,1500,1500,1500,1500,1500,1500,1500,1500,1500,1500,1500,1500,1500,1500,1500,1500,1500,1500,1500,1500,1500,1500,1500,7.9
2026-05-04,13:50:48.030,-0.03,0.10,1.49,-65,0,99,14,0,5,50,-56,100,13,"RTH",53.760221 -1.545158,52.5,59.60,48,16,10.7,3.3,1682,31,-0.2,3,2,535,-1,12,-1024,-93,-1024,1024,1,0,-1,0,-1,1,-1,-1,-1,0x0000000000000000,1500,1501,1767,1501,2012,1500,1500,1500,1500,1500,1500,1500,1500,1500,1500,1500,1500,1500,1500,1500,1500,1500,1500,1500,1500,1500,1500,1500,1500,1500,1500,1500,7.9
2026-05-04,13:50:48.530,-0.03,0.10,1.49,-65,0,99,13,0,5,50,-62,100,15,"RTH",53.760221 -1.545158,52.5,59.60,48,16,10.7,3.3,1682,31,0.8,2,2,536,-1,12,-1024,-93,-1024,1024,1,0,-1,0,-1,1,-1,-1,-1,0x0000000000000000,1500,1501,1768,1500,2012,1500,1500,1500,1500,1500,1500,1500,1500,1500,1500,1500,1500,1500,1500,1500,1500,1500,1500,1500,1500,1500,1500,1500,1500,1500,1500,1500,7.9
2026-05-04,13:50:49.030,-0.03,0.10,1.49,-61,0,100,14,0,5,50,-53,100,14,"RTH",53.760221 -1.545158,52.5,59.60,48,16,10.7,3.3,1682,31,0.8,2,2,535,-1,12,-1024,-93,-1024,1024,1,0,-1,0,-1,1,-1,-1,-1,0x0000000000000000,1500,1501,1767,1500,2012,1500,1500,1500,1500,1500,1500,1500,1500,1500,1500,1500,1500,1500,1500,1500,1500,1500,1500,1500,1500,1500,1500,1500,1500,1500,1500,1500,7.9
2026-05-04,13:50:49.530,-0.03,0.10,1.49,-61,0,100,14,0,5,50,-51,100,14,"RTH",53.760221 -1.545158,52.5,59.60,48,16,10.7,3.3,1682,31,0.8,2,2,535,-1,13,-1024,-93,-1024,1024,1,0,-1,0,-1,1,-1,-1,-1,0x0000000000000000,1500,1501,1767,1500,2012,1500,1500,1500,1500,1500,1500,1500,1500,1500,1500,1500,1500,1500,1500,1500,1500,1500,1500,1500,1500,1500,1500,1500,1500,1500,1500,1500,7.9
2026-05-04,13:50:50.030,-0.03,0.10,1.49,-61,0,99,14,0,5,50,-60,100,15,"RTH",53.760210 -1.544114,39.5,103.20,48,15,10.7,3.3,1682,31,0.8,3,2,536,-1,13,-1024,-93,-1024,1024,1,0,-1,0,-1,1,-1,-1,-1,0x0000000000000000,1500,1501,1768,1501,2012,1500,1500,1500,1500,1500,1500,1500,1500,1500,1500,1500,1500,1500,1500,1500,1500,1500,1500,1500,1500,1500,1500,1500,1500,1500,1500,1500,7.9
2026-05-04,13:50:50.530,-0.03,0.10,1.49,-65,0,97,14,0,5,50,-58,100,13,"RTH",53.760210 -1.544114,39.5,103.20,48,15,10.7,3.3,1682,31,0.8,2,2,535,-1,13,-1024,-93,-1024,1024,1,0,-1,0,-1,1,-1,-1,-1,0x0000000000000000,1500,1501,1767,1500,2012,1500,1500,1500,1500,1500,1500,1500,1500,1500,1500,1500,1500,1500,1500,1500,1500,1500,1500,1500,1500,1500,1500,1500,1500,1500,1500,1500,7.9
2026-05-04,13:50:51.030,-0.03,0.10,1.49,-66,0,98,14,0,5,50,-59,100,13,"RTH",53.760210 -1.544114,39.5,103.20,48,15,10.7,3.3,1682,31,0.8,2,2,501,-1,13,-1024,-93,-1024,1024,1,0,-1,0,-1,1,-1,-1,-1,0x0000000000000000,1500,1501,1750,1500,2012,1500,1500,1500,1500,1500,1500,1500,1500,1500,1500,1500,1500,1500,1500,1500,1500,1500,1500,1500,1500,1500,1500,1500,1500,1500,1500,1500,7.9
2026-05-04,13:50:51.530,-0.03,0.10,1.49,-66,0,99,14,0,5,50,-54,100,14,"RTH",53.760210 -1.544114,39.5,103.20,48,15,10.7,3.8,1688,31,0.8,2,2,498,-1,12,-1024,-93,-1024,1024,1,0,-1,0,-1,1,-1,-1,-1,0x0000000000000000,1500,1501,1749,1500,2012,1500,1500,1500,1500,1500,1500,1500,1500,1500,1500,1500,1500,1500,1500,1500,1500,1500,1500,1500,1500,1500,1500,1500,1500,1500,1500,1500,7.9
2026-05-04,13:50:52.030,-0.03,0.10,1.49,-68,0,100,13,0,5,50,-56,100,15,"RTH",53.760210 -1.544114,39.5,103.20,48,15,10.7,3.8,1688,31,0.8,2,2,499,-1,12,-1024,-93,-1024,1024,1,0,-1,0,-1,1,-1,-1,-1,0x0000000000000000,1500,1501,1749,1500,2012,1500,1500,1500,1500,1500,1500,1500,1500,1500,1500,1500,1500,1500,1500,1500,1500,1500,1500,1500,1500,1500,1500,1500,1500,1500,1500,1500,7.9
2026-05-04,13:50:52.530,-0.19,0.20,2.04,-71,0,100,14,0,5,50,-60,100,15,"RTH",53.760210 -1.544114,39.5,103.20,48,15,10.7,3.8,1688,31,0.8,2,2,499,-1,12,-1024,-93,-1024,1024,1,0,-1,0,-1,1,-1,-1,-1,0x0000000000000000,1500,1501,1749,1500,2012,1500,1500,1500,1500,1500,1500,1500,1500,1500,1500,1500,1500,1500,1500,1500,1500,1500,1500,1500,1500,1500,1500,1500,1500,1500,1500,1500,7.9
2026-05-04,13:50:53.030,-0.19,0.20,2.04,-72,0,99,14,0,5,50,-59,100,16,"RTH",53.760210 -1.544114,39.5,103.20,48,15,10.7,3.8,1688,31,0.8,2,2,499,-1,12,-1024,-93,-1024,1024,1,0,-1,0,-1,1,-1,-1,-1,0x0000000000000000,1500,1501,1749,1500,2012,1500,1500,1500,1500,1500,1500,1500,1500,1500,1500,1500,1500,1500,1500,1500,1500,1500,1500,1500,1500,1500,1500,1500,1500,1500,1500,1500,7.9
2026-05-04,13:50:53.530,-0.19,0.20,2.04,-73,0,99,12,0,5,50,-72,100,14,"RTH",53.760210 -1.544114,39.5,103.20,48,15,10.7,3.8,1688,31,0.8,3,2,500,-1,12,-1024,-93,-1024,1024,1,0,-1,0,-1,1,-1,-1,-1,0x0000000000000000,1500,1501,1749,1501,2012,1500,1500,1500,1500,1500,1500,1500,1500,1500,1500,1500,1500,1500,1500,1500,1500,1500,1500,1500,1500,1500,1500,1500,1500,1500,1500,1500,7.9
2026-05-04,13:50:54.030,-0.19,0.20,2.04,-73,0,100,13,0,5,50,-69,100,14,"RTH",53.760210 -1.544114,39.5,103.20,48,15,10.7,3.8,1688,31,0.9,3,2,499,-1,13,-1024,-93,-1024,1024,1,0,-1,0,-1,1,-1,-1,-1,0x0000000000000000,1500,1501,1749,1501,2012,1500,1500,1500,1500,1500,1500,1500,1500,1500,1500,1500,1500,1500,1500,1500,1500,1500,1500,1500,1500,1500,1500,1500,1500,1500,1500,1500,7.9
2026-05-04,13:50:54.530,-0.19,0.20,2.04,-75,0,99,13,0,5,50,-71,100,14,"RTH",53.760210 -1.544114,39.5,103.20,48,15,10.7,3.8,1688,31,0.9,3,2,499,-1,12,-1024,-93,-1024,1024,1,0,-1,0,-1,1,-1,-1,-1,0x0000000000000000,1500,1501,1749,1501,2012,1500,1500,1500,1500,1500,1500,1500,1500,1500,1500,1500,1500,1500,1500,1500,1500,1500,1500,1500,1500,1500,1500,1500,1500,1500,1500,1500,7.9
2026-05-04,13:50:55.030,-0.19,0.20,2.04,-76,0,98,12,0,5,50,-83,100,9,"RTH",53.760210 -1.544114,39.5,103.20,48,15,10.7,3.8,1688,31,0.9,2,2,499,-1,12,-1024,-93,-1024,1024,1,0,-1,0,-1,1,-1,-1,-1,0x0000000000000000,1500,1501,1749,1500,2012,1500,1500,1500,1500,1500,1500,1500,1500,1500,1500,1500,1500,1500,1500,1500,1500,1500,1500,1500,1500,1500,1500,1500,1500,1500,1500,1500,7.9
2026-05-04,13:50:55.530,-0.19,0.20,2.04,-70,0,98,13,0,5,50,-56,100,15,"RTH",53.760000 -1.543367,33.6,131.40,48,14,10.7,3.8,1688,31,0.9,2,2,499,-1,12,-1024,-93,-1024,1024,1,0,-1,0,-1,1,-1,-1,-1,0x0000000000000000,1500,1501,1749,1500,2012,1500,1500,1500,1500,1500,1500,1500,1500,1500,1500,1500,1500,1500,1500,1500,1500,1500,1500,1500,1500,1500,1500,1500,1500,1500,1500,1500,7.9
2026-05-04,13:50:56.030,-0.19,0.20,2.04,-66,0,99,14,0,5,50,-55,100,13,"RTH",53.760000 -1.543367,33.6,131.40,48,14,10.7,3.8,1688,31,0.9,2,2,499,-1,12,-1024,-93,-1024,1024,1,0,-1,0,-1,1,-1,-1,-1,0x0000000000000000,1500,1501,1749,1500,2012,1500,1500,1500,1500,1500,1500,1500,1500,1500,1500,1500,1500,1500,1500,1500,1500,1500,1500,1500,1500,1500,1500,1500,1500,1500,1500,1500,7.9
2026-05-04,13:50:56.530,-0.19,0.20,2.04,-66,0,99,14,0,5,50,-61,100,14,"RTH",53.760000 -1.543367,33.6,131.40,48,14,10.7,3.8,1688,31,0.9,2,2,498,-1,12,-1024,-93,-1024,1024,1,0,-1,0,-1,1,-1,-1,-1,0x0000000000000000,1500,1501,1749,1500,2012,1500,1500,1500,1500,1500,1500,1500,1500,1500,1500,1500,1500,1500,1500,1500,1500,1500,1500,1500,1500,1500,1500,1500,1500,1500,1500,1500,7.9
2026-05-04,13:50:57.030,-0.19,0.20,2.04,-67,0,97,14,0,5,50,-56,100,5,"RTH",53.760000 -1.543367,33.6,131.40,48,14,10.7,4.5,1694,30,0.9,2,2,499,-1,12,-1024,-93,-1024,1024,1,0,-1,0,-1,1,-1,-1,-1,0x0000000000000000,1500,1501,1749,1500,2012,1500,1500,1500,1500,1500,1500,1500,1500,1500,1500,1500,1500,1500,1500,1500,1500,1500,1500,1500,1500,1500,1500,1500,1500,1500,1500,1500,7.9
2026-05-04,13:50:57.530,-0.19,0.20,2.04,-65,0,98,14,0,5,50,-60,100,15,"RTH",53.760000 -1.543367,33.6,131.40,48,14,10.7,4.5,1694,30,0.9,2,2,499,-2,12,-1024,-93,-1024,1024,1,0,-1,0,-1,1,-1,-1,-1,0x0000000000000000,1499,1501,1749,1500,2012,1501,1500,1500,1500,1500,1500,1500,1500,1500,1500,1500,1500,1500,1500,1500,1500,1500,1500,1500,1500,1500,1500,1500,1500,1500,1500,1500,7.9
2026-05-04,13:50:58.030,-0.23,0.26,2.85,-61,0,100,14,0,5,50,-54,100,15,"RTH",53.760000 -1.543367,33.6,131.40,48,14,10.7,4.5,1694,30,0.9,2,2,498,-2,12,-1024,-93,-1024,1024,1,0,-1,0,-1,1,-1,-1,-1,0x0000000000000000,1499,1501,1749,1500,2012,1501,1500,1500,1500,1500,1500,1500,1500,1500,1500,1500,1500,1500,1500,1500,1500,1500,1500,1500,1500,1500,1500,1500,1500,1500,1500,1500,7.9
2026-05-04,13:50:58.530,-0.23,0.26,2.85,-60,0,100,14,0,5,50,-54,100,13,"RTH",53.760000 -1.543367,33.6,131.40,48,14,10.7,4.5,1694,30,0.9,2,2,498,-1,13,-1024,-93,-1024,1024,1,0,-1,0,-1,1,-1,-1,-1,0x0000000000000000,1500,1501,1749,1500,2012,1500,1500,1500,1500,1500,1500,1500,1500,1500,1500,1500,1500,1500,1500,1500,1500,1500,1500,1500,1500,1500,1500,1500,1500,1500,1500,1500,7.9
2026-05-04,13:50:59.030,-0.23,0.26,2.85,-60,0,100,14,0,5,50,-52,100,14,"RTH",53.760000 -1.543367,33.6,131.40,48,14,10.7,4.5,1694,30,0.9,2,2,498,-1,13,-1024,-93,-1024,1024,1,0,-1,0,-1,1,-1,-1,-1,0x0000000000000000,1500,1501,1749,1500,2012,1500,1500,1500,1500,1500,1500,1500,1500,1500,1500,1500,1500,1500,1500,1500,1500,1500,1500,1500,1500,1500,1500,1500,1500,1500,1500,1500,7.9
2026-05-04,13:50:59.530,-0.23,0.26,2.85,-60,0,99,14,0,5,50,-55,100,14,"RTH",53.760000 -1.543367,33.6,131.40,48,14,10.7,4.5,1694,30,0.4,2,2,498,-2,12,-1024,-93,-1024,1024,1,0,-1,0,-1,1,-1,-1,-1,0x0000000000000000,1499,1501,1749,1500,2012,1501,1500,1500,1500,1500,1500,1500,1500,1500,1500,1500,1500,1500,1500,1500,1500,1500,1500,1500,1500,1500,1500,1500,1500,1500,1500,1500,8.0
2026-05-04,13:51:00.030,-0.23,0.26,2.85,-64,0,99,14,0,5,50,-55,100,14,"RTH",53.760000 -1.543367,33.6,131.40,48,14,10.7,4.5,1694,30,0.4,3,3,498,-1,12,-1024,-93,-1024,1024,1,0,-1,0,-1,1,-1,-1,-1,0x0000000000000000,1500,1501,1749,1501,2012,1500,1500,1500,1500,1500,1500,1500,1500,1500,1500,1500,1500,1500,1500,1500,1500,1500,1500,1500,1500,1500,1500,1500,1500,1500,1500,1500,8.0
2026-05-04,13:51:00.530,-0.23,0.26,2.85,-64,0,100,14,0,5,50,-53,100,13,"RTH",53.760000 -1.543367,33.6,131.40,48,14,10.7,4.5,1694,30,0.4,3,2,498,-2,12,-1024,-93,-1024,1024,1,0,-1,0,-1,1,-1,-1,-1,0x0000000000000000,1499,1501,1749,1501,2012,1501,1500,1500,1500,1500,1500,1500,1500,1500,1500,1500,1500,1500,1500,1500,1500,1500,1500,1500,1500,1500,1500,1500,1500,1500,1500,1500,8.0
2026-05-04,13:51:01.030,-0.23,0.26,2.85,-63,0,100,13,0,5,50,-53,100,15,"RTH",53.759594 -1.542999,34.6,172.90,49,16,10.7,4.5,1694,30,0.4,2,3,498,-1,13,-1024,-93,-1024,1024,1,0,-1,0,-1,1,-1,-1,-1,0x0000000000000000,1500,1501,1749,1500,2012,1500,1500,1500,1500,1500,1500,1500,1500,1500,1500,1500,1500,1500,1500,1500,1500,1500,1500,1500,1500,1500,1500,1500,1500,1500,1500,1500,8.0
2026-05-04,13:51:01.530,-0.23,0.26,2.85,-63,0,100,14,0,5,50,-54,100,14,"RTH",53.759594 -1.542999,34.6,172.90,49,16,10.7,4.5,1694,30,0.4,3,2,498,-1,12,-1024,-93,-1024,1024,1,0,-1,0,-1,1,-1,-1,-1,0x0000000000000000,1500,1501,1749,1501,2012,1500,1500,1500,1500,1500,1500,1500,1500,1500,1500,1500,1500,1500,1500,1500,1500,1500,1500,1500,1500,1500,1500,1500,1500,1500,1500,1500,8.0
2026-05-04,13:51:02.030,-0.23,0.26,2.85,-63,0,100,14,0,5,50,-54,100,14,"RTH",53.759594 -1.542999,34.6,172.90,49,16,10.7,4.5,1694,30,0.4,2,2,498,-2,12,-1024,-93,-1024,1024,1,0,-1,0,-1,1,-1,-1,-1,0x0000000000000000,1499,1501,1749,1500,2012,1501,1500,1500,1500,1500,1500,1500,1500,1500,1500,1500,1500,1500,1500,1500,1500,1500,1500,1500,1500,1500,1500,1500,1500,1500,1500,1500,8.0
2026-05-04,13:51:02.530,-0.23,0.26,2.85,-64,0,99,14,0,5,50,-60,100,15,"RTH",53.759594 -1.542999,34.6,172.90,49,16,10.7,4.2,1701,31,0.4,3,2,498,-2,13,-1024,-93,-1024,1024,1,0,-1,0,-1,1,-1,-1,-1,0x0000000000000000,1499,1501,1749,1501,2012,1501,1500,1500,1500,1500,1500,1500,1500,1500,1500,1500,1500,1500,1500,1500,1500,1500,1500,1500,1500,1500,1500,1500,1500,1500,1500,1500,8.0
2026-05-04,13:51:03.030,-0.23,0.26,2.85,-64,0,100,13,0,5,50,-60,100,14,"RTH",53.759594 -1.542999,34.6,172.90,49,16,10.7,4.2,1701,31,0.4,3,2,498,-2,12,-1024,-93,-1024,1024,1,0,-1,0,-1,1,-1,-1,-1,0x0000000000000000,1499,1501,1749,1501,2012,1501,1500,1500,1500,1500,1500,1500,1500,1500,1500,1500,1500,1500,1500,1500,1500,1500,1500,1500,1500,1500,1500,1500,1500,1500,1500,1500,8.0
2026-05-04,13:51:03.530,-0.23,0.12,-2.83,-63,0,99,14,0,5,50,-58,100,14,"RTH",53.759594 -1.542999,34.6,172.90,49,16,10.7,4.2,1701,31,0.4,3,2,498,-1,12,-1024,-93,-1024,1024,1,0,-1,0,-1,1,-1,-1,-1,0x0000000000000000,1500,1501,1749,1501,2012,1500,1500,1500,1500,1500,1500,1500,1500,1500,1500,1500,1500,1500,1500,1500,1500,1500,1500,1500,1500,1500,1500,1500,1500,1500,1500,1500,8.0
2026-05-04,13:51:04.030,-0.23,0.12,-2.83,-61,0,99,14,0,5,50,-53,100,14,"RTH",53.759594 -1.542999,34.6,172.90,49,16,10.7,4.2,1701,31,0.4,3,2,497,-1,13,-1024,-93,-1024,1024,1,0,-1,0,-1,1,-1,-1,-1,0x0000000000000000,1500,1501,1748,1501,2012,1500,1500,1500,1500,1500,1500,1500,1500,1500,1500,1500,1500,1500,1500,1500,1500,1500,1500,1500,1500,1500,1500,1500,1500,1500,1500,1500,8.0
2026-05-04,13:51:04.530,-0.23,0.12,-2.83,-62,0,99,14,0,5,50,-54,100,15,"RTH",53.759594 -1.542999,34.6,172.90,49,16,10.7,4.2,1701,31,0.4,3,3,496,-2,12,-1024,-93,-1024,1024,1,0,-1,0,-1,1,-1,-1,-1,0x0000000000000000,1499,1501,1748,1501,2012,1501,1500,1500,1500,1500,1500,1500,1500,1500,1500,1500,1500,1500,1500,1500,1500,1500,1500,1500,1500,1500,1500,1500,1500,1500,1500,1500,8.0
2026-05-04,13:51:05.030,-0.23,0.12,-2.83,-63,0,99,14,0,5,50,-53,100,16,"RTH",53.759594 -1.542999,34.6,172.90,49,16,10.7,4.2,1701,31,0.3,3,2,496,-1,12,-1024,-93,-1024,1024,1,0,-1,0,-1,1,-1,-1,-1,0x0000000000000000,1500,1501,1748,1501,2012,1500,1500,1500,1500,1500,1500,1500,1500,1500,1500,1500,1500,1500,1500,1500,1500,1500,1500,1500,1500,1500,1500,1500,1500,1500,1500,1500,8.0
2026-05-04,13:51:05.530,-0.23,0.12,-2.83,-63,0,98,14,0,5,50,-53,100,13,"RTH",53.759594 -1.542999,34.6,172.90,49,16,10.7,4.2,1701,31,0.3,2,2,497,-2,12,-1024,-93,-1024,1024,1,0,-1,0,-1,1,-1,-1,-1,0x0000000000000000,1499,1501,1748,1500,2012,1501,1500,1500,1500,1500,1500,1500,1500,1500,1500,1500,1500,1500,1500,1500,1500,1500,1500,1500,1500,1500,1500,1500,1500,1500,1500,1500,8.0
2026-05-04,13:51:06.030,-0.23,0.12,-2.83,-61,0,98,14,0,5,50,-51,100,13,"RTH",53.759594 -1.542999,34.6,172.90,49,16,10.7,4.2,1701,31,0.3,2,3,497,-1,13,-1024,-93,-1024,1024,1,0,-1,0,-1,1,-1,-1,-1,0x0000000000000000,1500,1501,1748,1500,2012,1500,1500,1500,1500,1500,1500,1500,1500,1500,1500,1500,1500,1500,1500,1500,1500,1500,1500,1500,1500,1500,1500,1500,1500,1500,1500,1500,8.0
2026-05-04,13:51:06.530,-0.23,0.12,-2.83,-60,0,100,14,0,5,50,-50,100,14,"RTH",53.759594 -1.542999,34.6,172.90,49,16,10.7,4.2,1701,31,0.3,2,2,498,-2,12,-1024,-93,-1024,1024,1,0,-1,0,-1,1,-1,-1,-1,0x0000000000000000,1499,1501,1749,1500,2012,1501,1500,1500,1500,1500,1500,1500,1500,1500,1500,1500,1500,1500,1500,1500,1500,1500,1500,1500,1500,1500,1500,1500,1500,1500,1500,1500,8.0
2026-05-04,13:51:07.030,-0.23,0.12,-2.83,-59,0,100,14,0,5,50,-51,100,13,"RTH",53.759156 -1.543242,33.7,222.70,49,16,10.7,4.2,1701,31,0.3,2,3,497,-1,12,-1024,-93,-1024,1024,1,0,-1,0,-1,1,-1,-1,-1,0x0000000000000000,1500,1501,1748,1500,2012,1500,1500,1500,1500,1500,1500,1500,1500,1500,1500,1500,1500,1500,1500,1500,1500,1500,1500,1500,1500,1500,1500,1500,1500,1500,1500,1500,8.0
2026-05-04,13:51:07.530,-0.23,0.12,-2.83,-58,0,100,14,0,5,50,-50,100,13,"RTH",53.759156 -1.543242,33.7,222.70,49,16,10.7,4.2,1701,31,0.3,2,3,497,-2,12,-1024,-93,-1024,1024,1,0,-1,0,-1,1,-1,-1,-1,0x0000000000000000,1499,1501,1748,1500,2012,1501,1500,1500,1500,1500,1500,1500,1500,1500,1500,1500,1500,1500,1500,1500,1500,1500,1500,1500,1500,1500,1500,1500,1500,1500,1500,1500,8.0
2026-05-04,13:51:08.030,-0.23,0.12,-2.83,-59,0,99,13,0,5,50,-52,100,15,"RTH",53.759156 -1.543242,33.7,222.70,49,16,10.7,3.9,1708,31,0.3,2,3,497,-2,12,-1024,-93,-1024,1024,1,0,-1,0,-1,1,-1,-1,-1,0x0000000000000000,1499,1501,1748,1500,2012,1501,1500,1500,1500,1500,1500,1500,1500,1500,1500,1500,1500,1500,1500,1500,1500,1500,1500,1500,1500,1500,1500,1500,1500,1500,1500,1500,8.0
2026-05-04,13:51:08.530,-0.23,0.12,-2.83,-61,0,99,13,0,5,50,-53,100,15,"RTH",53.759156 -1.543242,33.7,222.70,49,16,10.7,3.9,1708,31,0.3,3,3,497,-1,13,-1024,-93,-1024,1024,1,0,-1,0,-1,1,-1,-1,-1,0x0000000000000000,1500,1501,1748,1501,2012,1500,1500,1500,1500,1500,1500,1500,1500,1500,1500,1500,1500,1500,1500,1500,1500,1500,1500,1500,1500,1500,1500,1500,1500,1500,1500,1500,8.0
2026-05-04,13:51:09.030,-0.08,0.11,-2.00,-60,0,100,14,0,5,50,-50,100,14,"RTH",53.759156 -1.543242,33.7,222.70,49,16,10.7,3.9,1708,31,0.3,2,2,498,-1,13,-1024,-93,-1024,1024,1,0,-1,0,-1,1,-1,-1,-1,0x0000000000000000,1500,1501,1749,1500,2012,1500,1500,1500,1500,1500,1500,1500,1500,1500,1500,1500,1500,1500,1500,1500,1500,1500,1500,1500,1500,1500,1500,1500,1500,1500,1500,1500,8.0
2026-05-04,13:51:09.530,-0.08,0.11,-2.00,-68,0,97,13,0,5,50,-53,100,14,"RTH",53.759156 -1.543242,33.7,222.70,49,16,10.7,3.9,1708,31,0.3,3,2,498,-2,12,-1024,-93,-1024,1024,1,0,-1,0,-1,1,-1,-1,-1,0x0000000000000000,1499,1501,1749,1501,2012,1501,1500,1500,1500,1500,1500,1500,1500,1500,1500,1500,1500,1500,1500,1500,1500,1500,1500,1500,1500,1500,1500,1500,1500,1500,1500,1500,8.0
2026-05-04,13:51:10.030,-0.08,0.11,-2.00,-68,0,99,14,0,5,50,-63,100,14,"RTH",53.759156 -1.543242,33.7,222.70,49,16,10.7,3.9,1708,31,0.3,3,2,497,-1,12,-1024,-93,-1024,1024,1,0,-1,0,-1,1,-1,-1,-1,0x0000000000000000,1500,1501,1748,1501,2012,1500,1500,1500,1500,1500,1500,1500,1500,1500,1500,1500,1500,1500,1500,1500,1500,1500,1500,1500,1500,1500,1500,1500,1500,1500,1500,1500,8.0
2026-05-04,13:51:10.530,-0.08,0.11,-2.00,-70,0,99,14,0,5,50,-59,100,15,"RTH",53.759156 -1.543242,33.7,222.70,49,16,10.7,3.9,1708,31,0.6,2,2,498,-1,12,-1024,-93,-1024,1024,1,0,-1,0,-1,1,-1,-1,-1,0x0000000000000000,1500,1501,1749,1500,2012,1500,1500,1500,1500,1500,1500,1500,1500,1500,1500,1500,1500,1500,1500,1500,1500,1500,1500,1500,1500,1500,1500,1500,1500,1500,1500,1500,8.0
2026-05-04,13:51:11.030,-0.08,0.11,-2.00,-67,0,100,14,0,5,50,-59,100,14,"RTH",53.759156 -1.543242,33.7,222.70,49,16,10.7,3.9,1708,31,0.6,3,3,497,-1,12,-1024,-93,-1024,1024,1,0,-1,0,-1,1,-1,-1,-1,0x0000000000000000,1500,1501,1748,1501,2012,1500,1500,1500,1500,1500,1500,1500,1500,1500,1500,1500,1500,1500,1500,1500,1500,1500,1500,1500,1500,1500,1500,1500,1500,1500,1500,1500,8.0
2026-05-04,13:51:11.530,-0.08,0.11,-2.00,-65,0,100,14,0,5,50,-55,100,14,"RTH",53.759156 -1.543242,33.7,222.70,49,16,10.7,3.9,1708,31,0.6,2,2,498,-1,12,-1024,-93,-1024,1024,1,0,-1,0,-1,1,-1,-1,-1,0x0000000000000000,1500,1501,1749,1500,2012,1500,1500,1500,1500,1500,1500,1500,1500,1500,1500,1500,1500,1500,1500,1500,1500,1500,1500,1500,1500,1500,1500,1500,1500,1500,1500,1500,8.0
2026-05-04,13:51:12.030,-0.08,0.11,-2.00,-64,0,99,14,0,5,50,-53,100,14,"RTH",53.759156 -1.543242,33.7,222.70,49,16,10.7,3.9,1708,31,0.6,2,2,497,-2,12,-1024,-93,-1024,1024,1,0,-1,0,-1,1,-1,-1,-1,0x0000000000000000,1499,1501,1748,1500,2012,1501,1500,1500,1500,1500,1500,1500,1500,1500,1500,1500,1500,1500,1500,1500,1500,1500,1500,1500,1500,1500,1500,1500,1500,1500,1500,1500,8.0
2026-05-04,13:51:12.530,-0.08,0.11,-2.00,-66,0,100,14,0,5,50,-58,100,13,"RTH",53.758978 -1.543994,36.8,270.90,51,16,10.7,3.9,1708,31,0.6,2,2,498,-2,12,-1024,-93,-1024,1024,1,0,-1,0,-1,1,-1,-1,-1,0x0000000000000000,1500,1501,1748,1500,2012,1500,1500,1500,1500,1500,1500,1500,1500,1500,1500,1500,1500,1500,1500,1500,1500,1500,1500,1500,1500,1500,1500,1500,1500,1500,1500,1500,8.0
2026-05-04,13:51:13.030,-0.08,0.11,-2.00,-64,0,100,14,0,5,50,-58,100,14,"RTH",53.758978 -1.543994,36.8,270.90,51,16,10.7,3.9,1708,31,0.6,2,3,498,-2,13,-1024,-93,-1024,1024,1,0,-1,0,-1,1,-1,-1,-1,0x0000000000000000,1499,1501,1749,1500,2012,1501,1500,1500,1500,1500,1500,1500,1500,1500,1500,1500,1500,1500,1500,1500,1500,1500,1500,1500,1500,1500,1500,1500,1500,1500,1500,1500,8.0
2026-05-04,13:51:13.530,-0.08,0.11,-2.00,-67,0,100,13,0,5,50,-61,100,13,"RTH",53.758978 -1.543994,36.8,270.90,51,16,10.7,3.0,1713,32,0.6,2,2,498,-1,12,-1024,-93,-1024,1024,1,0,-1,0,-1,1,-1,-1,-1,0x0000000000000000,1500,1501,1749,1500,2012,1500,1500,1500,1500,1500,1500,1500,1500,1500,1500,1500,1500,1500,1500,1500,1500,1500,1500,1500,1500,1500,1500,1500,1500,1500,1500,1500,8.0
2026-05-04,13:51:14.030,-0.08,0.11,-2.00,-67,0,99,13,0,5,50,-59,100,15,"RTH",53.758978 -1.543994,36.8,270.90,51,16,10.7,3.0,1713,32,0.6,2,2,498,-1,12,-1024,-93,-1024,1024,1,0,-1,0,-1,1,-1,-1,-1,0x0000000000000000,1500,1501,1749,1500,2012,1500,1500,1500,1500,1500,1500,1500,1500,1500,1500,1500,1500,1500,1500,1500,1500,1500,1500,1500,1500,1500,1500,1500,1500,1500,1500,1500,8.0
2026-05-04,13:51:14.530,-0.09,0.21,-1.12,-65,0,99,14,0,5,50,-52,100,15,"RTH",53.758978 -1.543994,36.8,270.90,51,16,10.7,3.0,1713,32,0.6,2,2,498,-1,12,-1024,-93,-1024,1024,1,0,-1,0,-1,1,-1,-1,-1,0x0000000000000000,1500,1501,1748,1500,2012,1500,1500,1500,1500,1500,1500,1500,1500,1500,1500,1500,1500,1500,1500,1500,1500,1500,1500,1500,1500,1500,1500,1500,1500,1500,1500,1500,8.0
2026-05-04,13:51:15.030,-0.09,0.21,-1.12,-60,0,100,14,0,5,50,-51,100,14,"RTH",53.758978 -1.543994,36.8,270.90,51,16,10.7,3.0,1713,32,0.6,2,2,497,-1,13,-1024,-93,-1024,1024,1,0,-1,0,-1,1,-1,-1,-1,0x0000000000000000,1500,1501,1748,1500,2012,1500,1500,1500,1500,1500,1500,1500,1500,1500,1500,1500,1500,1500,1500,1500,1500,1500,1500,1500,1500,1500,1500,1500,1500,1500,1500,1500,8.0
2026-05-04,13:51:15.530,-0.09,0.21,-1.12,-61,0,99,14,0,5,50,-53,100,15,"RTH",53.758978 -1.543994,36.8,270.90,51,16,10.7,3.0,1713,32,0.6,2,2,497,-1,12,-1024,-93,-1024,1024,1,0,-1,0,-1,1,-1,-1,-1,0x0000000000000000,1500,1501,1748,1500,2012,1500,1500,1500,1500,1500,1500,1500,1500,1500,1500,1500,1500,1500,1500,1500,1500,1500,1500,1500,1500,1500,1500,1500,1500,1500,1500,1500,8.0
2026-05-04,13:51:16.030,-0.09,0.21,-1.12,-62,0,98,14,0,5,50,-59,100,14,"RTH",53.758978 -1.543994,36.8,270.90,51,16,10.7,3.0,1713,32,0.6,2,2,497,-1,13,-1024,-93,-1024,1024,1,0,-1,0,-1,1,-1,-1,-1,0x0000000000000000,1500,1501,1748,1500,2012,1500,1500,1500,1500,1500,1500,1500,1500,1500,1500,1500,1500,1500,1500,1500,1500,1500,1500,1500,1500,1500,1500,1500,1500,1500,1500,1500,8.0
2026-05-04,13:51:16.530,-0.09,0.21,-1.12,-62,0,100,14,0,5,50,-52,100,14,"RTH",53.758978 -1.543994,36.8,270.90,51,16,10.7,3.0,1713,32,0.6,2,2,497,-1,12,-1024,-93,-1024,1024,1,0,-1,0,-1,1,-1,-1,-1,0x0000000000000000,1500,1501,1748,1500,2012,1500,1500,1500,1500,1500,1500,1500,1500,1500,1500,1500,1500,1500,1500,1500,1500,1500,1500,1500,1500,1500,1500,1500,1500,1500,1500,1500,8.0
2026-05-04,13:51:17.030,-0.09,0.21,-1.12,-62,0,100,14,0,5,50,-52,100,14,"RTH",53.758978 -1.543994,36.8,270.90,51,16,10.7,3.0,1713,32,0.6,2,2,497,-1,12,-1024,-93,-1024,1024,1,0,-1,0,-1,1,-1,-1,-1,0x0000000000000000,1500,1501,1748,1500,2012,1500,1500,1500,1500,1500,1500,1500,1500,1500,1500,1500,1500,1500,1500,1500,1500,1500,1500,1500,1500,1500,1500,1500,1500,1500,1500,1500,8.0
2026-05-04,13:51:17.530,-0.09,0.21,-1.12,-62,0,100,14,0,5,50,-53,100,14,"RTH",53.758978 -1.543994,36.8,270.90,51,16,10.7,3.0,1713,32,0.6,2,2,498,-1,12,-1024,-93,-1024,1024,1,0,-1,0,-1,1,-1,-1,-1,0x0000000000000000,1500,1501,1749,1500,2012,1500,1500,1500,1500,1500,1500,1500,1500,1500,1500,1500,1500,1500,1500,1500,1500,1500,1500,1500,1500,1500,1500,1500,1500,1500,1500,1500,8.0
2026-05-04,13:51:18.030,-0.09,0.21,-1.12,-61,0,100,14,0,5,50,-53,100,14,"RTH",53.759215 -1.544701,35.7,326.70,49,15,10.7,3.0,1713,32,0.6,2,2,497,-1,12,-1024,-93,-1024,1024,1,0,-1,0,-1,1,-1,-1,-1,0x0000000000000000,1500,1501,1748,1500,2012,1500,1500,1500,1500,1500,1500,1500,1500,1500,1500,1500,1500,1500,1500,1500,1500,1500,1500,1500,1500,1500,1500,1500,1500,1500,1500,1500,8.0
2026-05-04,13:51:18.530,-0.09,0.21,-1.12,-63,0,95,14,0,5,50,-52,100,14,"RTH",53.759215 -1.544701,35.7,326.70,49,15,10.7,3.0,1713,32,0.6,2,3,498,-2,12,-1024,-93,-1024,1024,1,0,-1,0,-1,1,-1,-1,-1,0x0000000000000000,1499,1501,1749,1500,2012,1501,1500,1500,1500,1500,1500,1500,1500,1500,1500,1500,1500,1500,1500,1500,1500,1500,1500,1500,1500,1500,1500,1500,1500,1500,1500,1500,8.0
2026-05-04,13:51:19.030,-0.09,0.21,-1.12,-64,0,99,14,0,5,50,-64,100,14,"RTH",53.759215 -1.544701,35.7,326.70,49,15,10.7,3.8,1718,32,0.6,2,2,498,-1,12,-1024,-93,-1024,1024,1,0,-1,0,-1,1,-1,-1,-1,0x0000000000000000,1500,1501,1749,1500,2012,1500,1500,1500,1500,1500,1500,1500,1500,1500,1500,1500,1500,1500,1500,1500,1500,1500,1500,1500,1500,1500,1500,1500,1500,1500,1500,1500,8.0
2026-05-04,13:51:19.530,-0.09,0.21,-1.12,-67,0,99,13,0,5,50,-53,100,13,"RTH",53.759215 -1.544701,35.7,326.70,49,15,10.7,3.8,1718,32,0.6,2,2,498,-1,13,-1024,-93,-1024,1024,1,0,-1,0,-1,1,-1,-1,-1,0x0000000000000000,1500,1501,1749,1500,2012,1500,1500,1500,1500,1500,1500,1500,1500,1500,1500,1500,1500,1500,1500,1500,1500,1500,1500,1500,1500,1500,1500,1500,1500,1500,1500,1500,8.0
2026-05-04,13:51:20.030,-0.16,0.20,-0.28,-62,0,98,14,0,5,50,-50,100,14,"RTH",53.759215 -1.544701,35.7,326.70,49,15,10.7,3.8,1718,32,0.6,2,2,498,-1,12,-1024,-93,-1024,1024,1,0,-1,0,-1,1,-1,-1,-1,0x0000000000000000,1500,1501,1749,1501,2012,1500,1500,1500,1500,1500,1500,1500,1500,1500,1500,1500,1500,1500,1500,1500,1500,1500,1500,1500,1500,1500,1500,1500,1500,1500,1500,1500,8.0
2026-05-04,13:51:20.530,-0.16,0.20,-0.28,-60,0,99,14,0,5,50,-49,100,13,"RTH",53.759215 -1.544701,35.7,326.70,49,15,10.7,3.8,1718,32,0.6,3,2,499,-1,12,-1024,-93,-1024,1024,1,0,-1,0,-1,1,-1,-1,-1,0x0000000000000000,1500,1501,1749,1501,2012,1500,1500,1500,1500,1500,1500,1500,1500,1500,1500,1500,1500,1500,1500,1500,1500,1500,1500,1500,1500,1500,1500,1500,1500,1500,1500,1500,8.0
2026-05-04,13:51:21.030,-0.16,0.20,-0.28,-57,0,100,14,0,5,50,-53,100,15,"RTH",53.759215 -1.544701,35.7,326.70,49,15,10.7,3.8,1718,32,0.6,3,2,103,-1,12,-1024,-93,-1024,1024,1,0,-1,0,-1,1,-1,-1,-1,0x0000000000000000,1500,1501,1551,1501,2012,1500,1500,1500,1500,1500,1500,1500,1500,1500,1500,1500,1500,1500,1500,1500,1500,1500,1500,1500,1500,1500,1500,1500,1500,1500,1500,1500,8.0
2026-05-04,13:51:21.530,-0.16,0.20,-0.28,-58,0,100,14,0,5,50,-50,100,14,"RTH",53.759215 -1.544701,35.7,326.70,49,15,10.7,3.8,1718,32,0.1,2,2,-121,-1,12,-1024,-93,-1024,1024,1,0,-1,-1,-1,1,-1,-1,-1,0x0000000000000000,1500,1501,1440,1500,2012,1500,1500,988,1500,1500,1500,1500,1500,1500,1500,1500,1500,1500,1500,1500,1500,1500,1500,1500,1500,1500,1500,1500,1500,1500,1500,1500,8.0
2026-05-04,13:51:22.030,-0.16,0.20,-0.28,-60,0,100,14,0,5,50,-54,100,14,"RTH",53.759215 -1.544701,35.7,326.70,49,15,10.7,3.8,1718,32,0.1,3,6,-187,1022,12,-1024,-93,-1024,1024,1,0,-1,-1,-1,1,-1,-1,-1,0x0000000000000000,2011,1502,1406,1501,2012,989,1500,988,1500,1500,1500,1500,1500,1500,1500,1500,1500,1500,1500,1500,1500,1500,1500,1500,1500,1500,1500,1500,1500,1500,1500,1500,8.0
2026-05-04,13:51:22.530,-0.16,0.20,-0.28,-60,0,100,13,0,5,50,-50,100,14,"RTH",53.759215 -1.544701,35.7,326.70,49,15,10.7,3.8,1718,32,0.1,5,-234,37,145,12,-1024,-93,-1024,1024,1,0,-1,-1,-1,1,-1,-1,-1,0x0000000000000000,1565,1395,1518,1501,2012,1435,1500,988,1500,1500,1500,1500,1500,1500,1500,1500,1500,1500,1500,1500,1500,1500,1500,1500,1500,1500,1500,1500,1500,1500,1500,1500,8.0
2026-05-04,13:51:23.030,-0.16,0.20,-0.28,-61,0,100,14,0,5,50,-50,100,13,"RTH",53.759215 -1.544701,35.7,326.70,49,15,10.7,3.8,1718,32,0.1,4,5,-60,916,12,-1024,-93,-1024,1024,1,0,-1,-1,-1,1,-1,-1,-1,0x0000000000000000,1948,1502,1470,1501,2012,1052,1500,988,1500,1500,1500,1500,1500,1500,1500,1500,1500,1500,1500,1500,1500,1500,1500,1500,1500,1500,1500,1500,1500,1500,1500,1500,8.0
2026-05-04,13:51:23.530,-0.16,0.20,-0.28,-62,0,99,13,0,5,50,-58,100,14,"RTH",53.759678 -1.544797,34.2,21.90,49,15,10.7,3.8,1718,32,0.1,5,5,-73,1024,12,-1024,-93,-1024,1024,1,0,-1,-1,-1,1,-1,-1,-1,0x0000000000000000,2012,1502,1464,1501,2012,988,1500,988,1500,1500,1500,1500,1500,1500,1500,1500,1500,1500,1500,1500,1500,1500,1500,1500,1500,1500,1500,1500,1500,1500,1500,1500,8.0
2026-05-04,13:51:24.030,-0.16,0.20,-0.28,-62,0,99,14,0,5,50,-52,100,13,"RTH",53.759678 -1.544797,34.2,21.90,49,15,10.7,3.8,1718,32,0.1,0,0,-61,0,12,-1024,-93,-1024,1024,1,0,-1,-1,-1,1,-1,-1,-1,0x0000000000000000,1500,1500,1470,1500,2012,1500,1500,988,1500,1500,1500,1500,1500,1500,1500,1500,1500,1500,1500,1500,1500,1500,1500,1500,1500,1500,1500,1500,1500,1500,1500,1500,8.0
2026-05-04,13:51:24.530,-0.16,0.20,-0.28,-61,0,99,14,0,5,50,-52,100,13,"RTH",53.759678 -1.544797,34.2,21.90,49,15,10.8,2.9,1724,33,0.1,-1,4,80,888,12,-1024,-93,-1024,1024,1,0,-1,-1,-1,1,-1,-1,-1,0x0000000000000000,1933,1502,1540,1500,2012,1058,1500,988,1500,1500,1500,1500,1500,1500,1500,1500,1500,1500,1500,1500,1500,1500,1500,1500,1500,1500,1500,1500,1500,1500,1500,1500,8.0
2026-05-04,13:51:25.030,-0.16,0.20,-0.28,-60,0,99,14,0,5,50,-47,100,13,"RTH",53.759678 -1.544797,34.2,21.90,49,15,10.8,2.9,1724,33,0.1,2,-58,70,1009,12,-1024,-93,-1024,1024,1,0,-1,-1,-1,1,-1,-1,-1,0x0000000000000000,2003,1474,1535,1500,2012,997,1500,988,1500,1500,1500,1500,1500,1500,1500,1500,1500,1500,1500,1500,1500,1500,1500,1500,1500,1500,1500,1500,1500,1500,1500,1500,8.0
2026-05-04,13:51:25.530,0.07,0.22,1.18,-57,0,99,14,0,5,50,-53,100,14,"RTH",53.759678 -1.544797,34.2,21.90,49,15,10.8,2.9,1724,33,0.1,0,2,131,605,12,-1024,-93,-1024,1024,1,0,-1,-1,-1,1,-1,-1,-1,0x0000000000000000,1782,1501,1565,1500,2012,1218,1500,988,1500,1500,1500,1500,1500,1500,1500,1500,1500,1500,1500,1500,1500,1500,1500,1500,1500,1500,1500,1500,1500,1500,1500,1500,8.0
2026-05-04,13:51:26.030,0.07,0.22,1.18,-59,0,100,14,0,5,50,-50,100,14,"RTH",53.759678 -1.544797,34.2,21.90,49,15,10.8,2.9,1724,33,0.1,0,0,854,0,12,-1024,-93,-1024,1024,1,0,-1,-1,-1,1,-1,-1,-1,0x0000000000000000,1500,1500,1927,1500,2012,1500,1500,988,1500,1500,1500,1500,1500,1500,1500,1500,1500,1500,1500,1500,1500,1500,1500,1500,1500,1500,1500,1500,1500,1500,1500,1500,8.0
2026-05-04,13:51:26.530,0.07,0.22,1.18,-60,0,99,14,0,5,50,-54,100,13,"ANGL",53.759678 -1.544797,34.2,21.90,49,15,10.8,2.9,1724,33,0.1,0,4,184,0,12,-1024,-93,-1024,1024,1,0,-1,-1,-1,1,-1,-1,-1,0x0000000000000000,1500,1502,1592,1500,2012,1500,1500,988,1500,1500,1500,1500,1500,1500,1500,1500,1500,1500,1500,1500,1500,1500,1500,1500,1500,1500,1500,1500,1500,1500,1500,1500,8.0
2026-05-04,13:51:27.030,0.07,0.22,1.18,-60,0,99,14,0,5,50,-51,100,13,"ANGL",53.759678 -1.544797,34.2,21.90,49,15,10.8,2.9,1724,33,0.1,1,33,-32,7,12,-1024,-93,-1024,1024,1,0,-1,-1,-1,1,-1,-1,-1,0x0000000000000000,1503,1515,1484,1500,2012,1497,1500,988,1500,1500,1500,1500,1500,1500,1500,1500,1500,1500,1500,1500,1500,1500,1500,1500,1500,1500,1500,1500,1500,1500,1500,1500,8.0
2026-05-04,13:51:27.530,0.07,0.22,1.18,-59,0,99,14,0,5,50,-49,100,15,"ANGL",53.759678 -1.544797,34.2,21.90,49,15,10.8,2.9,1724,33,-1.4,2,0,-64,-1,12,-1024,-93,-1024,1024,1,0,-1,-1,-1,1,-1,-1,-1,0x0000000000000000,1500,1500,1468,1500,2012,1500,1500,988,1500,1500,1500,1500,1500,1500,1500,1500,1500,1500,1500,1500,1500,1500,1500,1500,1500,1500,1500,1500,1500,1500,1500,1500,8.0
2026-05-04,13:51:28.030,0.07,0.22,1.18,-61,0,100,14,0,5,50,-53,100,14,"ANGL",53.759678 -1.544797,34.2,21.90,49,15,10.8,2.9,1724,33,-1.4,0,2,-95,-23,12,-1024,-93,-1024,1024,1,0,-1,-1,-1,1,-1,-1,-1,0x0000000000000000,1490,1501,1453,1500,2012,1510,1500,988,1500,1500,1500,1500,1500,1500,1500,1500,1500,1500,1500,1500,1500,1500,1500,1500,1500,1500,1500,1500,1500,1500,1500,1500,8.0
2026-05-04,13:51:28.530,0.07,0.22,1.18,-62,0,100,13,0,5,50,-55,100,14,"ANGL",53.759678 -1.544797,34.2,21.90,49,15,10.8,2.9,1724,33,-1.4,-242,2,-111,-609,13,-1024,-93,-1024,1024,1,0,-1,-1,-1,1,-1,-1,-1,0x0000000000000000,1216,1501,1445,1414,2012,1784,1500,988,1500,1500,1500,1500,1500,1500,1500,1500,1500,1500,1500,1500,1500,1500,1500,1500,1500,1500,1500,1500,1500,1500,1500,1500,8.0
2026-05-04,13:51:29.030,0.07,0.22,1.18,-63,0,100,14,0,5,50,-61,100,14,"ANGL",53.759960 -1.544009,50.0,81.40,41,14,10.8,2.9,1724,33,-1.4,-706,-2,-114,-803,13,-1024,-93,-1024,1024,1,0,-1,-1,-1,1,-1,-1,-1,0x0000000000000000,1114,1499,1443,1203,2012,1886,1500,988,1500,1500,1500,1500,1500,1500,1500,1500,1500,1500,1500,1500,1500,1500,1500,1500,1500,1500,1500,1500,1500,1500,1500,1500,8.0
2026-05-04,13:51:29.530,0.07,0.22,1.18,-67,0,99,14,0,5,50,-64,100,14,"ANGL",53.759960 -1.544009,50.0,81.40,41,14,10.8,2.9,1724,33,-1.4,-798,-37,-102,-575,13,-1024,-93,-1024,1024,1,0,-1,-1,-1,1,-1,-1,-1,0x0000000000000000,1233,1477,1449,1148,2012,1767,1500,988,1500,1500,1500,1500,1500,1500,1500,1500,1500,1500,1500,1500,1500,1500,1500,1500,1500,1500,1500,1500,1500,1500,1500,1500,8.0
2026-05-04,13:51:30.030,0.07,0.22,1.18,-71,0,100,14,0,5,50,-70,100,13,"ANGL",53.759960 -1.544009,50.0,81.40,41,14,10.8,2.9,1724,33,-1.4,-1024,-190,-42,-840,13,-1024,-93,-1024,1024,1,0,-1,-1,-1,1,-1,-1,-1,0x0000000000000000,1094,1415,1479,988,2012,1906,1500,988,1500,1500,1500,1500,1500,1500,1500,1500,1500,1500,1500,1500,1500,1500,1500,1500,1500,1500,1500,1500,1500,1500,1500,1500,8.0
2026-05-04,13:51:30.530,0.07,0.22,1.18,-77,0,100,12,0,5,50,-76,100,10,"ANGL",53.759960 -1.544009,50.0,81.40,41,14,10.8,2.4,1729,34,-1.4,-766,-436,102,-330,13,-1024,-93,-1024,1024,1,0,-1,-1,-1,1,-1,-1,-1,0x0000000000000000,1350,1300,1551,1168,2012,1650,1500,988,1500,1500,1500,1500,1500,1500,1500,1500,1500,1500,1500,1500,1500,1500,1500,1500,1500,1500,1500,1500,1500,1500,1500,1500,8.0
2026-05-04,13:51:31.030,0.23,-0.46,0.24,-82,0,100,11,0,5,50,-76,100,11,"ANGL",53.759960 -1.544009,50.0,81.40,41,14,10.8,2.4,1729,34,-1.4,-1023,-71,177,-626,13,-1024,-93,-1024,1024,1,0,-1,-1,-1,1,-1,-1,-1,0x0000000000000000,1207,1468,1588,989,2012,1793,1500,988,1500,1500,1500,1500,1500,1500,1500,1500,1500,1500,1500,1500,1500,1500,1500,1500,1500,1500,1500,1500,1500,1500,1500,1500,7.9
2026-05-04,13:51:31.530,0.23,-0.46,0.24,-80,0,100,12,0,5,50,-74,100,13,"ANGL",53.759960 -1.544009,50.0,81.40,41,14,10.8,2.4,1729,34,-1.4,-1024,-224,318,-759,13,-1024,-93,-1024,1024,1,0,-1,-1,-1,1,-1,-1,-1,0x0000000000000000,1138,1399,1659,988,2012,1862,1500,988,1500,1500,1500,1500,1500,1500,1500,1500,1500,1500,1500,1500,1500,1500,1500,1500,1500,1500,1500,1500,1500,1500,1500,1500,7.9
2026-05-04,13:51:32.030,0.23,-0.46,0.24,-80,0,100,12,0,5,50,-68,100,13,"ANGL",53.759960 -1.544009,50.0,81.40,41,14,10.8,2.4,1729,34,-1.4,-790,-7,429,-1023,13,-1024,-93,-1024,1024,1,0,-1,-1,-1,1,-1,-1,-1,0x0000000000000000,989,1497,1714,1153,2012,2011,1500,988,1500,1500,1500,1500,1500,1500,1500,1500,1500,1500,1500,1500,1500,1500,1500,1500,1500,1500,1500,1500,1500,1500,1500,1500,7.9
2026-05-04,13:51:32.530,0.23,-0.46,0.24,-71,0,99,13,0,5,50,-64,100,14,"ANGL",53.759960 -1.544009,50.0,81.40,41,14,10.8,2.4,1729,34,-1.4,-873,-24,487,-292,13,-1024,-93,-1024,1024,1,0,-1,-1,-1,1,-1,-1,-1,0x0000000000000000,1368,1489,1743,1100,2012,1632,1500,988,1500,1500,1500,1500,1500,1500,1500,1500,1500,1500,1500,1500,1500,1500,1500,1500,1500,1500,1500,1500,1500,1500,1500,1500,7.9
2026-05-04,13:51:33.030,0.23,-0.46,0.24,-73,0,98,13,0,5,50,-67,100,15,"ANGL",53.759960 -1.544009,50.0,81.40,41,14,10.8,2.4,1729,34,-1.7,-273,-324,355,-102,12,-1024,-93,-1024,1024,1,0,-1,-1,-1,1,-1,-1,-1,0x0000000000000000,1454,1353,1677,1402,2012,1546,1500,988,1500,1500,1500,1500,1500,1500,1500,1500,1500,1500,1500,1500,1500,1500,1500,1500,1500,1500,1500,1500,1500,1500,1500,1500,7.9
2026-05-04,13:51:33.530,0.23,-0.46,0.24,-74,0,98,13,0,5,50,-69,100,15,"ANGL",53.759960 -1.544009,50.0,81.40,41,14,10.8,2.4,1729,34,-1.7,2,-297,399,26,12,-1024,-93,-1024,1024,1,0,-1,-1,-1,1,-1,-1,-1,0x0000000000000000,1511,1366,1699,1500,2012,1489,1500,988,1500,1500,1500,1500,1500,1500,1500,1500,1500,1500,1500,1500,1500,1500,1500,1500,1500,1500,1500,1500,1500,1500,1500,1500,7.9
2026-05-04,13:51:34.030,0.23,-0.46,0.24,-76,0,100,13,0,5,50,-75,100,12,"ANGL",53.759960 -1.544009,50.0,81.40,41,14,10.8,2.4,1729,34,-1.7,6,-90,411,2,12,-1024,-93,-1024,1024,1,0,-1,-1,-1,1,-1,-1,-1,0x0000000000000000,1501,1460,1705,1502,2012,1499,1500,988,1500,1500,1500,1500,1500,1500,1500,1500,1500,1500,1500,1500,1500,1500,1500,1500,1500,1500,1500,1500,1500,1500,1500,1500,7.9
2026-05-04,13:51:34.530,0.23,-0.46,0.24,-83,0,99,10,0,5,50,-68,100,13,"ANGL",53.760250 -1.543711,38.1,257.80,32,15,10.8,2.4,1729,34,-1.7,5,1,454,-1,12,-1024,-93,-1024,1024,1,0,-1,-1,-1,1,-1,-1,-1,0x0000000000000000,1500,1500,1727,1501,2012,1500,1500,988,1500,1500,1500,1500,1500,1500,1500,1500,1500,1500,1500,1500,1500,1500,1500,1500,1500,1500,1500,1500,1500,1500,1500,1500,7.9
2026-05-04,13:51:35.030,0.23,-0.46,0.24,-77,0,99,12,0,5,50,-66,100,15,"ANGL",53.760250 -1.543711,38.1,257.80,32,15,10.8,2.4,1729,34,-1.7,71,-1,438,255,12,-1024,-93,-1024,1024,1,0,-1,-1,-1,1,-1,-1,-1,0x0000000000000000,1615,1500,1719,1525,2012,1385,1500,988,1500,1500,1500,1500,1500,1500,1500,1500,1500,1500,1500,1500,1500,1500,1500,1500,1500,1500,1500,1500,1500,1500,1500,1500,7.9
2026-05-04,13:51:35.530,0.23,-0.46,0.24,-79,0,100,12,0,5,50,-71,100,13,"ANGL",53.760250 -1.543711,38.1,257.80,32,15,10.8,2.4,1729,34,-1.7,3,5,194,11,12,-1024,-93,-1024,1024,1,0,-1,-1,-1,1,-1,-1,-1,0x0000000000000000,1510,1502,1597,1501,2012,1490,1500,988,1500,1500,1500,1500,1500,1500,1500,1500,1500,1500,1500,1500,1500,1500,1500,1500,1500,1500,1500,1500,1500,1500,1500,1500,7.9
2026-05-04,13:51:36.030,0.23,-0.46,0.24,-76,0,98,11,0,5,50,-67,100,14,"ANGL",53.760250 -1.543711,38.1,257.80,32,15,10.6,5.4,1736,28,-1.7,2,0,192,1,12,-1024,-93,-1024,1024,1,1,-1,-1,-1,1,-1,-1,-1,0x0000000000000000,1500,1500,1596,1500,2012,1500,2012,988,1500,1500,1500,1500,1500,1500,1500,1500,1500,1500,1500,1500,1500,1500,1500,1500,1500,1500,1500,1500,1500,1500,1500,1500,7.9
2026-05-04,13:51:36.530,0.23,-0.46,0.24,-74,0,99,13,0,5,50,-70,100,13,"ANGL",53.760250 -1.543711,38.1,257.80,32,15,10.6,5.4,1736,28,-1.7,2,-5,193,423,12,-1024,-93,-1024,1024,1,1,-1,-1,-1,1,-1,-1,-1,0x0000000000000000,1693,1498,1596,1500,2012,1307,2012,988,1500,1500,1500,1500,1500,1500,1500,1500,1500,1500,1500,1500,1500,1500,1500,1500,1500,1500,1500,1500,1500,1500,1500,1500,7.9
2026-05-04,13:51:37.030,-0.01,0.15,-2.68,-73,0,98,13,0,5,50,-87,100,6,"ANGL",53.760250 -1.543711,38.1,257.80,32,15,10.6,5.4,1736,28,-1.7,158,-104,-21,-124,12,-1024,-93,-1024,1024,1,1,-1,-1,-1,1,-1,-1,-1,0x0000000000000000,1444,1453,1490,1556,2012,1556,2012,988,1500,1500,1500,1500,1500,1500,1500,1500,1500,1500,1500,1500,1500,1500,1500,1500,1500,1500,1500,1500,1500,1500,1500,1500,7.9
2026-05-04,13:51:37.530,-0.01,0.15,-2.68,-75,0,96,13,0,5,50,-71,100,13,"ANGL",53.760250 -1.543711,38.1,257.80,32,15,10.6,5.4,1736,28,-1.7,21,-4,170,0,12,-1024,-93,-1024,1024,1,1,-1,-1,-1,1,-1,-1,-1,0x0000000000000000,1500,1498,1585,1507,2012,1500,2012,988,1500,1500,1500,1500,1500,1500,1500,1500,1500,1500,1500,1500,1500,1500,1500,1500,1500,1500,1500,1500,1500,1500,1500,1500,7.9
2026-05-04,13:51:38.030,-0.01,0.15,-2.68,-73,0,97,13,0,5,50,-69,100,14,"AIR",53.760250 -1.543711,38.1,257.80,32,15,10.6,5.4,1736,28,-1.7,3,-100,238,-615,13,-1024,-93,-1024,1024,1,1,-1,-1,-1,1,-1,-1,-1,0x0000000000000000,1213,1455,1619,1501,2012,1787,2012,988,1500,1500,1500,1500,1500,1500,1500,1500,1500,1500,1500,1500,1500,1500,1500,1500,1500,1500,1500,1500,1500,1500,1500,1500,7.9
2026-05-04,13:51:38.530,-0.01,0.15,-2.68,-70,0,99,13,0,5,50,-62,100,15,"AIR",53.760250 -1.543711,38.1,257.80,32,15,10.6,5.4,1736,28,-1.7,-1,1,635,1,12,-1024,-93,-1024,1024,1,1,-1,-1,-1,1,-1,-1,-1,0x0000000000000000,1500,1500,1817,1500,2012,1500,2012,988,1500,1500,1500,1500,1500,1500,1500,1500,1500,1500,1500,1500,1500,1500,1500,1500,1500,1500,1500,1500,1500,1500,1500,1500,7.9
2026-05-04,13:51:39.030,-0.01,0.15,-2.68,-70,0,99,13,0,5,50,-61,100,14,"AIR",53.760250 -1.543711,38.1,257.80,32,15,10.6,5.4,1736,28,-2.5,1,3,254,382,12,-1024,-93,-1024,1024,1,1,-1,-1,-1,1,-1,-1,-1,0x0000000000000000,1674,1501,1627,1500,2012,1326,2012,988,1500,1500,1500,1500,1500,1500,1500,1500,1500,1500,1500,1500,1500,1500,1500,1500,1500,1500,1500,1500,1500,1500,1500,1500,7.9
2026-05-04,13:51:39.530,-0.01,0.15,-2.68,-65,0,99,13,0,5,50,-55,100,15,"AIR",53.760250 -1.543711,38.1,257.80,32,15,10.6,5.4,1736,28,-2.5,2,2,202,0,12,-1024,-93,-1024,1024,1,1,-1,-1,-1,1,-1,-1,-1,0x0000000000000000,1500,1501,1601,1500,2012,1500,2012,988,1500,1500,1500,1500,1500,1500,1500,1500,1500,1500,1500,1500,1500,1500,1500,1500,1500,1500,1500,1500,1500,1500,1500,1500,7.9
2026-05-04,13:51:40.030,-0.01,0.15,-2.68,-59,0,100,14,0,5,50,-57,100,14,"AIR",53.760250 -1.543711,38.1,257.80,32,15,10.6,5.4,1736,28,-2.5,3,1,161,-1,12,-1024,-93,-1024,1024,1,1,-1,-1,-1,1,-1,-1,-1,0x0000000000000000,1500,1500,1580,1501,2012,1500,2012,988,1500,1500,1500,1500,1500,1500,1500,1500,1500,1500,1500,1500,1500,1500,1500,1500,1500,1500,1500,1500,1500,1500,1500,1500,7.9
2026-05-04,13:51:40.530,-0.01,0.15,-2.68,-62,0,100,14,0,5,50,-60,100,15,"AIR",53.759707 -1.544067,48.7,208.20,22,15,10.6,5.4,1736,28,-2.5,2,3,196,-3,12,-1024,-93,-1024,1024,1,1,-1,-1,-1,1,-1,-1,-1,0x0000000000000000,1499,1501,1598,1500,2012,1501,2012,988,1500,1500,1500,1500,1500,1500,1500,1500,1500,1500,1500,1500,1500,1500,1500,1500,1500,1500,1500,1500,1500,1500,1500,1500,7.9
2026-05-04,13:51:41.030,-0.01,0.15,-2.68,-63,0,100,14,0,5,50,-56,100,13,"AIR",53.759707 -1.544067,48.7,208.20,22,15,10.6,5.4,1736,28,-2.5,2,2,196,-582,13,-1024,-93,-1024,1024,1,1,-1,-1,-1,1,-1,-1,-1,0x0000000000000000,1229,1501,1598,1500,2012,1771,2012,988,1500,1500,1500,1500,1500,1500,1500,1500,1500,1500,1500,1500,1500,1500,1500,1500,1500,1500,1500,1500,1500,1500,1500,1500,7.9
2026-05-04,13:51:41.530,-0.01,0.15,-2.68,-63,0,100,14,0,5,50,-56,100,14,"AIR",53.759707 -1.544067,48.7,208.20,22,15,10.6,5.4,1736,28,-2.5,3,3,199,-579,13,-1024,-93,-1024,1024,1,1,-1,-1,-1,1,-1,-1,-1,0x0000000000000000,1219,1501,1599,1501,2012,1781,2012,988,1500,1500,1500,1500,1500,1500,1500,1500,1500,1500,1500,1500,1500,1500,1500,1500,1500,1500,1500,1500,1500,1500,1500,1500,7.9
2026-05-04,13:51:42.030,-0.01,0.15,-2.68,-62,0,100,14,0,5,50,-55,100,14,"AIR",53.759707 -1.544067,48.7,208.20,22,15,10.7,3.4,1743,31,-2.5,2,3,231,-36,12,-1024,-93,-1024,1024,1,1,-1,-1,-1,1,-1,-1,-1,0x0000000000000000,1484,1501,1615,1500,2012,1516,2012,988,1500,1500,1500,1500,1500,1500,1500,1500,1500,1500,1500,1500,1500,1500,1500,1500,1500,1500,1500,1500,1500,1500,1500,1500,7.9
2026-05-04,13:51:42.530,-0.14,0.18,-2.54,-63,0,100,14,0,5,50,-58,100,13,"AIR",53.759707 -1.544067,48.7,208.20,22,15,10.7,3.4,1743,31,-2.5,2,4,258,257,12,-1024,-93,-1024,1024,1,1,-1,-1,-1,1,-1,-1,-1,0x0000000000000000,1616,1502,1629,1500,2012,1384,2012,988,1500,1500,1500,1500,1500,1500,1500,1500,1500,1500,1500,1500,1500,1500,1500,1500,1500,1500,1500,1500,1500,1500,1500,1500,7.9
2026-05-04,13:51:43.030,-0.14,0.18,-2.54,-64,0,100,14,0,5,50,-54,100,14,"AIR",53.759707 -1.544067,48.7,208.20,22,15,10.7,3.4,1743,31,-2.5,5,-12,309,704,12,-1024,-93,-1024,1024,1,1,-1,-1,-1,1,-1,-1,-1,0x0000000000000000,1833,1495,1654,1501,2012,1167,2012,988,1500,1500,1500,1500,1500,1500,1500,1500,1500,1500,1500,1500,1500,1500,1500,1500,1500,1500,1500,1500,1500,1500,1500,1500,7.9
2026-05-04,13:51:43.530,-0.14,0.18,-2.54,-65,0,100,13,0,5,50,-60,100,13,"AIR",53.759707 -1.544067,48.7,208.20,22,15,10.7,3.4,1743,31,-2.5,79,-733,323,39,12,-1024,-93,-1024,1024,1,1,-1,-1,-1,1,-1,-1,-1,0x0000000000000000,1511,1146,1662,1527,2012,1489,2012,988,1500,1500,1500,1500,1500,1500,1500,1500,1500,1500,1500,1500,1500,1500,1500,1500,1500,1500,1500,1500,1500,1500,1500,1500,7.9
2026-05-04,13:51:44.030,-0.14,0.18,-2.54,-78,0,98,12,0,5,50,-73,100,13,"AIR",53.759707 -1.544067,48.7,208.20,22,15,10.7,3.4,1743,31,-2.5,180,-651,340,9,12,-1024,-93,-1024,1024,1,1,-1,-1,-1,1,-1,-1,-1,0x0000000000000000,1504,1194,1670,1564,2012,1496,2012,988,1500,1500,1500,1500,1500,1500,1500,1500,1500,1500,1500,1500,1500,1500,1500,1500,1500,1500,1500,1500,1500,1500,1500,1500,7.9
2026-05-04,13:51:44.530,-0.14,0.18,-2.54,-78,0,95,12,0,5,50,-70,100,14,"AIR",53.759707 -1.544067,48.7,208.20,22,15,10.7,3.4,1743,31,-1.4,262,-443,330,326,12,-1024,-93,-1024,1024,1,1,-1,-1,-1,1,-1,-1,-1,0x0000000000000000,1648,1297,1665,1594,2012,1352,2012,988,1500,1500,1500,1500,1500,1500,1500,1500,1500,1500,1500,1500,1500,1500,1500,1500,1500,1500,1500,1500,1500,1500,1500,1500,7.9
2026-05-04,13:51:45.030,-0.14,0.18,-2.54,-77,0,98,13,0,5,50,-73,100,15,"AIR",53.759707 -1.544067,48.7,208.20,22,15,10.7,3.4,1743,31,-1.4,312,-692,305,3,12,-1024,-93,-1024,1024,1,1,-1,-1,-1,1,-1,-1,-1,0x0000000000000000,1501,1173,1652,1613,2012,1499,2012,988,1500,1500,1500,1500,1500,1500,1500,1500,1500,1500,1500,1500,1500,1500,1500,1500,1500,1500,1500,1500,1500,1500,1500,1500,7.9
2026-05-04,13:51:45.530,-0.14,0.18,-2.54,-81,0,99,12,0,5,50,-68,100,13,"AIR",53.759707 -1.544067,48.7,208.20,22,15,10.7,3.4,1743,31,-1.4,118,-413,-24,-277,13,-1024,-93,-1024,1024,1,1,-1,-1,-1,1,-1,-1,-1,0x0000000000000000,1375,1317,1480,1536,2012,1634,2012,988,1500,1500,1500,1500,1500,1500,1500,1500,1500,1500,1500,1500,1500,1500,1500,1500,1500,1500,1500,1500,1500,1500,1500,1500,7.9
2026-05-04,13:51:46.030,-0.14,0.18,-2.54,-70,0,99,13,0,5,50,-59,100,15,"AIR",53.759127 -1.544454,44.1,197.60,21,15,10.7,3.4,1743,31,-1.4,19,-111,-370,-71,13,-1024,-93,-1024,1024,1,1,-1,-1,-1,1,-1,-1,-1,0x0000000000000000,1468,1450,1315,1506,2012,1532,2012,988,1500,1500,1500,1500,1500,1500,1500,1500,1500,1500,1500,1500,1500,1500,1500,1500,1500,1500,1500,1500,1500,1500,1500,1500,7.9
2026-05-04,13:51:46.530,-0.14,0.18,-2.54,-67,0,100,14,0,5,50,-67,100,13,"AIR",53.759127 -1.544454,44.1,197.60,21,15,10.7,3.4,1743,31,-1.4,359,-329,-544,3,12,-1024,-93,-1024,1024,1,1,-1,-1,-1,1,-1,-1,-1,0x0000000000000000,1501,1351,1228,1632,2012,1499,2012,988,1500,1500,1500,1500,1500,1500,1500,1500,1500,1500,1500,1500,1500,1500,1500,1500,1500,1500,1500,1500,1500,1500,1500,1500,7.9
2026-05-04,13:51:47.030,-0.14,0.18,-2.54,-73,0,98,14,0,5,50,-62,100,14,"AIR",53.759127 -1.544454,44.1,197.60,21,15,10.7,3.4,1743,31,-1.4,4,-318,-635,-4,13,-1024,-93,-1024,1024,1,1,-1,-1,-1,1,-1,-1,-1,0x0000000000000000,1498,1356,1183,1501,2012,1502,2012,988,1500,1500,1500,1500,1500,1500,1500,1500,1500,1500,1500,1500,1500,1500,1500,1500,1500,1500,1500,1500,1500,1500,1500,1500,7.9
2026-05-04,13:51:47.530,-0.14,0.18,-2.54,-70,0,99,14,0,5,50,-66,100,15,"AIR",53.759127 -1.544454,44.1,197.60,21,15,10.7,2.5,1749,32,-1.4,7,-464,-754,5,13,-1024,-93,-1024,1024,1,1,-1,-1,-1,1,-1,-1,-1,0x0000000000000000,1502,1287,1123,1502,2012,1498,2012,988,1500,1500,1500,1500,1500,1500,1500,1500,1500,1500,1500,1500,1500,1500,1500,1500,1500,1500,1500,1500,1500,1500,1500,1500,7.9
2026-05-04,13:51:48.030,0.17,0.78,-0.54,-77,0,97,13,0,5,50,-62,100,15,"AIR",53.759127 -1.544454,44.1,197.60,21,15,10.7,2.5,1749,32,-1.4,4,-2,-752,458,12,-1024,-93,-1024,1024,1,1,-1,-1,-1,1,-1,-1,-1,0x0000000000000000,1710,1499,1124,1501,2012,1290,2012,988,1500,1500,1500,1500,1500,1500,1500,1500,1500,1500,1500,1500,1500,1500,1500,1500,1500,1500,1500,1500,1500,1500,1500,1500,7.9
2026-05-04,13:51:48.530,0.17,0.78,-0.54,-71,0,98,14,0,5,50,-55,100,15,"AIR",53.759127 -1.544454,44.1,197.60,21,15,10.7,2.5,1749,32,-1.4,33,-333,-524,0,12,-1024,-93,-1024,1024,1,1,-1,-1,-1,1,-1,-1,-1,0x0000000000000000,1500,1349,1238,1511,2012,1500,2012,988,1500,1500,1500,1500,1500,1500,1500,1500,1500,1500,1500,1500,1500,1500,1500,1500,1500,1500,1500,1500,1500,1500,1500,1500,7.9
2026-05-04,13:51:49.030,0.17,0.78,-0.54,-65,0,100,14,0,5,50,-58,100,14,"AIR",53.759127 -1.544454,44.1,197.60,21,15,10.7,2.5,1749,32,-1.4,68,-189,-50,106,12,-1024,-93,-1024,1024,1,1,-1,-1,-1,1,-1,-1,-1,0x0000000000000000,1547,1415,1475,1524,2012,1453,2012,988,1500,1500,1500,1500,1500,1500,1500,1500,1500,1500,1500,1500,1500,1500,1500,1500,1500,1500,1500,1500,1500,1500,1500,1500,7.9
2026-05-04,13:51:49.530,0.17,0.78,-0.54,-66,0,99,13,0,5,50,-63,100,15,"AIR",53.759127 -1.544454,44.1,197.60,21,15,10.7,2.5,1749,32,-1.4,6,-251,371,-723,13,-1024,-93,-1024,1024,1,1,-1,-1,-1,1,-1,-1,-1,0x0000000000000000,1157,1387,1685,1502,2012,1836,2012,988,1500,1500,1500,1500,1500,1500,1500,1500,1500,1500,1500,1500,1500,1500,1500,1500,1500,1500,1500,1500,1500,1500,1500,1500,7.9
2026-05-04,13:51:50.030,0.17,0.78,-0.54,-76,0,99,13,0,5,50,-70,100,14,"AIR",53.759127 -1.544454,44.1,197.60,21,15,10.7,2.5,1749,32,-1.7,0,-5,491,-638,13,-1024,-93,-1024,1024,1,1,-1,-1,-1,1,-1,-1,-1,0x0000000000000000,1201,1498,1745,1500,2012,1806,2012,988,1500,1500,1500,1500,1500,1500,1500,1500,1500,1500,1500,1500,1500,1500,1500,1500,1500,1500,1500,1500,1500,1500,1500,1500,7.9
2026-05-04,13:51:50.530,0.17,0.78,-0.54,-75,0,100,12,0,5,50,-68,100,14,"AIR",53.759127 -1.544454,44.1,197.60,21,15,10.7,2.5,1749,32,-1.7,-38,3,527,-3,12,-1024,-93,-1024,1024,1,1,-1,-1,-1,1,-1,-1,-1,0x0000000000000000,1499,1501,1757,1487,2012,1501,2012,988,1500,1500,1500,1500,1500,1500,1500,1500,1500,1500,1500,1500,1500,1500,1500,1500,1500,1500,1500,1500,1500,1500,1500,1500,7.9
2026-05-04,13:51:51.030,0.17,0.78,-0.54,-75,0,100,13,0,5,50,-63,100,14,"AIR",53.759127 -1.544454,44.1,197.60,21,15,10.7,2.5,1749,32,-1.7,2,171,170,226,12,-1024,-93,-1024,1024,1,1,-1,-1,-1,1,-1,-1,-1,0x0000000000000000,1602,1577,1585,1500,2012,1398,2012,988,1500,1500,1500,1500,1500,1500,1500,1500,1500,1500,1500,1500,1500,1500,1500,1500,1500,1500,1500,1500,1500,1500,1500,1500,7.9
2026-05-04,13:51:51.530,0.17,0.78,-0.54,-66,0,100,14,0,5,50,-53,100,15,"AIR",53.759355 -1.544764,47.3,40.70,11,16,10.7,2.5,1749,32,-1.7,2,-153,134,529,12,-1024,-93,-1024,1024,1,1,-1,-1,-1,1,-1,-1,-1,0x0000000000000000,1745,1426,1567,1500,2012,1255,2012,988,1500,1500,1500,1500,1500,1500,1500,1500,1500,1500,1500,1500,1500,1500,1500,1500,1500,1500,1500,1500,1500,1500,1500,1500,7.9
2026-05-04,13:51:52.030,0.17,0.78,-0.54,-58,0,98,14,0,5,50,-49,100,13,"AIR",53.759355 -1.544764,47.3,40.70,11,16,10.7,2.5,1749,32,-1.7,1,-122,105,1,12,-1024,-93,-1024,1024,1,1,-1,-1,-1,1,-1,-1,-1,0x0000000000000000,1500,1445,1552,1500,2012,1500,2012,988,1500,1500,1500,1500,1500,1500,1500,1500,1500,1500,1500,1500,1500,1500,1500,1500,1500,1500,1500,1500,1500,1500,1500,1500,7.9
2026-05-04,13:51:52.530,0.17,0.78,-0.54,-55,0,99,14,0,5,50,-47,100,14,"AIR",53.759355 -1.544764,47.3,40.70,11,16,10.7,2.5,1749,32,-1.7,1,-176,177,0,12,-1024,-93,-1024,1024,1,1,-1,-1,-1,1,-1,-1,-1,0x0000000000000000,1500,1421,1588,1500,2012,1500,2012,988,1500,1500,1500,1500,1500,1500,1500,1500,1500,1500,1500,1500,1500,1500,1500,1500,1500,1500,1500,1500,1500,1500,1500,1500,7.9
2026-05-04,13:51:53.030,0.17,0.78,-0.54,-53,0,100,14,0,5,50,-41,100,14,"AIR",53.759355 -1.544764,47.3,40.70,11,16,10.7,3.2,1753,31,-1.7,0,-30,119,-3,12,-1024,-93,-1024,1024,1,1,-1,-1,-1,1,-1,-1,-1,0x0000000000000000,1499,1487,1559,1500,2012,1501,2012,988,1500,1500,1500,1500,1500,1500,1500,1500,1500,1500,1500,1500,1500,1500,1500,1500,1500,1500,1500,1500,1500,1500,1500,1500,7.9
2026-05-04,13:51:53.530,-0.17,0.57,0.89,-49,0,100,14,0,5,50,-37,100,13,"AIR",53.759355 -1.544764,47.3,40.70,11,16,10.7,3.2,1753,31,-1.7,0,-40,337,-286,13,-1024,-93,-1024,1024,1,1,-1,-1,-1,1,-1,-1,-1,0x0000000000000000,1371,1482,1668,1500,2012,1629,2012,988,1500,1500,1500,1500,1500,1500,1500,1500,1500,1500,1500,1500,1500,1500,1500,1500,1500,1500,1500,1500,1500,1500,1500,1500,7.9
2026-05-04,13:51:54.030,-0.17,0.57,0.89,-47,0,100,14,0,5,50,-38,100,15,"AIR",53.759355 -1.544764,47.3,40.70,11,16,10.7,3.2,1753,31,-1.7,-7,-170,240,-2,12,-1024,-93,-1024,1024,1,1,-1,-1,-1,1,-1,-1,-1,0x0000000000000000,1499,1424,1620,1498,2012,1501,2012,988,1500,1500,1500,1500,1500,1500,1500,1500,1500,1500,1500,1500,1500,1500,1500,1500,1500,1500,1500,1500,1500,1500,1500,1500,7.9
2026-05-04,13:51:54.530,-0.17,0.57,0.89,-48,0,100,14,0,5,50,-48,100,13,"AIR",53.759355 -1.544764,47.3,40.70,11,16,10.7,3.2,1753,31,-1.7,-4,-520,294,3,13,-1024,-93,-1024,1024,1,1,-1,-1,-1,1,-1,-1,-1,0x0000000000000000,1501,1260,1647,1499,2012,1499,2012,988,1500,1500,1500,1500,1500,1500,1500,1500,1500,1500,1500,1500,1500,1500,1500,1500,1500,1500,1500,1500,1500,1500,1500,1500,7.9
2026-05-04,13:51:55.030,-0.17,0.57,0.89,-56,0,100,13,0,5,50,-56,100,16,"AIR",53.759355 -1.544764,47.3,40.70,11,16,10.7,3.2,1753,31,-1.7,-11,1,288,-1,13,-1024,-93,-1024,1024,1,1,-1,-1,-1,1,-1,-1,-1,0x0000000000000000,1500,1500,1644,1496,2012,1500,2012,988,1500,1500,1500,1500,1500,1500,1500,1500,1500,1500,1500,1500,1500,1500,1500,1500,1500,1500,1500,1500,1500,1500,1500,1500,7.9
2026-05-04,13:51:55.530,-0.17,0.57,0.89,-66,0,100,13,0,5,50,-60,100,15,"AIR",53.759355 -1.544764,47.3,40.70,11,16,10.7,3.2,1753,31,-0.2,-2,1,285,-1,13,-1024,-93,-1024,1024,1,1,-1,-1,-1,1,-1,-1,-1,0x0000000000000000,1500,1500,1642,1500,2012,1500,2012,988,1500,1500,1500,1500,1500,1500,1500,1500,1500,1500,1500,1500,1500,1500,1500,1500,1500,1500,1500,1500,1500,1500,1500,1500,7.9
2026-05-04,13:51:56.030,-0.17,0.57,0.89,-72,0,99,13,0,5,50,-65,100,13,"AIR",53.759355 -1.544764,47.3,40.70,11,16,10.7,3.2,1753,31,-0.2,-31,1,284,-4,13,-1024,-93,-1024,1024,1,1,-1,-1,-1,1,-1,-1,-1,0x0000000000000000,1498,1500,1642,1489,2012,1502,2012,988,1500,1500,1500,1500,1500,1500,1500,1500,1500,1500,1500,1500,1500,1500,1500,1500,1500,1500,1500,1500,1500,1500,1500,1500,7.9
2026-05-04,13:51:56.530,-0.17,0.57,0.89,-75,0,99,13,0,5,50,-70,100,15,"AIR",53.759355 -1.544764,47.3,40.70,11,16,10.7,3.2,1753,31,-0.2,-49,-1,326,-175,12,-1024,-93,-1024,1024,1,1,-1,-1,-1,1,-1,-1,-1,0x0000000000000000,1421,1500,1663,1483,2012,1579,2012,988,1500,1500,1500,1500,1500,1500,1500,1500,1500,1500,1500,1500,1500,1500,1500,1500,1500,1500,1500,1500,1500,1500,1500,1500,7.9
2026-05-04,13:51:57.030,-0.17,0.57,0.89,-76,0,99,13,0,5,50,-67,100,15,"AIR",53.759674 -1.543834,43.6,80.40,8,15,10.7,3.2,1753,31,-0.2,-29,-4,338,-5,13,-1024,-93,-1024,1024,1,1,-1,-1,-1,1,-1,-1,-1,0x0000000000000000,1498,1498,1669,1490,2012,1502,2012,988,1500,1500,1500,1500,1500,1500,1500,1500,1500,1500,1500,1500,1500,1500,1500,1500,1500,1500,1500,1500,1500,1500,1500,1500,7.9
2026-05-04,13:51:57.530,-0.17,0.57,0.89,-75,0,99,13,0,5,50,-78,100,0,"AIR",53.759674 -1.543834,43.6,80.40,8,15,10.7,3.2,1753,31,-0.2,-48,-89,344,-439,13,-1024,-93,-1024,1024,1,1,-1,-1,-1,1,-1,-1,-1,0x0000000000000000,1299,1460,1672,1483,2012,1701,2012,988,1500,1500,1500,1500,1500,1500,1500,1500,1500,1500,1500,1500,1500,1500,1500,1500,1500,1500,1500,1500,1500,1500,1500,1500,7.9
2026-05-04,13:51:58.030,-0.17,0.57,0.89,-80,0,99,11,0,5,50,-75,100,13,"AIR",53.759674 -1.543834,43.6,80.40,8,15,10.7,3.2,1753,31,-0.2,-272,-118,642,-574,13,-1024,-93,-1024,1024,1,1,-1,-1,-1,1,-1,-1,-1,0x0000000000000000,1233,1447,1821,1402,2012,1767,2012,988,1500,1500,1500,1500,1500,1500,1500,1500,1500,1500,1500,1500,1500,1500,1500,1500,1500,1500,1500,1500,1500,1500,1500,1500,7.9
2026-05-04,13:51:58.530,-0.17,0.57,0.89,-85,0,97,11,0,5,50,-76,100,13,"AIR",53.759674 -1.543834,43.6,80.40,8,15,10.6,4.8,1759,28,-0.2,-590,-537,644,-308,13,-1024,-93,-1024,1024,1,1,-1,-1,-1,1,-1,-1,-1,0x0000000000000000,1360,1252,1822,1265,2012,1640,2012,988,1500,1500,1500,1500,1500,1500,1500,1500,1500,1500,1500,1500,1500,1500,1500,1500,1500,1500,1500,1500,1500,1500,1500,1500,7.9
2026-05-04,13:51:59.030,-0.17,0.57,0.89,-81,0,97,12,0,5,50,-79,100,13,"AIR",53.759674 -1.543834,43.6,80.40,8,15,10.6,4.8,1759,28,-0.2,-2,-739,490,492,12,-1024,-93,-1024,1024,1,1,-1,-1,-1,1,-1,-1,-1,0x0000000000000000,1727,1149,1745,1500,2012,1273,2012,988,1500,1500,1500,1500,1500,1500,1500,1500,1500,1500,1500,1500,1500,1500,1500,1500,1500,1500,1500,1500,1500,1500,1500,1500,7.9
2026-05-04,13:51:59.530,-0.06,-0.30,0.89,-87,0,98,10,0,5,50,-77,100,12,"AIR",53.759674 -1.543834,43.6,80.40,8,15,10.6,4.8,1759,28,-0.2,1,-494,475,139,12,-1024,-93,-1024,1024,1,1,-1,-1,-1,1,-1,-1,-1,0x0000000000000000,1562,1272,1737,1500,2012,1438,2012,988,1500,1500,1500,1500,1500,1500,1500,1500,1500,1500,1500,1500,1500,1500,1500,1500,1500,1500,1500,1500,1500,1500,1500,1500,7.9
2026-05-04,13:52:00.030,-0.06,-0.30,0.89,-83,0,99,13,0,5,50,-73,100,14,"AIR",53.759674 -1.543834,43.6,80.40,8,15,10.6,4.8,1759,28,-0.2,2,-386,473,1,12,-1024,-93,-1024,1024,1,1,-1,-1,-1,1,-1,-1,-1,0x0000000000000000,1500,1324,1736,1500,2012,1500,2012,988,1500,1500,1500,1500,1500,1500,1500,1500,1500,1500,1500,1500,1500,1500,1500,1500,1500,1500,1500,1500,1500,1500,1500,1500,7.9
2026-05-04,13:52:00.530,-0.06,-0.30,0.89,-78,0,98,13,0,5,50,-66,100,13,"AIR",53.759674 -1.543834,43.6,80.40,8,15,10.6,4.8,1759,28,-0.2,-49,-179,392,-517,13,-1024,-93,-1024,1024,1,1,-1,-1,-1,1,-1,-1,-1,0x0000000000000000,1261,1420,1696,1483,2012,1739,2012,988,1500,1500,1500,1500,1500,1500,1500,1500,1500,1500,1500,1500,1500,1500,1500,1500,1500,1500,1500,1500,1500,1500,1500,1500,7.9
2026-05-04,13:52:01.030,-0.06,-0.30,0.89,-72,0,99,14,0,5,50,-63,100,15,"AIR",53.759674 -1.543834,43.6,80.40,8,15,10.6,4.8,1759,28,0.2,3,-107,372,-383,13,-1024,-93,-1024,1024,1,1,-1,-1,-1,1,-1,-1,-1,0x0000000000000000,1325,1452,1686,1501,2012,1675,2012,988,1500,1500,1500,1500,1500,1500,1500,1500,1500,1500,1500,1500,1500,1500,1500,1500,1500,1500,1500,1500,1500,1500,1500,1500,7.9
2026-05-04,13:52:01.530,-0.06,-0.30,0.89,-72,0,99,14,0,5,50,-69,100,15,"AIR",53.759674 -1.543834,43.6,80.40,8,15,10.6,4.8,1759,28,0.2,2,-87,507,-220,12,-1024,-93,-1024,1024,1,1,-1,-1,-1,1,-1,-1,-1,0x0000000000000000,1401,1461,1753,1500,2012,1599,2012,988,1500,1500,1500,1500,1500,1500,1500,1500,1500,1500,1500,1500,1500,1500,1500,1500,1500,1500,1500,1500,1500,1500,1500,1500,7.9
2026-05-04,13:52:02.030,-0.06,-0.30,0.89,-71,0,100,13,0,5,50,-62,100,16,"AIR",53.759674 -1.543834,43.6,80.40,8,15,10.6,4.8,1759,28,0.2,1,-2,513,-88,12,-1024,-93,-1024,1024,1,1,-1,-1,-1,1,-1,-1,-1,0x0000000000000000,1461,1499,1756,1500,2012,1539,2012,988,1500,1500,1500,1500,1500,1500,1500,1500,1500,1500,1500,1500,1500,1500,1500,1500,1500,1500,1500,1500,1500,1500,1500,1500,7.9
2026-05-04,13:52:02.530,-0.06,-0.30,0.89,-71,0,98,14,0,5,50,-65,100,13,"AIR",53.759922 -1.543449,35.5,293.60,10,15,10.6,4.8,1759,28,0.2,2,-4,1022,-11,12,-1024,-93,-1024,1024,1,1,-1,-1,-1,1,-1,-1,-1,0x0000000000000000,1495,1498,2011,1500,2012,1505,2012,988,1500,1500,1500,1500,1500,1500,1500,1500,1500,1500,1500,1500,1500,1500,1500,1500,1500,1500,1500,1500,1500,1500,1500,1500,7.9
2026-05-04,13:52:03.030,-0.06,-0.30,0.89,-66,0,97,13,0,5,50,-59,100,13,"AIR",53.759922 -1.543449,35.5,293.60,10,15,10.6,4.8,1759,28,0.2,1,-3,974,-1,13,-1024,-93,-1024,1024,1,1,-1,-1,-1,1,-1,-1,-1,0x0000000000000000,1500,1499,1987,1500,2012,1500,2012,988,1500,1500,1500,1500,1500,1500,1500,1500,1500,1500,1500,1500,1500,1500,1500,1500,1500,1500,1500,1500,1500,1500,1500,1500,7.9
2026-05-04,13:52:03.530,-0.06,-0.30,0.89,-65,0,98,13,0,5,50,-59,100,15,"AIR",53.759922 -1.543449,35.5,293.60,10,15,10.6,4.8,1759,28,0.2,2,1,290,-172,13,-1024,-93,-1024,1024,1,1,-1,-1,-1,1,-1,-1,-1,0x0000000000000000,1423,1500,1645,1500,2012,1577,2012,988,1500,1500,1500,1500,1500,1500,1500,1500,1500,1500,1500,1500,1500,1500,1500,1500,1500,1500,1500,1500,1500,1500,1500,1500,7.9
2026-05-04,13:52:04.030,-0.06,-0.30,0.89,-65,0,100,14,0,5,50,-60,100,14,"AIR",53.759922 -1.543449,35.5,293.60,10,15,10.3,11.1,1768,17,0.2,1,297,729,-543,13,-1024,-93,-1024,1024,1,1,-1,-1,-1,1,-1,-1,-1,0x0000000000000000,1249,1634,1864,1500,2012,1751,2012,988,1500,1500,1500,1500,1500,1500,1500,1500,1500,1500,1500,1500,1500,1500,1500,1500,1500,1500,1500,1500,1500,1500,1500,1500,7.9
2026-05-04,13:52:04.530,-0.06,-0.30,0.89,-64,0,100,13,0,5,50,-50,100,14,"AIR",53.759922 -1.543449,35.5,293.60,10,15,10.3,11.1,1768,17,0.2,1,5,291,-858,13,-1024,-93,-1024,1024,1,1,-1,-1,-1,1,-1,-1,-1,0x0000000000000000,1084,1502,1645,1500,2012,1916,2012,988,1500,1500,1500,1500,1500,1500,1500,1500,1500,1500,1500,1500,1500,1500,1500,1500,1500,1500,1500,1500,1500,1500,1500,1500,7.9
2026-05-04,13:52:05.030,-0.53,-0.16,-1.87,-59,0,99,14,0,5,50,-50,100,14,"AIR",53.759922 -1.543449,35.5,293.60,10,15,10.3,11.1,1768,17,0.2,2,1,236,-938,13,-1024,-93,-1024,1024,1,1,-1,-1,-1,1,-1,-1,-1,0x0000000000000000,1039,1500,1618,1500,2012,1961,2012,988,1500,1500,1500,1500,1500,1500,1500,1500,1500,1500,1500,1500,1500,1500,1500,1500,1500,1500,1500,1500,1500,1500,1500,1500,7.9
2026-05-04,13:52:05.530,-0.53,-0.16,-1.87,-61,0,100,13,0,5,50,-63,100,16,"AIR",53.759922 -1.543449,35.5,293.60,10,15,10.3,11.1,1768,17,0.2,2,-126,300,-21,12,-1024,-93,-1024,1024,1,1,-1,-1,-1,1,-1,-1,-1,0x0000000000000000,1491,1444,1650,1500,2012,1509,2012,988,1500,1500,1500,1500,1500,1500,1500,1500,1500,1500,1500,1500,1500,1500,1500,1500,1500,1500,1500,1500,1500,1500,1500,1500,7.9
2026-05-04,13:52:06.030,-0.53,-0.16,-1.87,-59,0,99,13,0,5,50,-49,100,14,"AIR",53.759922 -1.543449,35.5,293.60,10,15,10.3,11.1,1768,17,0.2,2,-546,349,260,12,-1024,-93,-1024,1024,1,1,-1,-1,-1,1,-1,-1,-1,0x0000000000000000,1617,1247,1674,1500,2012,1383,2012,988,1500,1500,1500,1500,1500,1500,1500,1500,1500,1500,1500,1500,1500,1500,1500,1500,1500,1500,1500,1500,1500,1500,1500,1500,7.9
2026-05-04,13:52:06.530,-0.53,-0.16,-1.87,-57,0,99,13,0,5,50,-42,100,15,"AIR",53.759922 -1.543449,35.5,293.60,10,15,10.3,11.1,1768,17,-2.0,1,-279,349,400,12,-1024,-93,-1024,1024,1,1,-1,-1,-1,1,-1,-1,-1,0x0000000000000000,1683,1374,1674,1500,2012,1317,2012,988,1500,1500,1500,1500,1500,1500,1500,1500,1500,1500,1500,1500,1500,1500,1500,1500,1500,1500,1500,1500,1500,1500,1500,1500,7.9
2026-05-04,13:52:07.030,-0.53,-0.16,-1.87,-54,0,100,13,0,5,50,-47,100,14,"AIR",53.759922 -1.543449,35.5,293.60,10,15,10.3,11.1,1768,17,-2.0,2,-76,343,39,12,-1024,-93,-1024,1024,1,1,-1,-1,-1,1,-1,-1,-1,0x0000000000000000,1517,1466,1671,1500,2012,1482,2012,988,1500,1500,1500,1500,1500,1500,1500,1500,1500,1500,1500,1500,1500,1500,1500,1500,1500,1500,1500,1500,1500,1500,1500,1500,7.9
2026-05-04,13:52:07.530,-0.53,-0.16,-1.87,-57,0,100,13,0,5,50,-55,100,14,"AIR",53.759922 -1.543449,35.5,293.60,10,15,10.3,11.1,1768,17,-2.0,3,-3,335,384,12,-1024,-93,-1024,1024,1,1,-1,-1,-1,1,-1,-1,-1,0x0000000000000000,1675,1499,1667,1501,2012,1325,2012,988,1500,1500,1500,1500,1500,1500,1500,1500,1500,1500,1500,1500,1500,1500,1500,1500,1500,1500,1500,1500,1500,1500,1500,1500,7.9
2026-05-04,13:52:08.030,-0.53,-0.16,-1.87,-60,0,99,14,0,5,50,-60,100,13,"AIR",53.759726 -1.544071,36.5,207.40,14,13,10.3,11.1,1768,17,-2.0,2,-2,344,-189,12,-1024,-93,-1024,1024,1,1,-1,-1,-1,1,-1,-1,-1,0x0000000000000000,1415,1499,1672,1500,2012,1585,2012,988,1500,1500,1500,1500,1500,1500,1500,1500,1500,1500,1500,1500,1500,1500,1500,1500,1500,1500,1500,1500,1500,1500,1500,1500,7.9
2026-05-04,13:52:08.530,-0.53,-0.16,-1.87,-60,0,100,14,0,5,50,-48,100,13,"AIR",53.759726 -1.544071,36.5,207.40,14,13,10.3,11.1,1768,17,-2.0,3,3,296,334,12,-1024,-93,-1024,1024,1,1,-1,-1,-1,1,-1,-1,-1,0x0000000000000000,1652,1501,1648,1501,2012,1348,2012,988,1500,1500,1500,1500,1500,1500,1500,1500,1500,1500,1500,1500,1500,1500,1500,1500,1500,1500,1500,1500,1500,1500,1500,1500,7.9
2026-05-04,13:52:09.030,-0.53,-0.16,-1.87,-60,0,100,13,0,5,50,-53,100,14,"AIR",53.759726 -1.544071,36.5,207.40,14,13,10.3,11.1,1768,17,-2.0,3,-30,326,-51,13,-1024,-93,-1024,1024,1,1,-1,-1,-1,1,-1,-1,-1,0x0000000000000000,1477,1487,1663,1501,2012,1523,2012,988,1500,1500,1500,1500,1500,1500,1500,1500,1500,1500,1500,1500,1500,1500,1500,1500,1500,1500,1500,1500,1500,1500,1500,1500,7.9
2026-05-04,13:52:09.530,-0.53,-0.16,-1.87,-65,0,99,14,0,5,50,-65,100,14,"AIR",53.759726 -1.544071,36.5,207.40,14,13,10.6,4.7,1778,25,-2.0,6,-325,377,137,13,-1024,-93,-1024,1024,1,1,-1,-1,-1,1,-1,-1,-1,0x0000000000000000,1561,1353,1688,1502,2012,1439,2012,988,1500,1500,1500,1500,1500,1500,1500,1500,1500,1500,1500,1500,1500,1500,1500,1500,1500,1500,1500,1500,1500,1500,1500,1500,7.9
2026-05-04,13:52:10.030,-0.53,-0.16,-1.87,-73,0,100,13,0,5,50,-71,100,12,"AIR",53.759726 -1.544071,36.5,207.40,14,13,10.6,4.7,1778,25,-2.0,83,-249,392,467,12,-1024,-93,-1024,1024,1,1,-1,-1,-1,1,-1,-1,-1,0x0000000000000000,1714,1388,1696,1529,2012,1286,2012,988,1500,1500,1500,1500,1500,1500,1500,1500,1500,1500,1500,1500,1500,1500,1500,1500,1500,1500,1500,1500,1500,1500,1500,1500,7.9
2026-05-04,13:52:10.530,-0.08,0.44,-2.11,-72,0,100,13,0,5,50,-62,100,14,"AIR",53.759726 -1.544071,36.5,207.40,14,13,10.6,4.7,1778,25,-2.0,43,-291,413,638,12,-1024,-93,-1024,1024,1,1,-1,-1,-1,1,-1,-1,-1,0x0000000000000000,1799,1368,1706,1515,2012,1201,2012,988,1500,1500,1500,1500,1500,1500,1500,1500,1500,1500,1500,1500,1500,1500,1500,1500,1500,1500,1500,1500,1500,1500,1500,1500,7.9
2026-05-04,13:52:11.030,-0.08,0.44,-2.11,-67,0,100,13,0,5,50,-72,100,14,"AIR",53.759726 -1.544071,36.5,207.40,14,13,10.6,4.7,1778,25,-2.0,17,-571,426,427,12,-1024,-93,-1024,1024,1,1,-1,-1,-1,1,-1,-1,-1,0x0000000000000000,1695,1235,1713,1506,2012,1305,2012,988,1500,1500,1500,1500,1500,1500,1500,1500,1500,1500,1500,1500,1500,1500,1500,1500,1500,1500,1500,1500,1500,1500,1500,1500,7.9
2026-05-04,13:52:11.530,-0.08,0.44,-2.11,-67,0,100,13,0,5,50,-58,100,14,"AIR",53.759726 -1.544071,36.5,207.40,14,13,10.6,4.7,1778,25,-2.0,6,-531,380,449,12,-1024,-93,-1024,1024,1,1,-1,-1,-1,1,-1,-1,-1,0x0000000000000000,1706,1254,1690,1502,2012,1294,2012,988,1500,1500,1500,1500,1500,1500,1500,1500,1500,1500,1500,1500,1500,1500,1500,1500,1500,1500,1500,1500,1500,1500,1500,1500,7.9
2026-05-04,13:52:12.030,-0.08,0.44,-2.11,-65,0,99,13,0,5,50,-78,100,11,"AIR",53.759726 -1.544071,36.5,207.40,14,13,10.6,4.7,1778,25,0.6,88,-630,391,215,12,-1024,-93,-1024,1024,1,1,-1,-1,-1,1,-1,-1,-1,0x0000000000000000,1597,1205,1695,1531,2012,1403,2012,988,1500,1500,1500,1500,1500,1500,1500,1500,1500,1500,1500,1500,1500,1500,1500,1500,1500,1500,1500,1500,1500,1500,1500,1500,7.9
2026-05-04,13:52:12.530,-0.08,0.44,-2.11,-58,0,98,13,0,5,50,-49,100,15,"AIR",53.759726 -1.544071,36.5,207.40,14,13,10.6,4.7,1778,25,0.6,99,-767,394,3,12,-1024,-93,-1024,1024,1,1,-1,-1,-1,1,-1,-1,-1,0x0000000000000000,1501,1134,1697,1535,2012,1499,2012,988,1500,1500,1500,1500,1500,1500,1500,1500,1500,1500,1500,1500,1500,1500,1500,1500,1500,1500,1500,1500,1500,1500,1500,1500,7.9
2026-05-04,13:52:13.030,-0.08,0.44,-2.11,-57,0,98,14,0,5,50,-53,100,14,"AIR",53.759726 -1.544071,36.5,207.40,14,13,10.6,4.7,1778,25,0.6,56,-352,402,272,12,-1024,-93,-1024,1024,1,1,-1,-1,-1,1,-1,-1,-1,0x0000000000000000,1623,1340,1701,1519,2012,1377,2012,988,1500,1500,1500,1500,1500,1500,1500,1500,1500,1500,1500,1500,1500,1500,1500,1500,1500,1500,1500,1500,1500,1500,1500,1500,7.9
2026-05-04,13:52:13.530,-0.08,0.44,-2.11,-65,0,99,14,0,5,50,-59,100,14,"AIR",53.759726 -1.544071,36.5,207.40,14,13,10.6,4.7,1778,25,0.6,7,-322,401,270,12,-1024,-93,-1024,1024,1,1,-1,-1,-1,1,-1,-1,-1,0x0000000000000000,1622,1354,1700,1502,2012,1378,2012,988,1500,1500,1500,1500,1500,1500,1500,1500,1500,1500,1500,1500,1500,1500,1500,1500,1500,1500,1500,1500,1500,1500,1500,1500,7.9
2026-05-04,13:52:14.030,-0.08,0.44,-2.11,-64,0,99,13,0,5,50,-52,100,15,"AIR",53.759415 -1.544580,36.9,304.90,17,16,10.6,4.7,1778,25,0.6,5,-257,393,190,12,-1024,-93,-1024,1024,1,1,-1,-1,-1,1,-1,-1,-1,0x0000000000000000,1585,1384,1696,1501,2012,1415,2012,988,1500,1500,1500,1500,1500,1500,1500,1500,1500,1500,1500,1500,1500,1500,1500,1500,1500,1500,1500,1500,1500,1500,1500,1500,7.9
2026-05-04,13:52:14.530,-0.08,0.44,-2.11,-62,0,97,14,0,5,50,-45,100,14,"AIR",53.759415 -1.544580,36.9,304.90,17,16,10.6,4.7,1778,25,0.6,3,-138,394,6,12,-1024,-93,-1024,1024,1,1,-1,-1,-1,1,-1,-1,-1,0x0000000000000000,1502,1438,1697,1501,2012,1498,2012,988,1500,1500,1500,1500,1500,1500,1500,1500,1500,1500,1500,1500,1500,1500,1500,1500,1500,1500,1500,1500,1500,1500,1500,1500,7.9
2026-05-04,13:52:15.030,-0.08,0.44,-2.11,-55,0,98,14,0,5,50,-49,100,14,"AIR",53.759415 -1.544580,36.9,304.90,17,16,10.5,5.2,1785,24,0.6,2,4,388,-78,12,-1024,-93,-1024,1024,1,1,-1,-1,-1,1,-1,-1,-1,0x0000000000000000,1465,1502,1694,1500,2012,1535,2012,988,1500,1500,1500,1500,1500,1500,1500,1500,1500,1500,1500,1500,1500,1500,1500,1500,1500,1500,1500,1500,1500,1500,1500,1500,7.9
2026-05-04,13:52:15.530,-0.08,0.44,-2.11,-54,0,100,14,0,5,50,-49,100,14,"AIR",53.759415 -1.544580,36.9,304.90,17,16,10.5,5.2,1785,24,0.6,0,92,550,-757,13,-1024,-93,-1024,1024,1,1,-1,-1,-1,1,-1,-1,-1,0x0000000000000000,1139,1541,1775,1500,2012,1861,2012,988,1500,1500,1500,1500,1500,1500,1500,1500,1500,1500,1500,1500,1500,1500,1500,1500,1500,1500,1500,1500,1500,1500,1500,1500,7.9
2026-05-04,13:52:16.030,-0.17,0.83,1.10,-57,0,100,14,0,5,50,-68,100,13,"AIR",53.759415 -1.544580,36.9,304.90,17,16,10.5,5.2,1785,24,0.6,-649,10,123,-910,13,-1024,-93,-1024,1024,1,1,-1,-1,-1,1,-1,-1,-1,0x0000000000000000,1055,1504,1561,1234,2012,1945,2012,988,1500,1500,1500,1500,1500,1500,1500,1500,1500,1500,1500,1500,1500,1500,1500,1500,1500,1500,1500,1500,1500,1500,1500,1500,7.9
2026-05-04,13:52:16.530,-0.17,0.83,1.10,-71,0,99,13,0,5,50,-66,100,11,"AIR",53.759415 -1.544580,36.9,304.90,17,16,10.5,5.2,1785,24,0.6,-679,2,223,-2,12,-1024,-93,-1024,1024,1,1,-1,-1,-1,1,-1,-1,-1,0x0000000000000000,1499,1501,1611,1218,2012,1501,2012,988,1500,1500,1500,1500,1500,1500,1500,1500,1500,1500,1500,1500,1500,1500,1500,1500,1500,1500,1500,1500,1500,1500,1500,1500,7.9
2026-05-04,13:52:17.030,-0.17,0.83,1.10,-64,0,99,12,0,5,50,-48,100,14,"AIR",53.759415 -1.544580,36.9,304.90,17,16,10.5,5.2,1785,24,0.6,3,-282,38,156,12,-1024,-93,-1024,1024,1,1,-1,-1,-1,1,-1,-1,-1,0x0000000000000000,1570,1372,1519,1501,2012,1430,2012,988,1500,1500,1500,1500,1500,1500,1500,1500,1500,1500,1500,1500,1500,1500,1500,1500,1500,1500,1500,1500,1500,1500,1500,1500,7.9
2026-05-04,13:52:17.530,-0.17,0.83,1.10,-59,0,100,14,0,5,50,-52,100,15,"AIR",53.759415 -1.544580,36.9,304.90,17,16,10.5,5.2,1785,24,2.3,0,-168,921,357,12,-1024,-93,-1024,1024,1,1,-1,-1,-1,1,-1,-1,-1,0x0000000000000000,1662,1425,1960,1500,2012,1338,2012,988,1500,1500,1500,1500,1500,1500,1500,1500,1500,1500,1500,1500,1500,1500,1500,1500,1500,1500,1500,1500,1500,1500,1500,1500,7.9
2026-05-04,13:52:18.030,-0.17,0.83,1.10,-62,0,100,14,0,5,50,-52,100,13,"AIR",53.759415 -1.544580,36.9,304.90,17,16,10.5,5.2,1785,24,2.3,1,-2,1024,0,12,-1024,-93,-1024,1024,1,1,-1,-1,-1,1,-1,-1,-1,0x0000000000000000,1500,1499,2012,1500,2012,1500,2012,988,1500,1500,1500,1500,1500,1500,1500,1500,1500,1500,1500,1500,1500,1500,1500,1500,1500,1500,1500,1500,1500,1500,1500,1500,7.9
2026-05-04,13:52:18.530,-0.17,0.83,1.10,-60,0,99,14,0,5,50,-54,100,14,"AIR",53.759415 -1.544580,36.9,304.90,17,16,10.5,5.2,1785,24,2.3,0,-71,604,36,12,-1024,-93,-1024,1024,1,1,-1,-1,-1,1,-1,-1,-1,0x0000000000000000,1516,1468,1802,1500,2012,1484,2012,988,1500,1500,1500,1500,1500,1500,1500,1500,1500,1500,1500,1500,1500,1500,1500,1500,1500,1500,1500,1500,1500,1500,1500,1500,7.9
2026-05-04,13:52:19.030,-0.17,0.83,1.10,-63,0,100,14,0,5,50,-55,100,14,"AIR",53.759415 -1.544580,36.9,304.90,17,16,10.5,5.2,1785,24,2.3,3,2,377,-1,12,-1024,-93,-1024,1024,1,1,-1,-1,-1,1,-1,-1,-1,0x0000000000000000,1500,1501,1688,1501,2012,1500,2012,988,1500,1500,1500,1500,1500,1500,1500,1500,1500,1500,1500,1500,1500,1500,1500,1500,1500,1500,1500,1500,1500,1500,1500,1500,7.9
2026-05-04,13:52:19.530,-0.17,0.83,1.10,-67,0,100,14,0,5,50,-63,100,15,"AIR",53.759591 -1.543999,38.9,84.30,18,16,10.5,5.2,1785,24,2.3,3,2,475,-1,12,-1024,-93,-1024,1024,1,1,-1,-1,-1,1,-1,-1,-1,0x0000000000000000,1500,1501,1737,1501,2012,1500,2012,988,1500,1500,1500,1500,1500,1500,1500,1500,1500,1500,1500,1500,1500,1500,1500,1500,1500,1500,1500,1500,1500,1500,1500,1500,7.9
2026-05-04,13:52:20.030,-0.17,0.83,1.10,-71,0,99,14,0,5,50,-68,100,13,"AIR",53.759591 -1.543999,38.9,84.30,18,16,10.5,5.2,1785,24,2.3,1,0,449,-705,13,-1024,-93,-1024,1024,1,1,-1,-1,-1,1,-1,-1,-1,0x0000000000000000,1167,1500,1724,1500,2012,1833,2012,988,1500,1500,1500,1500,1500,1500,1500,1500,1500,1500,1500,1500,1500,1500,1500,1500,1500,1500,1500,1500,1500,1500,1500,1500,7.9
2026-05-04,13:52:20.530,-0.17,0.83,1.10,-74,0,99,13,0,5,50,-66,100,14,"AIR",53.759591 -1.543999,38.9,84.30,18,16,10.5,4.1,1795,25,2.3,-315,-1,322,-400,13,-1024,-93,-1024,1024,1,1,-1,-1,-1,1,-1,-1,-1,0x0000000000000000,1330,1500,1661,1385,2012,1670,2012,988,1500,1500,1500,1500,1500,1500,1500,1500,1500,1500,1500,1500,1500,1500,1500,1500,1500,1500,1500,1500,1500,1500,1500,1500,7.9
2026-05-04,13:52:21.030,-0.17,0.83,1.10,-73,0,99,13,0,5,50,-67,100,14,"AIR",53.759591 -1.543999,38.9,84.30,18,16,10.5,4.1,1795,25,2.3,-522,-286,323,-7,12,-1024,-93,-1024,1024,1,1,-1,-1,-1,1,-1,-1,-1,0x0000000000000000,1497,1371,1661,1297,2012,1503,2012,988,1500,1500,1500,1500,1500,1500,1500,1500,1500,1500,1500,1500,1500,1500,1500,1500,1500,1500,1500,1500,1500,1500,1500,1500,7.9
2026-05-04,13:52:21.530,-0.16,-0.01,0.90,-79,0,100,12,0,5,50,-73,100,13,"AIR",53.759591 -1.543999,38.9,84.30,18,16,10.5,4.1,1795,25,2.3,2,-628,287,326,12,-1024,-93,-1024,1024,1,1,-1,-1,-1,1,-1,-1,-1,0x0000000000000000,1648,1206,1643,1500,2012,1352,2012,988,1500,1500,1500,1500,1500,1500,1500,1500,1500,1500,1500,1500,1500,1500,1500,1500,1500,1500,1500,1500,1500,1500,1500,1500,7.9
2026-05-04,13:52:22.030,-0.16,-0.01,0.90,-81,0,100,10,0,5,50,-78,100,12,"AIR",53.759591 -1.543999,38.9,84.30,18,16,10.5,4.1,1795,25,2.3,-1,-705,318,325,12,-1024,-93,-1024,1024,1,1,-1,-1,-1,1,-1,-1,-1,0x0000000000000000,1647,1167,1659,1500,2012,1353,2012,988,1500,1500,1500,1500,1500,1500,1500,1500,1500,1500,1500,1500,1500,1500,1500,1500,1500,1500,1500,1500,1500,1500,1500,1500,7.9
2026-05-04,13:52:22.530,-0.16,-0.01,0.90,-79,0,97,13,0,5,50,-68,100,13,"AIR",53.759591 -1.543999,38.9,84.30,18,16,10.5,4.1,1795,25,2.3,-195,-458,280,155,12,-1024,-93,-1024,1024,1,1,-1,-1,-1,1,-1,-1,-1,0x0000000000000000,1575,1289,1640,1431,2012,1425,2012,988,1500,1500,1500,1500,1500,1500,1500,1500,1500,1500,1500,1500,1500,1500,1500,1500,1500,1500,1500,1500,1500,1500,1500,1500,7.9
2026-05-04,13:52:23.030,-0.16,-0.01,0.90,-75,0,98,13,0,5,50,-71,100,13,"AIR",53.759591 -1.543999,38.9,84.30,18,16,10.5,4.1,1795,25,-0.6,-69,-99,284,3,12,-1024,-93,-1024,1024,1,1,-1,-1,-1,1,-1,-1,-1,0x0000000000000000,1501,1456,1642,1476,2012,1499,2012,988,1500,1500,1500,1500,1500,1500,1500,1500,1500,1500,1500,1500,1500,1500,1500,1500,1500,1500,1500,1500,1500,1500,1500,1500,7.9
2026-05-04,13:52:23.530,-0.16,-0.01,0.90,-73,0,98,13,0,5,50,-67,100,15,"AIR",53.759591 -1.543999,38.9,84.30,18,16,10.5,4.1,1795,25,-0.6,-29,-69,265,-566,13,-1024,-93,-1024,1024,1,1,-1,-1,-1,1,-1,-1,-1,0x0000000000000000,1237,1469,1632,1490,2012,1763,2012,988,1500,1500,1500,1500,1500,1500,1500,1500,1500,1500,1500,1500,1500,1500,1500,1500,1500,1500,1500,1500,1500,1500,1500,1500,7.9
2026-05-04,13:52:24.030,-0.16,-0.01,0.90,-74,0,98,13,0,5,50,-72,100,14,"AIR",53.759591 -1.543999,38.9,84.30,18,16,10.5,4.1,1795,25,-0.6,-1,-4,278,-56,12,-1024,-93,-1024,1024,1,1,-1,-1,-1,1,-1,-1,-1,0x0000000000000000,1475,1498,1639,1500,2012,1525,2012,988,1500,1500,1500,1500,1500,1500,1500,1500,1500,1500,1500,1500,1500,1500,1500,1500,1500,1500,1500,1500,1500,1500,1500,1500,7.9
2026-05-04,13:52:24.530,-0.16,-0.01,0.90,-72,0,100,13,0,5,50,-64,100,15,"AIR",53.759591 -1.543999,38.9,84.30,18,16,10.5,4.1,1795,25,-0.6,2,-4,308,0,12,-1024,-93,-1024,1024,1,1,-1,-1,-1,1,-1,-1,-1,0x0000000000000000,1500,1498,1654,1500,2012,1500,2012,988,1500,1500,1500,1500,1500,1500,1500,1500,1500,1500,1500,1500,1500,1500,1500,1500,1500,1500,1500,1500,1500,1500,1500,1500,7.9
2026-05-04,13:52:25.030,-0.16,-0.01,0.90,-65,0,100,14,0,5,50,-54,100,15,"AIR",53.760018 -1.543404,40.8,323.00,16,16,10.5,4.1,1795,25,-0.6,2,3,309,359,12,-1024,-93,-1024,1024,1,0,-1,-1,-1,1,-1,-1,-1,0x0000000000000000,1663,1501,1654,1500,2012,1337,1500,988,1500,1500,1500,1500,1500,1500,1500,1500,1500,1500,1500,1500,1500,1500,1500,1500,1500,1500,1500,1500,1500,1500,1500,1500,7.9
2026-05-04,13:52:25.530,-0.16,-0.01,0.90,-61,0,99,14,0,5,50,-50,100,14,"AIR",53.760018 -1.543404,40.8,323.00,16,16,10.5,4.1,1795,25,-0.6,2,-377,309,75,12,-1024,-93,-1024,1024,1,0,-1,-1,-1,1,-1,-1,-1,0x0000000000000000,1533,1328,1654,1500,2012,1467,1500,988,1500,1500,1500,1500,1500,1500,1500,1500,1500,1500,1500,1500,1500,1500,1500,1500,1500,1500,1500,1500,1500,1500,1500,1500,7.9
2026-05-04,13:52:26.030,-0.16,-0.01,0.90,-60,0,100,14,0,5,50,-52,100,14,"AIR",53.760018 -1.543404,40.8,323.00,16,16,10.5,4.3,1801,25,-0.6,2,-34,309,-2,12,-1024,-93,-1024,1024,1,1,-1,-1,-1,1,-1,-1,-1,0x0000000000000000,1499,1485,1654,1500,2012,1501,2012,988,1500,1500,1500,1500,1500,1500,1500,1500,1500,1500,1500,1500,1500,1500,1500,1500,1500,1500,1500,1500,1500,1500,1500,1500,7.9
2026-05-04,13:52:26.530,-0.16,-0.01,0.90,-60,0,100,14,0,5,50,-55,100,14,"AIR",53.760018 -1.543404,40.8,323.00,16,16,10.5,4.3,1801,25,-0.6,3,-604,266,5,12,-1024,-93,-1024,1024,1,1,-1,-1,-1,1,-1,-1,-1,0x0000000000000000,1502,1218,1633,1501,2012,1498,2012,988,1500,1500,1500,1500,1500,1500,1500,1500,1500,1500,1500,1500,1500,1500,1500,1500,1500,1500,1500,1500,1500,1500,1500,1500,7.9
2026-05-04,13:52:27.030,-0.06,0.07,-1.56,-63,0,100,14,0,5,50,-61,100,13,"AIR",53.760018 -1.543404,40.8,323.00,16,16,10.5,4.3,1801,25,-0.6,0,-56,186,-565,13,-1024,-93,-1024,1024,1,1,-1,-1,-1,1,-1,-1,-1,0x0000000000000000,1238,1475,1593,1500,2012,1762,2012,988,1500,1500,1500,1500,1500,1500,1500,1500,1500,1500,1500,1500,1500,1500,1500,1500,1500,1500,1500,1500,1500,1500,1500,1500,7.9
2026-05-04,13:52:27.530,-0.06,0.07,-1.56,-66,0,100,13,0,5,50,-60,100,15,"AIR",53.760018 -1.543404,40.8,323.00,16,16,10.5,4.3,1801,25,-0.6,-154,-3,-49,-300,13,-1024,-93,-1024,1024,1,1,-1,-1,-1,1,-1,-1,-1,0x0000000000000000,1364,1499,1476,1446,2012,1636,2012,988,1500,1500,1500,1500,1500,1500,1500,1500,1500,1500,1500,1500,1500,1500,1500,1500,1500,1500,1500,1500,1500,1500,1500,1500,7.9
2026-05-04,13:52:28.030,-0.06,0.07,-1.56,-80,0,97,11,0,5,50,-71,100,13,"AIR",53.760018 -1.543404,40.8,323.00,16,16,10.5,4.3,1801,25,-0.6,-46,-6,0,-352,13,-1024,-93,-1024,1024,1,1,-1,-1,-1,1,-1,-1,-1,0x0000000000000000,1340,1498,1500,1484,2012,1660,2012,988,1500,1500,1500,1500,1500,1500,1500,1500,1500,1500,1500,1500,1500,1500,1500,1500,1500,1500,1500,1500,1500,1500,1500,1500,7.9
2026-05-04,13:52:28.530,-0.06,0.07,-1.56,-77,0,97,13,0,5,50,-65,100,13,"AIR",53.760018 -1.543404,40.8,323.00,16,16,10.5,4.3,1801,25,-0.1,-1,-305,170,264,12,-1024,-93,-1024,1024,1,1,-1,-1,-1,1,-1,-1,-1,0x0000000000000000,1619,1362,1585,1500,2012,1381,2012,988,1500,1500,1500,1500,1500,1500,1500,1500,1500,1500,1500,1500,1500,1500,1500,1500,1500,1500,1500,1500,1500,1500,1500,1500,7.9
2026-05-04,13:52:29.030,-0.06,0.07,-1.56,-67,0,100,13,0,5,50,-57,100,14,"AIR",53.760018 -1.543404,40.8,323.00,16,16,10.5,4.3,1801,25,-0.1,-30,-119,415,199,12,-1024,-93,-1024,1024,1,1,-1,-1,-1,1,-1,-1,-1,0x0000000000000000,1590,1447,1707,1490,2012,1410,2012,988,1500,1500,1500,1500,1500,1500,1500,1500,1500,1500,1500,1500,1500,1500,1500,1500,1500,1500,1500,1500,1500,1500,1500,1500,7.9
2026-05-04,13:52:29.530,-0.06,0.07,-1.56,-64,0,100,14,0,5,50,-60,100,15,"AIR",53.760018 -1.543404,40.8,323.00,16,16,10.5,4.3,1801,25,-0.1,-2,-92,600,311,12,-1024,-93,-1024,1024,1,1,-1,-1,-1,1,-1,-1,-1,0x0000000000000000,1641,1459,1800,1500,2012,1359,2012,988,1500,1500,1500,1500,1500,1500,1500,1500,1500,1500,1500,1500,1500,1500,1500,1500,1500,1500,1500,1500,1500,1500,1500,1500,7.9
2026-05-04,13:52:30.030,-0.06,0.07,-1.56,-71,0,100,13,0,5,50,-65,100,13,"AIR",53.760018 -1.543404,40.8,323.00,16,16,10.5,4.3,1801,25,-0.1,-45,-1,497,2,12,-1024,-93,-1024,1024,1,1,-1,-1,-1,1,-1,-1,-1,0x0000000000000000,1501,1500,1748,1485,2012,1499,2012,988,1500,1500,1500,1500,1500,1500,1500,1500,1500,1500,1500,1500,1500,1500,1500,1500,1500,1500,1500,1500,1500,1500,1500,1500,7.9
2026-05-04,13:52:30.530,-0.06,0.07,-1.56,-75,0,99,13,0,5,50,-62,100,14,"AIR",53.760091 -1.544222,37.0,274.40,14,15,10.5,4.3,1801,25,-0.1,-63,0,458,-1,12,-1024,-93,-1024,1024,1,1,-1,-1,-1,1,-1,-1,-1,0x0000000000000000,1500,1500,1729,1478,2012,1500,2012,988,1500,1500,1500,1500,1500,1500,1500,1500,1500,1500,1500,1500,1500,1500,1500,1500,1500,1500,1500,1500,1500,1500,1500,1500,7.9
2026-05-04,13:52:31.030,-0.06,0.07,-1.56,-74,0,99,13,0,5,50,-64,100,13,"AIR",53.760091 -1.544222,37.0,274.40,14,15,10.5,4.3,1801,25,-0.1,-66,122,439,-328,13,-1024,-93,-1024,1024,1,1,-1,-1,-1,1,-1,-1,-1,0x0000000000000000,1351,1555,1719,1477,2012,1649,2012,988,1500,1500,1500,1500,1500,1500,1500,1500,1500,1500,1500,1500,1500,1500,1500,1500,1500,1500,1500,1500,1500,1500,1500,1500,7.9
2026-05-04,13:52:31.530,-0.06,0.07,-1.56,-78,0,98,13,0,5,50,-77,100,13,"AIR",53.760091 -1.544222,37.0,274.40,14,15,10.5,5.8,1808,22,-0.1,-50,40,371,-624,13,-1024,-93,-1024,1024,1,1,-1,-1,-1,1,-1,-1,-1,0x0000000000000000,1208,1518,1685,1483,2012,1792,2012,988,1500,1500,1500,1500,1500,1500,1500,1500,1500,1500,1500,1500,1500,1500,1500,1500,1500,1500,1500,1500,1500,1500,1500,1500,7.9
2026-05-04,13:52:32.030,-0.06,0.07,-1.56,-86,0,95,10,0,5,50,-81,100,12,"AIR",53.760091 -1.544222,37.0,274.40,14,15,10.5,5.8,1808,22,-0.1,-33,5,368,-4,12,-1024,-93,-1024,1024,1,1,-1,-1,-1,1,-1,-1,-1,0x0000000000000000,1498,1502,1684,1489,2012,1502,2012,988,1500,1500,1500,1500,1500,1500,1500,1500,1500,1500,1500,1500,1500,1500,1500,1500,1500,1500,1500,1500,1500,1500,1500,1500,7.9
2026-05-04,13:52:32.530,-0.24,-0.21,-1.74,-91,0,93,8,0,5,50,-83,100,9,"AIR",53.760091 -1.544222,37.0,274.40,14,15,10.5,5.8,1808,22,-0.1,1,4,348,455,12,-1024,-93,-1024,1024,1,1,-1,-1,-1,1,-1,-1,-1,0x0000000000000000,1709,1502,1674,1500,2012,1291,2012,988,1500,1500,1500,1500,1500,1500,1500,1500,1500,1500,1500,1500,1500,1500,1500,1500,1500,1500,1500,1500,1500,1500,1500,1500,7.9
2026-05-04,13:52:33.030,-0.24,-0.21,-1.74,-87,0,97,8,0,5,50,-61,100,14,"AIR",53.760091 -1.544222,37.0,274.40,14,15,10.5,5.8,1808,22,-0.1,2,2,388,777,12,-1024,-93,-1024,1024,1,1,-1,-1,-1,1,-1,-1,-1,0x0000000000000000,1872,1501,1694,1500,2012,1128,2012,988,1500,1500,1500,1500,1500,1500,1500,1500,1500,1500,1500,1500,1500,1500,1500,1500,1500,1500,1500,1500,1500,1500,1500,1500,7.9
2026-05-04,13:52:33.530,-0.24,-0.21,-1.74,-70,0,100,13,0,5,50,-52,100,14,"AIR",53.760091 -1.544222,37.0,274.40,14,15,10.5,5.8,1808,22,-0.1,1,-3,430,-1,12,-1024,-93,-1024,1024,1,1,-1,-1,-1,1,-1,-1,-1,0x0000000000000000,1500,1499,1715,1500,2012,1500,2012,988,1500,1500,1500,1500,1500,1500,1500,1500,1500,1500,1500,1500,1500,1500,1500,1500,1500,1500,1500,1500,1500,1500,1500,1500,7.9
2026-05-04,13:52:34.030,-0.24,-0.21,-1.74,-63,0,100,14,0,5,50,-58,100,14,"AIR",53.760091 -1.544222,37.0,274.40,14,15,10.5,5.8,1808,22,-0.1,3,-1,454,-129,12,-1024,-93,-1024,1024,1,1,-1,-1,-1,1,-1,-1,-1,0x0000000000000000,1442,1500,1727,1501,2012,1558,2012,988,1500,1500,1500,1500,1500,1500,1500,1500,1500,1500,1500,1500,1500,1500,1500,1500,1500,1500,1500,1500,1500,1500,1500,1500,7.9
2026-05-04,13:52:34.530,-0.24,-0.21,-1.74,-66,0,99,14,0,5,50,-61,100,14,"AIR",53.760091 -1.544222,37.0,274.40,14,15,10.5,5.8,1808,22,0.5,-26,50,280,-558,13,-1024,-93,-1024,1024,1,1,-1,-1,-1,1,-1,-1,-1,0x0000000000000000,1241,1522,1640,1491,2012,1759,2012,988,1500,1500,1500,1500,1500,1500,1500,1500,1500,1500,1500,1500,1500,1500,1500,1500,1500,1500,1500,1500,1500,1500,1500,1500,7.9
2026-05-04,13:52:35.030,-0.24,-0.21,-1.74,-77,0,98,13,0,5,50,-79,100,10,"AIR",53.760091 -1.544222,37.0,274.40,14,15,10.5,5.8,1808,22,0.5,-316,1,250,-195,13,-1024,-93,-1024,1024,1,1,-1,-1,-1,1,-1,-1,-1,0x0000000000000000,1412,1500,1625,1385,2012,1588,2012,988,1500,1500,1500,1500,1500,1500,1500,1500,1500,1500,1500,1500,1500,1500,1500,1500,1500,1500,1500,1500,1500,1500,1500,1500,7.9
2026-05-04,13:52:35.530,-0.24,-0.21,-1.74,-85,0,100,10,0,5,50,-79,100,10,"AIR",53.760091 -1.544222,37.0,274.40,14,15,10.5,5.8,1808,22,0.5,-396,-150,309,-8,12,-1024,-93,-1024,1024,1,1,-1,-1,-1,1,-1,-1,-1,0x0000000000000000,1497,1433,1654,1352,2012,1503,2012,988,1500,1500,1500,1500,1500,1500,1500,1500,1500,1500,1500,1500,1500,1500,1500,1500,1500,1500,1500,1500,1500,1500,1500,1500,7.9
2026-05-04,13:52:36.030,-0.24,-0.21,-1.74,-81,0,100,11,0,5,50,-76,100,11,"AIR",53.759880 -1.545049,43.1,233.00,17,16,10.5,5.8,1808,22,0.5,-1,-146,350,667,12,-1024,-93,-1024,1024,1,1,-1,-1,-1,1,-1,-1,-1,0x0000000000000000,1813,1435,1674,1500,2012,1187,2012,988,1500,1500,1500,1500,1500,1500,1500,1500,1500,1500,1500,1500,1500,1500,1500,1500,1500,1500,1500,1500,1500,1500,1500,1500,7.9
2026-05-04,13:52:36.530,-0.24,-0.21,-1.74,-76,0,98,13,0,5,50,-72,100,13,"AIR",53.759880 -1.545049,43.1,233.00,17,16,10.5,5.8,1808,22,0.5,-94,-356,354,-5,12,-1024,-93,-1024,1024,1,1,-1,-1,-1,1,-1,-1,-1,0x0000000000000000,1498,1338,1677,1467,2012,1502,2012,988,1500,1500,1500,1500,1500,1500,1500,1500,1500,1500,1500,1500,1500,1500,1500,1500,1500,1500,1500,1500,1500,1500,1500,1500,7.9
2026-05-04,13:52:37.030,-0.24,-0.21,-1.74,-71,0,100,13,0,5,50,-58,100,14,"AIR",53.759880 -1.545049,43.1,233.00,17,16,10.5,4.1,1815,24,0.5,-434,-312,316,-184,13,-1024,-93,-1024,1024,1,1,-1,-1,-1,1,-1,-1,-1,0x0000000000000000,1417,1359,1658,1337,2012,1583,2012,988,1500,1500,1500,1500,1500,1500,1500,1500,1500,1500,1500,1500,1500,1500,1500,1500,1500,1500,1500,1500,1500,1500,1500,1500,7.9
2026-05-04,13:52:37.530,-0.24,-0.21,-1.74,-64,0,100,14,0,5,50,-55,100,13,"AIR",53.759880 -1.545049,43.1,233.00,17,16,10.5,4.1,1815,24,0.5,-280,-528,313,1,12,-1024,-93,-1024,1024,1,1,-1,-1,-1,1,-1,-1,-1,0x0000000000000000,1500,1256,1656,1399,2012,1500,2012,988,1500,1500,1500,1500,1500,1500,1500,1500,1500,1500,1500,1500,1500,1500,1500,1500,1500,1500,1500,1500,1500,1500,1500,1500,7.9
2026-05-04,13:52:38.030,0.00,-0.29,-2.65,-64,0,100,14,0,5,50,-59,100,13,"AIR",53.759880 -1.545049,43.1,233.00,17,16,10.5,4.1,1815,24,0.5,0,-261,275,187,12,-1024,-93,-1024,1024,1,1,-1,-1,-1,1,-1,-1,-1,0x0000000000000000,1584,1382,1637,1500,2012,1416,2012,988,1500,1500,1500,1500,1500,1500,1500,1500,1500,1500,1500,1500,1500,1500,1500,1500,1500,1500,1500,1500,1500,1500,1500,1500,7.9
2026-05-04,13:52:38.530,0.00,-0.29,-2.65,-64,0,100,14,0,5,50,-54,100,15,"AIR",53.759880 -1.545049,43.1,233.00,17,16,10.5,4.1,1815,24,0.5,2,-56,278,0,12,-1024,-93,-1024,1024,1,1,-1,-1,-1,1,-1,-1,-1,0x0000000000000000,1500,1475,1639,1500,2012,1500,2012,988,1500,1500,1500,1500,1500,1500,1500,1500,1500,1500,1500,1500,1500,1500,1500,1500,1500,1500,1500,1500,1500,1500,1500,1500,7.9
2026-05-04,13:52:39.030,0.00,-0.29,-2.65,-62,0,100,14,0,5,50,-51,100,13,"AIR",53.759880 -1.545049,43.1,233.00,17,16,10.5,4.1,1815,24,0.5,2,-13,238,405,12,-1024,-93,-1024,1024,1,1,-1,-1,-1,1,-1,-1,-1,0x0000000000000000,1685,1494,1619,1500,2012,1315,2012,988,1500,1500,1500,1500,1500,1500,1500,1500,1500,1500,1500,1500,1500,1500,1500,1500,1500,1500,1500,1500,1500,1500,1500,1500,7.9
2026-05-04,13:52:39.530,0.00,-0.29,-2.65,-58,0,100,14,0,5,50,-50,100,14,"AIR",53.759880 -1.545049,43.1,233.00,17,16,10.5,4.1,1815,24,0.5,2,-22,140,125,12,-1024,-93,-1024,1024,1,1,-1,-1,-1,1,-1,-1,-1,0x0000000000000000,1556,1490,1570,1500,2012,1444,2012,988,1500,1500,1500,1500,1500,1500,1500,1500,1500,1500,1500,1500,1500,1500,1500,1500,1500,1500,1500,1500,1500,1500,1500,1500,7.9
2026-05-04,13:52:40.030,0.00,-0.29,-2.65,-56,0,100,14,0,5,50,-49,100,15,"AIR",53.759880 -1.545049,43.1,233.00,17,16,10.5,4.1,1815,24,0.4,-120,2,-103,-483,13,-1024,-93,-1024,1024,1,1,-1,-1,-1,1,-1,-1,-1,0x0000000000000000,1278,1501,1449,1458,2012,1722,2012,988,1500,1500,1500,1500,1500,1500,1500,1500,1500,1500,1500,1500,1500,1500,1500,1500,1500,1500,1500,1500,1500,1500,1500,1500,7.9
2026-05-04,13:52:40.530,0.00,-0.29,-2.65,-56,0,100,14,0,5,50,-49,100,14,"AIR",53.759880 -1.545049,43.1,233.00,17,16,10.5,4.1,1815,24,0.4,0,1,-264,-281,13,-1024,-93,-1024,1024,1,1,-1,-1,-1,1,-1,-1,-1,0x0000000000000000,1373,1500,1368,1500,2012,1627,2012,988,1500,1500,1500,1500,1500,1500,1500,1500,1500,1500,1500,1500,1500,1500,1500,1500,1500,1500,1500,1500,1500,1500,1500,1500,7.9
2026-05-04,13:52:41.030,0.00,-0.29,-2.65,-60,0,99,14,0,5,50,-53,100,15,"AIR",53.759880 -1.545049,43.1,233.00,17,16,10.5,4.1,1815,24,0.4,-312,-2,-513,-134,12,-1024,-93,-1024,1024,1,1,-1,-1,-1,1,-1,-1,-1,0x0000000000000000,1440,1499,1244,1387,2012,1560,2012,988,1500,1500,1500,1500,1500,1500,1500,1500,1500,1500,1500,1500,1500,1500,1500,1500,1500,1500,1500,1500,1500,1500,1500,1500,7.9
2026-05-04,13:52:41.530,0.00,-0.29,-2.65,-62,0,98,13,0,5,50,-52,100,14,"AIR",53.759390 -1.545467,48.1,145.40,12,15,10.5,4.1,1815,24,0.4,-407,-447,-509,-5,12,-1024,-93,-1024,1024,1,1,-1,-1,-1,1,-1,-1,-1,0x0000000000000000,1498,1295,1246,1348,2012,1502,2012,988,1500,1500,1500,1500,1500,1500,1500,1500,1500,1500,1500,1500,1500,1500,1500,1500,1500,1500,1500,1500,1500,1500,1500,1500,7.9
2026-05-04,13:52:42.030,0.00,-0.29,-2.65,-60,0,98,14,0,5,50,-49,100,13,"AIR",53.759390 -1.545467,48.1,145.40,12,15,10.5,4.1,1815,24,0.4,-64,-909,-212,-1,12,-1024,-93,-1024,1024,1,1,-1,-1,-1,1,-1,-1,-1,0x0000000000000000,1500,1056,1394,1478,2012,1500,2012,988,1500,1500,1500,1500,1500,1500,1500,1500,1500,1500,1500,1500,1500,1500,1500,1500,1500,1500,1500,1500,1500,1500,1500,1500,7.9
2026-05-04,13:52:42.530,0.00,-0.29,-2.65,-55,0,100,14,0,5,50,-49,100,15,"AIR",53.759390 -1.545467,48.1,145.40,12,15,10.5,4.1,1815,24,0.4,1,-358,-94,-164,12,-1024,-93,-1024,1024,1,1,-1,-1,-1,1,-1,-1,-1,0x0000000000000000,1426,1337,1453,1500,2012,1574,2012,988,1500,1500,1500,1500,1500,1500,1500,1500,1500,1500,1500,1500,1500,1500,1500,1500,1500,1500,1500,1500,1500,1500,1500,1500,7.9
2026-05-04,13:52:43.030,0.00,-0.29,-2.65,-59,0,100,14,0,5,50,-54,100,15,"AIR",53.759390 -1.545467,48.1,145.40,12,15,10.6,1.3,1821,29,0.4,0,-2,-411,-56,12,-1024,-93,-1024,1024,1,1,-1,-1,-1,1,-1,-1,-1,0x0000000000000000,1475,1499,1295,1500,2012,1525,2012,988,1500,1500,1500,1500,1500,1500,1500,1500,1500,1500,1500,1500,1500,1500,1500,1500,1500,1500,1500,1500,1500,1500,1500,1500,7.9
2026-05-04,13:52:43.530,-0.16,-0.66,1.51,-60,0,100,14,0,5,50,-52,100,15,"AIR",53.759390 -1.545467,48.1,145.40,12,15,10.6,1.3,1821,29,0.4,3,-55,-371,-518,13,-1024,-93,-1024,1024,1,1,-1,-1,-1,1,-1,-1,-1,0x0000000000000000,1261,1476,1315,1501,2012,1739,2012,988,1500,1500,1500,1500,1500,1500,1500,1500,1500,1500,1500,1500,1500,1500,1500,1500,1500,1500,1500,1500,1500,1500,1500,1500,7.9
2026-05-04,13:52:44.030,-0.16,-0.66,1.51,-60,0,99,13,0,5,50,-52,100,14,"AIR",53.759390 -1.545467,48.1,145.40,12,15,10.6,1.3,1821,29,0.4,2,-393,-407,77,12,-1024,-93,-1024,1024,1,1,-1,-1,-1,1,-1,-1,-1,0x0000000000000000,1540,1316,1297,1501,2012,1460,2012,988,1500,1500,1500,1500,1500,1500,1500,1500,1500,1500,1500,1500,1500,1500,1500,1500,1500,1500,1500,1500,1500,1500,1500,1500,7.9
2026-05-04,13:52:44.530,-0.16,-0.66,1.51,-60,0,100,14,0,5,50,-53,100,14,"AIR",53.759390 -1.545467,48.1,145.40,12,15,10.6,1.3,1821,29,0.4,4,-258,-822,386,12,-1024,-93,-1024,1024,1,1,-1,-1,-1,1,-1,-1,-1,0x0000000000000000,1676,1384,1089,1501,2012,1324,2012,988,1500,1500,1500,1500,1500,1500,1500,1500,1500,1500,1500,1500,1500,1500,1500,1500,1500,1500,1500,1500,1500,1500,1500,1500,7.9
2026-05-04,13:52:45.030,-0.16,-0.66,1.51,-65,0,98,14,0,5,50,-61,100,14,"AIR",53.759390 -1.545467,48.1,145.40,12,15,10.6,1.3,1821,29,0.4,2,-127,-1024,108,12,-1024,-93,-1024,1024,1,1,-1,-1,-1,1,-1,-1,-1,0x0000000000000000,1548,1443,988,1500,2012,1452,2012,988,1500,1500,1500,1500,1500,1500,1500,1500,1500,1500,1500,1500,1500,1500,1500,1500,1500,1500,1500,1500,1500,1500,1500,1500,7.9
2026-05-04,13:52:45.530,-0.16,-0.66,1.51,-71,0,99,14,0,5,50,-67,100,15,"AIR",53.759390 -1.545467,48.1,145.40,12,15,10.6,1.3,1821,29,-2.1,3,-431,-1024,0,12,-1024,-93,-1024,1024,1,1,-1,-1,-1,1,-1,-1,-1,0x0000000000000000,1500,1303,988,1501,2012,1500,2012,988,1500,1500,1500,1500,1500,1500,1500,1500,1500,1500,1500,1500,1500,1500,1500,1500,1500,1500,1500,1500,1500,1500,1500,1500,7.9
2026-05-04,13:52:46.030,-0.16,-0.66,1.51,-71,0,99,14,0,5,50,-61,100,14,"AIR",53.759390 -1.545467,48.1,145.40,12,15,10.6,1.3,1821,29,-2.1,2,-5,-1024,-106,13,-1024,-93,-1024,1024,1,1,-1,-1,-1,1,-1,-1,-1,0x0000000000000000,1446,1498,988,1500,2012,1554,2012,988,1500,1500,1500,1500,1500,1500,1500,1500,1500,1500,1500,1500,1500,1500,1500,1500,1500,1500,1500,1500,1500,1500,1500,1500,7.9
2026-05-04,13:52:46.530,-0.16,-0.66,1.51,-66,0,100,14,0,5,50,-56,100,14,"AIR",53.759390 -1.545467,48.1,145.40,12,15,10.6,1.3,1821,29,-2.1,2,-236,-1024,-672,13,-1024,-93,-1024,1024,1,1,-1,-1,-1,1,-1,-1,-1,0x0000000000000000,1184,1394,988,1500,2012,1816,2012,988,1500,1500,1500,1500,1500,1500,1500,1500,1500,1500,1500,1500,1500,1500,1500,1500,1500,1500,1500,1500,1500,1500,1500,1500,7.9
2026-05-04,13:52:47.030,-0.16,-0.66,1.51,-64,0,99,14,0,5,50,-54,100,14,"AIR",53.759301 -1.544697,43.4,44.60,4,14,10.6,1.3,1821,29,-2.1,-465,-420,-1024,58,12,-1024,-93,-1024,1024,1,1,-1,-1,-1,1,-1,-1,-1,0x0000000000000000,1526,1308,988,1323,2012,1474,2012,988,1500,1500,1500,1500,1500,1500,1500,1500,1500,1500,1500,1500,1500,1500,1500,1500,1500,1500,1500,1500,1500,1500,1500,1500,7.9
2026-05-04,13:52:47.530,-0.16,-0.66,1.51,-62,0,100,14,0,5,50,-50,100,13,"AIR",53.759301 -1.544697,43.4,44.60,4,14,10.6,1.3,1821,29,-2.1,4,-404,-1024,377,12,-1024,-93,-1024,1024,1,1,-1,-1,-1,1,-1,-1,-1,0x0000000000000000,1672,1316,988,1501,2012,1328,2012,988,1500,1500,1500,1500,1500,1500,1500,1500,1500,1500,1500,1500,1500,1500,1500,1500,1500,1500,1500,1500,1500,1500,1500,1500,7.9
2026-05-04,13:52:48.030,-0.16,-0.66,1.51,-60,0,100,13,0,5,50,-63,100,13,"AIR",53.759301 -1.544697,43.4,44.60,4,14,10.6,1.3,1821,29,-2.1,4,-132,-1024,469,12,-1024,-93,-1024,1024,1,1,-1,-1,-1,1,-1,-1,-1,0x0000000000000000,1715,1426,988,1501,2012,1285,2012,988,1500,1500,1500,1500,1500,1500,1500,1500,1500,1500,1500,1500,1500,1500,1500,1500,1500,1500,1500,1500,1500,1500,1500,1500,7.9
2026-05-04,13:52:48.530,-0.16,-0.66,1.51,-59,0,100,14,0,5,50,-45,100,14,"AIR",53.759301 -1.544697,43.4,44.60,4,14,10.7,0.5,1823,31,-2.1,3,-492,-1016,-4,12,-1024,-93,-1024,1024,1,1,-1,-1,-1,1,-1,-1,-1,0x0000000000000000,1498,1273,992,1501,2012,1502,2012,988,1500,1500,1500,1500,1500,1500,1500,1500,1500,1500,1500,1500,1500,1500,1500,1500,1500,1500,1500,1500,1500,1500,1500,1500,7.9
2026-05-04,13:52:49.030,-0.07,0.01,0.70,-50,0,100,13,0,5,50,-39,100,14,"AIR",53.759301 -1.544697,43.4,44.60,4,14,10.7,0.5,1823,31,-2.1,2,-222,-1016,-1,12,-1024,-93,-1024,1024,1,1,-1,-1,-1,1,-1,-1,-1,0x0000000000000000,1500,1400,992,1500,2012,1500,2012,988,1500,1500,1500,1500,1500,1500,1500,1500,1500,1500,1500,1500,1500,1500,1500,1500,1500,1500,1500,1500,1500,1500,1500,1500,7.9
2026-05-04,13:52:49.530,-0.07,0.01,0.70,-47,0,100,14,0,5,50,-35,100,15,"AIR",53.759301 -1.544697,43.4,44.60,4,14,10.7,0.5,1823,31,-2.1,2,1,-1016,-2,13,-1024,-93,-1024,1024,1,1,-1,-1,-1,1,-1,-1,-1,0x0000000000000000,1499,1500,992,1500,2012,1501,2012,988,1500,1500,1500,1500,1500,1500,1500,1500,1500,1500,1500,1500,1500,1500,1500,1500,1500,1500,1500,1500,1500,1500,1500,1500,7.9
2026-05-04,13:52:50.030,-0.07,0.01,0.70,-45,0,100,14,0,5,50,-39,100,15,"AIR",53.759301 -1.544697,43.4,44.60,4,14,10.7,0.5,1823,31,-2.1,2,2,-1017,-2,12,-1024,-93,-1024,1024,1,1,-1,-1,-1,1,-1,-1,-1,0x0000000000000000,1499,1501,991,1500,2012,1501,2012,988,1500,1500,1500,1500,1500,1500,1500,1500,1500,1500,1500,1500,1500,1500,1500,1500,1500,1500,1500,1500,1500,1500,1500,1500,7.9
2026-05-04,13:52:50.530,-0.07,0.01,0.70,-47,0,100,14,0,5,50,-44,100,15,"AIR",53.759301 -1.544697,43.4,44.60,4,14,10.7,0.5,1823,31,-2.1,3,1,-1008,0,12,-1024,-93,-1024,1024,1,1,-1,-1,-1,1,-1,-1,-1,0x0000000000000000,1500,1500,996,1501,2012,1500,2012,988,1500,1500,1500,1500,1500,1500,1500,1500,1500,1500,1500,1500,1500,1500,1500,1500,1500,1500,1500,1500,1500,1500,1500,1500,7.9
2026-05-04,13:52:51.030,-0.07,0.01,0.70,-58,0,100,14,0,5,50,-53,100,15,"AIR",53.759301 -1.544697,43.4,44.60,4,14,10.7,0.5,1823,31,-0.4,-72,-1,-972,2,12,-1024,-93,-1024,1024,1,1,-1,-1,-1,1,-1,-1,-1,0x0000000000000000,1501,1500,1014,1475,2012,1499,2012,988,1500,1500,1500,1500,1500,1500,1500,1500,1500,1500,1500,1500,1500,1500,1500,1500,1500,1500,1500,1500,1500,1500,1500,1500,7.9
2026-05-04,13:52:51.530,-0.07,0.01,0.70,-69,0,100,14,0,5,50,-53,100,15,"AIR",53.759301 -1.544697,43.4,44.60,4,14,10.7,0.5,1823,31,-0.4,-225,-2,-948,3,12,-1024,-93,-1024,1024,1,1,-1,-1,-1,1,-1,-1,-1,0x0000000000000000,1501,1499,1026,1420,2012,1499,2012,988,1500,1500,1500,1500,1500,1500,1500,1500,1500,1500,1500,1500,1500,1500,1500,1500,1500,1500,1500,1500,1500,1500,1500,1500,7.9
2026-05-04,13:52:52.030,-0.07,0.01,0.70,-70,0,100,13,0,5,50,-75,100,13,"AIR",53.759301 -1.544697,43.4,44.60,4,14,10.7,0.5,1823,31,-0.4,-423,-3,-882,3,12,-1024,-93,-1024,1024,1,1,-1,-1,-1,1,-1,-1,-1,0x0000000000000000,1501,1499,1059,1342,2012,1499,2012,988,1500,1500,1500,1500,1500,1500,1500,1500,1500,1500,1500,1500,1500,1500,1500,1500,1500,1500,1500,1500,1500,1500,1500,1500,7.9
2026-05-04,13:52:52.530,-0.07,0.01,0.70,-76,0,99,13,0,5,50,-71,100,13,"AIR",53.759627 -1.544048,25.1,58.50,-1,14,10.7,0.5,1823,31,-0.4,-1024,-4,93,2,12,-1024,-93,-1024,1024,1,1,-1,-1,-1,1,-1,-1,-1,0x0000000000000000,1501,1498,1546,988,2012,1499,2012,988,1500,1500,1500,1500,1500,1500,1500,1500,1500,1500,1500,1500,1500,1500,1500,1500,1500,1500,1500,1500,1500,1500,1500,1500,7.9
2026-05-04,13:52:53.030,-0.07,0.01,0.70,-72,0,99,13,0,5,50,-59,100,13,"AIR",53.759627 -1.544048,25.1,58.50,-1,14,10.7,0.5,1823,31,-0.4,-841,-3,110,5,13,-1024,-93,-1024,1024,1,1,-1,-1,-1,1,-1,-1,-1,0x0000000000000000,1502,1499,1555,1121,2012,1498,2012,988,1500,1500,1500,1500,1500,1500,1500,1500,1500,1500,1500,1500,1500,1500,1500,1500,1500,1500,1500,1500,1500,1500,1500,1500,7.9
2026-05-04,13:52:53.530,-0.07,0.01,0.70,-69,0,100,13,0,5,50,-64,100,15,"AIR",53.759627 -1.544048,25.1,58.50,-1,14,10.7,0.5,1823,31,-0.4,0,-3,-42,3,13,-1024,-93,-1024,1024,1,1,-1,-1,-1,1,-1,-1,-1,0x0000000000000000,1501,1499,1479,1500,2012,1499,2012,988,1500,1500,1500,1500,1500,1500,1500,1500,1500,1500,1500,1500,1500,1500,1500,1500,1500,1500,1500,1500,1500,1500,1500,1500,7.9
2026-05-04,13:52:54.030,-0.07,0.01,0.70,-69,0,100,13,0,5,50,-63,100,14,"AIR",53.759627 -1.544048,25.1,58.50,-1,14,10.7,1.5,1823,30,-0.4,-337,-52,53,15,13,-1024,-93,-1024,1024,1,1,-1,-1,-1,1,-1,-1,-1,0x0000000000000000,1506,1477,1527,1377,2012,1488,2012,988,1500,1500,1500,1500,1500,1500,1500,1500,1500,1500,1500,1500,1500,1500,1500,1500,1500,1500,1500,1500,1500,1500,1500,1500,7.9
2026-05-04,13:52:54.530,-0.23,-0.05,-2.13,-68,0,100,14,0,5,50,-56,100,15,"AIR",53.759627 -1.544048,25.1,58.50,-1,14,10.7,1.5,1823,30,-0.4,-918,1,953,0,13,-1024,-93,-1024,1024,1,1,-1,-1,-1,1,-1,-1,-1,0x0000000000000000,1500,1500,1976,1068,2012,1500,2012,988,1500,1500,1500,1500,1500,1500,1500,1500,1500,1500,1500,1500,1500,1500,1500,1500,1500,1500,1500,1500,1500,1500,1500,1500,7.9
2026-05-04,13:52:55.030,-0.23,-0.05,-2.13,-66,0,100,14,0,5,50,-53,100,14,"AIR",53.759627 -1.544048,25.1,58.50,-1,14,10.7,1.5,1823,30,-0.4,-233,2,988,0,12,-1024,-93,-1024,1024,1,1,-1,-1,-1,1,-1,-1,-1,0x0000000000000000,1500,1501,1994,1417,2012,1500,2012,988,1500,1500,1500,1500,1500,1500,1500,1500,1500,1500,1500,1500,1500,1500,1500,1500,1500,1500,1500,1500,1500,1500,1500,1500,7.9
2026-05-04,13:52:55.530,-0.23,-0.05,-2.13,-61,0,100,13,0,5,50,-51,100,14,"AIR",53.759627 -1.544048,25.1,58.50,-1,14,10.7,1.5,1823,30,-0.4,1023,-1,71,1,12,-1024,-93,-1024,1024,1,1,-1,-1,-1,1,-1,-1,-1,0x0000000000000000,1500,1500,1535,2011,2012,1500,2012,988,1500,1500,1500,1500,1500,1500,1500,1500,1500,1500,1500,1500,1500,1500,1500,1500,1500,1500,1500,1500,1500,1500,1500,1500,7.9
2026-05-04,13:52:56.030,-0.23,-0.05,-2.13,-61,0,99,14,0,5,50,-47,100,13,"AIR",53.759627 -1.544048,25.1,58.50,-1,14,10.7,1.5,1823,30,-0.4,0,-1,-1024,2,12,-1024,-93,-1024,1024,1,1,-1,-1,-1,1,-1,-1,-1,0x0000000000000000,1501,1500,988,1500,2012,1499,2012,988,1500,1500,1500,1500,1500,1500,1500,1500,1500,1500,1500,1500,1500,1500,1500,1500,1500,1500,1500,1500,1500,1500,1500,1500,7.9
2026-05-04,13:52:56.530,-0.23,-0.05,-2.13,-50,0,100,14,0,5,50,-39,100,14,"AIR",53.759627 -1.544048,25.1,58.50,-1,14,10.7,1.5,1823,30,-0.1,-890,-2,-522,3,12,-1024,-93,-1024,1024,1,1,-1,-1,-1,1,-1,-1,-1,0x0000000000000000,1501,1499,1239,1088,2012,1499,2012,988,1500,1500,1500,1500,1500,1500,1500,1500,1500,1500,1500,1500,1500,1500,1500,1500,1500,1500,1500,1500,1500,1500,1500,1500,7.9
2026-05-04,13:52:57.030,-0.23,-0.05,-2.13,-45,0,100,14,0,5,50,-33,100,14,"AIR",53.759627 -1.544048,25.1,58.50,-1,14,10.7,1.5,1823,30,-0.1,-331,-1,30,1,12,-1024,-93,-1024,1024,1,1,-1,-1,-1,1,-1,-1,-1,0x0000000000000000,1500,1500,1515,1379,2012,1500,2012,988,1500,1500,1500,1500,1500,1500,1500,1500,1500,1500,1500,1500,1500,1500,1500,1500,1500,1500,1500,1500,1500,1500,1500,1500,7.9
2026-05-04,13:52:57.530,-0.23,-0.05,-2.13,-43,0,100,14,0,5,50,-34,100,14,"AIR",53.759627 -1.544048,25.1,58.50,-1,14,10.7,1.5,1823,30,-0.1,6,0,685,1,12,-1024,-93,-1024,1024,1,1,-1,-1,-1,1,-1,-1,-1,0x0000000000000000,1500,1500,1842,1502,2012,1500,2012,988,1500,1500,1500,1500,1500,1500,1500,1500,1500,1500,1500,1500,1500,1500,1500,1500,1500,1500,1500,1500,1500,1500,1500,1500,7.9
2026-05-04,13:52:58.030,-0.23,-0.05,-2.13,-44,0,100,14,0,5,50,-36,100,13,"AIR",53.759646 -1.543994,12.6,175.40,-3,16,10.7,1.5,1823,30,-0.1,921,-1,-51,1,13,-1024,-93,-1024,1024,1,1,-1,-1,-1,1,-1,-1,-1,0x0000000000000000,1500,1500,1475,1934,2012,1500,2012,988,1500,1500,1500,1500,1500,1500,1500,1500,1500,1500,1500,1500,1500,1500,1500,1500,1500,1500,1500,1500,1500,1500,1500,1500,7.9
2026-05-04,13:52:58.530,-0.23,-0.05,-2.13,-47,0,99,14,0,5,50,-38,100,13,"AIR",53.759646 -1.543994,12.6,175.40,-3,16,10.7,1.5,1823,30,-0.1,-422,0,372,2,12,-1024,-93,-1024,1024,1,1,-1,-1,-1,1,-1,-1,-1,0x0000000000000000,1501,1500,1686,1342,2012,1499,2012,988,1500,1500,1500,1500,1500,1500,1500,1500,1500,1500,1500,1500,1500,1500,1500,1500,1500,1500,1500,1500,1500,1500,1500,1500,7.9
2026-05-04,13:52:59.030,-0.23,-0.05,-2.13,-44,0,99,14,0,5,50,-35,100,15,"AIR",53.759646 -1.543994,12.6,175.40,-3,16,10.7,1.5,1823,30,-0.1,2,-1,-977,2,12,-1024,-93,-1024,1024,1,1,-1,-1,-1,1,-1,-1,-1,0x0000000000000000,1501,1500,1012,1500,2012,1499,2012,988,1500,1500,1500,1500,1500,1500,1500,1500,1500,1500,1500,1500,1500,1500,1500,1500,1500,1500,1500,1500,1500,1500,1500,1500,7.9
