Date,Time,1RSS(dB),2RSS(dB),RQly(%),RSNR(dB),ANT,RFMD,TPWR(mW),TRSS(dB),TQly(%),TSNR(dB),RxBt(V),Curr(A),Capa(mAh),Bat%(%),GPS,GSpd(kmh),Hdg(°),Alt(m),Sats,Rud,Ele,Thr,Ail,P1,P2,P3,SL1,SL2,SA,SB,SC,SD,SE,arm,SG,SH,SI,LSW,CH1(us),CH2(us),CH3(us),CH4(us),CH5(us),CH6(us),CH7(us),CH8(us),CH9(us),CH10(us),CH11(us),CH12(us),CH13(us),CH14(us),CH15(us),CH16(us),CH17(us),CH18(us),CH19(us),CH20(us),CH21(us),CH22(us),CH23(us),CH24(us),CH25(us),CH26(us),CH27(us),CH28(us),CH29(us),CH30(us),CH31(us),CH32(us),TxBat(V)
2026-05-04,12:51:42.230,-19,-22,100,11,0,8,25,-21,100,11,16.7,0.0,0,0,53.759500 -1.544084,0.0,-308.00,143,8,7,-1,126,-2,11,-1024,-92,-1024,1024,0,-1,-1,-1,-1,1,-1,-1,-1,0x0000000000000002,1397,1473,1563,1502,1500,1420,1500,1500,1500,1500,1500,1500,1500,1500,1500,1500,1500,1500,1500,1500,1500,1500,1500,1500,1500,1500,1500,1500,1500,1500,1500,1500,8.0
2026-05-04,12:51:43.230,-20,-22,100,11,0,8,25,-20,100,11,16.6,0.0,0,0,53.759500 -1.544084,0.0,-308.00,143,8,6,0,132,-4,11,-1024,-93,-1024,1024,0,-1,-1,-1,-1,1,-1,-1,-1,0x0000000000000002,1397,1472,1566,1501,1500,1421,1500,1500,1500,1500,1500,1500,1500,1500,1500,1500,1500,1500,1500,1500,1500,1500,1500,1500,1500,1500,1500,1500,1500,1500,1500,1500,8.0
2026-05-04,12:51:44.230,-20,-22,100,11,0,8,25,-18,100,12,16.6,0.0,0,0,53.759500 -1.544086,2.6,323.04,143,8,622,2,-243,-9,11,-1024,-93,-1024,1024,0,-1,-1,-1,-1,1,-1,-1,-1,0x0000000000000002,1399,1472,1379,1701,1500,1422,1500,1500,1500,1500,1500,1500,1500,1500,1500,1500,1500,1500,1500,1500,1500,1500,1500,1500,1500,1500,1500,1500,1500,1500,1500,1500,8.0
2026-05-04,12:51:45.230,-23,-20,100,11,1,8,25,-16,100,11,16.6,0.0,0,0,53.759500 -1.544086,2.6,323.04,143,8,36,0,-620,-3,11,-1024,-93,-1024,1024,0,-1,-1,-1,-1,1,-1,-1,-1,0x0000000000000002,1397,1472,1190,1510,1500,1421,1500,1500,1500,1500,1500,1500,1500,1500,1500,1500,1500,1500,1500,1500,1500,1500,1500,1500,1500,1500,1500,1500,1500,1500,1500,1500,8.0
2026-05-04,12:51:46.230,-23,-20,100,11,1,8,25,-19,100,11,16.6,0.0,0,0,53.759513 -1.544108,5.7,326.91,143,8,4,2,-1024,-2,11,-1024,-93,-1024,1024,0,-1,-1,-1,-1,1,-1,-1,-1,0x0000000000000002,1397,1472,988,1501,1500,1420,1500,1500,1500,1500,1500,1500,1500,1500,1500,1500,1500,1500,1500,1500,1500,1500,1500,1500,1500,1500,1500,1500,1500,1500,1500,1500,8.0
2026-05-04,12:51:47.230,-23,-20,100,11,1,8,25,-19,100,9,16.7,0.0,0,0,53.759513 -1.544108,5.7,326.91,143,8,4,2,-1024,-2,11,-1024,-93,-1024,1024,0,-1,-1,-1,-1,1,-1,-1,-1,0x0000000000000007,1397,1472,988,1501,1500,1420,1500,1500,1500,1500,1500,1500,1500,1500,1500,1500,1500,1500,1500,1500,1500,1500,1500,1500,1500,1500,1500,1500,1500,1500,1500,1500,8.0
2026-05-04,12:51:48.230,-23,-19,100,11,1,8,25,-19,100,10,16.7,0.0,0,0,53.759520 -1.544123,0.0,326.16,143,8,4,2,-1024,-2,11,-1024,-93,-1024,1024,0,-1,-1,-1,-1,1,-1,-1,-1,0x0000000000000007,1397,1472,988,1501,1500,1420,1500,1500,1500,1500,1500,1500,1500,1500,1500,1500,1500,1500,1500,1500,1500,1500,1500,1500,1500,1500,1500,1500,1500,1500,1500,1500,8.0
2026-05-04,12:51:49.230,-23,-19,100,11,1,8,25,-19,100,10,16.7,0.0,0,0,53.759520 -1.544123,0.0,326.16,143,8,4,2,-1024,-3,11,-1024,-92,-1024,1024,0,-1,-1,-1,-1,1,-1,-1,-1,0x0000000000000007,1397,1472,988,1501,1500,1421,1500,1500,1500,1500,1500,1500,1500,1500,1500,1500,1500,1500,1500,1500,1500,1500,1500,1500,1500,1500,1500,1500,1500,1500,1500,1500,8.0
2026-05-04,12:51:50.230,-23,-18,100,11,1,8,25,-17,100,10,16.7,0.0,0,0,53.759520 -1.544125,0.0,326.95,143,8,4,2,-1024,-2,11,-1024,-93,-1024,1024,0,-1,-1,-1,-1,1,-1,-1,-1,0x0000000000000007,1397,1472,988,1501,1500,1420,1500,1500,1500,1500,1500,1500,1500,1500,1500,1500,1500,1500,1500,1500,1500,1500,1500,1500,1500,1500,1500,1500,1500,1500,1500,1500,8.0
2026-05-04,12:51:51.230,-23,-19,100,11,1,8,25,-19,100,11,16.7,0.0,0,0,53.759520 -1.544125,0.0,326.95,143,8,4,2,-1024,-2,11,-1024,-93,-1024,1024,0,-1,-1,-1,-1,1,-1,-1,-1,0x0000000000000007,1397,1472,988,1501,1500,1420,1500,1500,1500,1500,1500,1500,1500,1500,1500,1500,1500,1500,1500,1500,1500,1500,1500,1500,1500,1500,1500,1500,1500,1500,1500,1500,8.0
2026-05-04,12:51:52.230,-23,-19,100,11,1,8,25,-20,100,11,16.7,0.0,0,0,53.759520 -1.544125,0.0,-325.68,143,8,4,2,-1024,-2,11,-1024,-92,-1024,1024,0,-1,-1,-1,-1,1,-1,-1,-1,0x0000000000000007,1397,1472,988,1501,1500,1420,1500,1500,1500,1500,1500,1500,1500,1500,1500,1500,1500,1500,1500,1500,1500,1500,1500,1500,1500,1500,1500,1500,1500,1500,1500,1500,8.0
2026-05-04,12:51:53.230,-23,-20,100,11,1,8,25,-19,100,10,16.7,0.0,0,0,53.759520 -1.544125,0.0,-325.68,143,8,1,2,-1024,-3,11,-1024,-93,-1024,1024,0,-1,-1,-1,-1,1,-1,-1,-1,0x0000000000000007,1397,1472,988,1500,1500,1421,1500,1500,1500,1500,1500,1500,1500,1500,1500,1500,1500,1500,1500,1500,1500,1500,1500,1500,1500,1500,1500,1500,1500,1500,1500,1500,8.0
2026-05-04,12:51:54.230,-23,-20,100,11,1,8,25,-20,100,11,16.7,0.0,0,0,53.759520 -1.544126,0.0,-325.68,143,8,-1024,-4,207,-4,11,-1024,-93,-1024,1024,0,-1,-1,-1,-1,1,-1,-1,-1,0x0000000000000002,1397,1473,1603,1112,1500,1421,1500,1500,1500,1500,1500,1500,1500,1500,1500,1500,1500,1500,1500,1500,1500,1500,1500,1500,1500,1500,1500,1500,1500,1500,1500,1500,8.0
2026-05-04,12:51:55.230,-27,-20,100,11,1,8,25,-27,100,11,16.6,0.0,0,0,53.759520 -1.544126,0.0,-325.68,143,8,1,-3,100,-6,11,-1024,-93,-1024,1024,0,-1,-1,-1,-1,1,-1,-1,-1,0x0000000000000002,1398,1473,1550,1500,1500,1421,1500,1500,1500,1500,1500,1500,1500,1500,1500,1500,1500,1500,1500,1500,1500,1500,1500,1500,1500,1500,1500,1500,1500,1500,1500,1500,8.0
2026-05-04,12:51:56.230,-32,-34,100,10,0,8,25,-33,100,10,16.6,0.0,0,0,53.759520 -1.544130,3.2,320.89,143,8,-52,-1,44,-6,11,-1024,-93,-1024,1024,0,-1,-1,-1,-1,1,-1,-1,-1,0x0000000000000002,1398,1473,1522,1486,1500,1421,1500,1500,1500,1500,1500,1500,1500,1500,1500,1500,1500,1500,1500,1500,1500,1500,1500,1500,1500,1500,1500,1500,1500,1500,1500,1500,8.0
2026-05-04,12:51:57.230,-38,-33,100,10,1,8,25,-29,100,11,16.5,0.0,0,0,53.759520 -1.544130,3.2,320.89,143,8,192,-1,12,-8,11,-1024,-93,-1024,1024,0,-1,-1,-1,-1,1,-1,-1,-1,0x0000000000000002,1399,1473,1506,1554,1500,1422,1500,1500,1500,1500,1500,1500,1500,1500,1500,1500,1500,1500,1500,1500,1500,1500,1500,1500,1500,1500,1500,1500,1500,1500,1500,1500,8.0
2026-05-04,12:51:58.230,-38,-36,100,11,1,8,25,-43,100,9,16.5,0.0,0,0,53.759526 -1.544170,7.9,266.51,143,8,13,0,-45,-9,11,-1024,-93,-1024,1024,0,-1,-1,-1,-1,1,-1,-1,-1,0x0000000000000002,1399,1472,1478,1503,1500,1422,1500,1500,1500,1500,1500,1500,1500,1500,1500,1500,1500,1500,1500,1500,1500,1500,1500,1500,1500,1500,1500,1500,1500,1500,1500,1500,8.0
2026-05-04,12:51:59.230,-43,-37,100,11,1,8,25,-38,100,10,16.5,0.0,0,0,53.759526 -1.544170,7.9,266.51,143,8,787,-1,-457,-11,11,-1024,-93,-1024,1024,0,-1,-1,-1,-1,1,-1,-1,-1,0x0000000000000002,1399,1473,1272,1775,1500,1423,1500,1500,1500,1500,1500,1500,1500,1500,1500,1500,1500,1500,1500,1500,1500,1500,1500,1500,1500,1500,1500,1500,1500,1500,1500,1500,8.0
2026-05-04,12:52:00.230,-48,-42,100,11,1,8,25,-43,100,11,16.5,0.0,0,0,53.759507 -1.544235,10.5,239.60,143,8,870,-1,-445,-7,11,-1024,-93,-1024,1024,0,-1,-1,-1,-1,1,-1,-1,-1,0x0000000000000002,1398,1473,1278,1819,1500,1422,1500,1500,1500,1500,1500,1500,1500,1500,1500,1500,1500,1500,1500,1500,1500,1500,1500,1500,1500,1500,1500,1500,1500,1500,1500,1500,8.0
2026-05-04,12:52:01.230,-50,-42,100,10,1,8,25,-39,100,11,16.6,0.0,0,0,53.759507 -1.544235,10.5,239.60,143,8,126,1,-1024,-10,11,-1024,-93,-1024,1024,0,-1,-1,-1,-1,1,-1,-1,-1,0x0000000000000002,1399,1472,988,1535,1500,1423,1500,1500,1500,1500,1500,1500,1500,1500,1500,1500,1500,1500,1500,1500,1500,1500,1500,1500,1500,1500,1500,1500,1500,1500,1500,1500,8.0
2026-05-04,12:52:02.230,-45,-55,100,11,0,8,25,-42,100,11,16.6,0.0,0,0,53.759488 -1.544295,6.8,285.42,144,8,5,0,-1024,-5,11,-1024,-93,-1024,1024,0,-1,-1,-1,-1,1,-1,-1,-1,0x0000000000000002,1397,1472,988,1501,1500,1421,1500,1500,1500,1500,1500,1500,1500,1500,1500,1500,1500,1500,1500,1500,1500,1500,1500,1500,1500,1500,1500,1500,1500,1500,1500,1500,8.0
2026-05-04,12:52:03.230,-46,-55,100,11,0,8,25,-44,100,12,16.6,0.0,0,0,53.759488 -1.544295,6.8,285.42,144,8,4,0,-1024,-1,11,-1024,-93,-1024,1024,0,-1,-1,-1,-1,1,-1,-1,-1,0x0000000000000007,1397,1472,988,1501,1500,1420,1500,1500,1500,1500,1500,1500,1500,1500,1500,1500,1500,1500,1500,1500,1500,1500,1500,1500,1500,1500,1500,1500,1500,1500,1500,1500,8.0
2026-05-04,12:52:04.230,-45,-55,100,11,0,8,25,-44,100,11,16.6,0.0,0,0,53.759513 -1.544301,4.2,25.38,144,8,4,2,-1024,-2,11,-1024,-93,-1024,1024,0,-1,-1,-1,-1,1,-1,-1,-1,0x0000000000000007,1397,1472,988,1501,1500,1420,1500,1500,1500,1500,1500,1500,1500,1500,1500,1500,1500,1500,1500,1500,1500,1500,1500,1500,1500,1500,1500,1500,1500,1500,1500,1500,8.0
2026-05-04,12:52:05.230,-44,-55,100,11,0,8,25,-43,100,11,16.6,0.0,0,0,53.759513 -1.544301,4.2,25.38,144,8,4,2,-1024,-2,11,-1024,-93,-1024,1024,0,-1,-1,-1,-1,1,-1,-1,-1,0x0000000000000007,1397,1472,988,1501,1500,1420,1500,1500,1500,1500,1500,1500,1500,1500,1500,1500,1500,1500,1500,1500,1500,1500,1500,1500,1500,1500,1500,1500,1500,1500,1500,1500,8.0
2026-05-04,12:52:06.230,-44,-55,100,11,0,8,25,-43,100,13,16.6,0.0,0,0,53.759513 -1.544296,0.0,46.76,144,8,5,0,-355,-3,11,-1024,-93,-1024,1024,0,-1,-1,-1,-1,1,-1,-1,-1,0x0000000000000002,1397,1472,1323,1501,1500,1421,1500,1500,1500,1500,1500,1500,1500,1500,1500,1500,1500,1500,1500,1500,1500,1500,1500,1500,1500,1500,1500,1500,1500,1500,1500,1500,8.0
2026-05-04,12:52:07.230,-44,-55,100,11,0,8,25,-43,100,11,16.6,0.0,0,0,53.759513 -1.544298,0.0,19.95,144,8,382,-3,170,-1,11,-1024,-93,-1024,1024,0,-1,-1,-1,-1,1,-1,-1,-1,0x0000000000000002,1397,1473,1585,1613,1500,1420,1500,1500,1500,1500,1500,1500,1500,1500,1500,1500,1500,1500,1500,1500,1500,1500,1500,1500,1500,1500,1500,1500,1500,1500,1500,1500,8.0
2026-05-04,12:52:08.230,-42,-55,100,11,0,8,25,-38,100,11,16.5,0.0,0,0,53.759513 -1.544298,0.0,19.95,144,8,236,-2,1023,-3,11,-1024,-93,-1024,1024,0,-1,-1,-1,-1,1,-1,-1,-1,0x0000000000000002,1397,1473,2011,1567,1500,1421,1500,1500,1500,1500,1500,1500,1500,1500,1500,1500,1500,1500,1500,1500,1500,1500,1500,1500,1500,1500,1500,1500,1500,1500,1500,1500,8.0
2026-05-04,12:52:09.230,-44,-43,100,11,1,8,25,-39,100,10,16.5,0.0,0,0,53.759520 -1.544286,10.0,35.50,144,8,9,-227,1024,1,11,-1024,-93,-1024,1024,0,-1,-1,-1,-1,1,-1,-1,-1,0x0000000000000002,1396,1512,2012,1502,1500,1419,1500,1500,1500,1500,1500,1500,1500,1500,1500,1500,1500,1500,1500,1500,1500,1500,1500,1500,1500,1500,1500,1500,1500,1500,1500,1500,8.0
2026-05-04,12:52:10.230,-40,-52,100,10,0,8,25,-39,100,11,16.0,0.0,0,0,53.759520 -1.544286,10.0,35.50,144,8,123,-441,696,837,11,-1024,-93,-1024,1024,0,-1,-1,-1,-1,1,-1,-1,-1,0x0000000000000002,1095,1555,1848,1535,1500,1101,1500,1500,1500,1500,1500,1500,1500,1500,1500,1500,1500,1500,1500,1500,1500,1500,1500,1500,1500,1500,1500,1500,1500,1500,1500,1500,8.0
2026-05-04,12:52:11.230,-53,-55,98,10,0,8,25,-38,100,11,16.0,0.0,0,0,53.759622 -1.544116,43.2,52.25,143,8,4,6,667,1023,10,-1024,-93,-1024,1024,0,-1,-1,-1,-1,1,-1,-1,-1,0x0000000000000002,988,1471,1833,1501,1500,988,1500,1500,1500,1500,1500,1500,1500,1500,1500,1500,1500,1500,1500,1500,1500,1500,1500,1500,1500,1500,1500,1500,1500,1500,1500,1500,8.0
2026-05-04,12:52:12.230,-58,-44,100,10,1,8,25,-57,100,9,16.1,0.0,0,0,53.759622 -1.544116,43.2,52.25,143,8,4,-336,576,227,11,-1024,-93,-1024,1024,0,-1,-1,-1,-1,1,-1,-1,-1,0x0000000000000002,1331,1533,1788,1501,1500,1355,1500,1500,1500,1500,1500,1500,1500,1500,1500,1500,1500,1500,1500,1500,1500,1500,1500,1500,1500,1500,1500,1500,1500,1500,1500,1500,8.0
2026-05-04,12:52:13.230,-52,-71,100,11,0,8,25,-52,100,10,16.1,0.0,0,0,53.759776 -1.543881,43.3,44.07,146,8,4,-60,484,-377,11,-1024,-93,-1024,1024,0,-1,-1,-1,-1,1,-1,-1,-1,0x0000000000000002,1507,1483,1742,1501,1500,1536,1500,1500,1500,1500,1500,1500,1500,1500,1500,1500,1500,1500,1500,1500,1500,1500,1500,1500,1500,1500,1500,1500,1500,1500,1500,1500,8.0
2026-05-04,12:52:14.230,-73,-60,100,10,1,8,25,-65,100,10,16.1,0.0,0,0,53.759776 -1.543881,43.3,44.07,146,8,3,-195,50,-758,12,-1024,-93,-1024,1024,0,-1,-1,-1,-1,1,-1,-1,-1,0x0000000000000002,1658,1506,1525,1501,1500,1678,1500,1500,1500,1500,1500,1500,1500,1500,1500,1500,1500,1500,1500,1500,1500,1500,1500,1500,1500,1500,1500,1500,1500,1500,1500,1500,8.0
2026-05-04,12:52:15.230,-73,-60,100,11,1,8,25,-62,100,11,16.1,0.0,0,0,53.759846 -1.543533,50.7,91.71,146,8,2,-397,-7,207,11,-1024,-93,-1024,1024,0,-1,-1,-1,-1,1,-1,-1,-1,0x0000000000000002,1337,1546,1497,1500,1500,1357,1500,1500,1500,1500,1500,1500,1500,1500,1500,1500,1500,1500,1500,1500,1500,1500,1500,1500,1500,1500,1500,1500,1500,1500,1500,1500,8.0
2026-05-04,12:52:16.230,-69,-69,100,10,0,8,25,-68,100,11,16.3,0.0,0,0,53.759846 -1.543533,50.7,91.71,146,8,-121,-1,335,631,11,-1024,-93,-1024,1024,0,-1,-1,-1,-1,1,-1,-1,-1,0x0000000000000002,1191,1473,1667,1468,1500,1203,1500,1500,1500,1500,1500,1500,1500,1500,1500,1500,1500,1500,1500,1500,1500,1500,1500,1500,1500,1500,1500,1500,1500,1500,1500,1500,8.0
2026-05-04,12:52:17.230,-64,-69,100,11,0,8,25,-65,100,12,16.3,0.0,0,0,53.759846 -1.543188,36.1,61.64,148,8,-22,-328,633,494,11,-1024,-93,-1024,1024,0,-1,-1,-1,-1,1,-1,-1,-1,0x0000000000000002,1244,1532,1816,1495,1500,1259,1500,1500,1500,1500,1500,1500,1500,1500,1500,1500,1500,1500,1500,1500,1500,1500,1500,1500,1500,1500,1500,1500,1500,1500,1500,1500,8.0
2026-05-04,12:52:18.230,-71,-79,100,10,0,8,25,-71,100,10,16.2,0.0,0,0,53.759846 -1.543188,36.1,61.64,148,8,-18,-261,297,420,11,-1024,-93,-1024,1024,0,-1,-1,-1,-1,1,-1,-1,-1,0x0000000000000002,1270,1519,1648,1496,1500,1286,1500,1500,1500,1500,1500,1500,1500,1500,1500,1500,1500,1500,1500,1500,1500,1500,1500,1500,1500,1500,1500,1500,1500,1500,1500,1500,8.0
2026-05-04,12:52:19.230,-74,-73,98,10,1,8,25,-63,100,10,16.2,0.0,0,0,53.759993 -1.543016,45.6,13.96,149,7,1,-174,65,507,11,-1024,-93,-1024,1024,0,-1,-1,-1,-1,1,-1,-1,-1,0x0000000000000002,1239,1503,1532,1500,1500,1254,1500,1500,1500,1500,1500,1500,1500,1500,1500,1500,1500,1500,1500,1500,1500,1500,1500,1500,1500,1500,1500,1500,1500,1500,1500,1500,8.0
2026-05-04,12:52:20.230,-75,-64,100,10,1,8,25,-64,100,10,16.2,0.0,0,0,53.759993 -1.543016,45.6,13.96,149,7,2,-488,-278,466,11,-1024,-93,-1024,1024,0,-1,-1,-1,-1,1,-1,-1,-1,0x0000000000000002,1254,1566,1361,1500,1500,1270,1500,1500,1500,1500,1500,1500,1500,1500,1500,1500,1500,1500,1500,1500,1500,1500,1500,1500,1500,1500,1500,1500,1500,1500,1500,1500,8.0
2026-05-04,12:52:21.230,-80,-65,98,10,1,8,25,-64,100,11,16.2,0.0,0,0,53.760192 -1.543111,36.9,318.00,152,8,3,-262,-252,325,11,-1024,-93,-1024,1024,1,-1,-1,-1,-1,1,-1,-1,-1,0x0000000000000002,1278,1547,1374,1501,1500,1294,1500,1500,1500,1500,1500,1500,1500,1500,1500,1500,1500,1500,1500,1500,1500,1500,1500,1500,1500,1500,1500,1500,1500,1500,1500,1500,8.0
2026-05-04,12:52:22.230,-66,-68,100,10,1,8,25,-64,100,10,16.4,0.0,0,0,53.760192 -1.543111,36.9,318.00,152,8,-2,-435,-101,50,11,-1024,-93,-1024,1024,1,-1,-1,-1,-1,1,-1,-1,-1,0x0000000000000002,1379,1603,1450,1500,1500,1401,1500,1500,1500,1500,1500,1500,1500,1500,1500,1500,1500,1500,1500,1500,1500,1500,1500,1500,1500,1500,1500,1500,1500,1500,1500,1500,8.0
2026-05-04,12:52:23.230,-78,-70,100,10,1,8,25,-76,100,9,16.4,0.0,0,0,53.760262 -1.543411,41.4,269.88,151,8,-61,-44,263,132,11,-1024,-93,-1024,1024,1,-1,-1,-1,-1,1,-1,-1,-1,0x0000000000000002,1350,1485,1631,1480,1500,1371,1500,1500,1500,1500,1500,1500,1500,1500,1500,1500,1500,1500,1500,1500,1500,1500,1500,1500,1500,1500,1500,1500,1500,1500,1500,1500,8.0
2026-05-04,12:52:24.230,-67,-71,100,10,0,8,25,-68,100,10,16.4,0.0,0,0,53.760262 -1.543411,41.4,269.88,151,8,2,-266,212,2,11,-1024,-93,-1024,1024,1,-1,-1,-1,-1,1,-1,-1,-1,0x0000000000000002,1396,1548,1606,1500,1500,1419,1500,1500,1500,1500,1500,1500,1500,1500,1500,1500,1500,1500,1500,1500,1500,1500,1500,1500,1500,1500,1500,1500,1500,1500,1500,1500,8.0
2026-05-04,12:52:25.230,-67,-60,100,10,1,8,25,-62,100,10,16.4,0.0,0,0,53.760230 -1.543771,42.6,256.82,151,8,3,-8,367,323,11,-1024,-93,-1024,1024,1,-1,-1,-1,-1,1,-1,-1,-1,0x0000000000000002,1278,1475,1683,1501,1500,1287,1500,1500,1500,1500,1500,1500,1500,1500,1500,1500,1500,1500,1500,1500,1500,1500,1500,1500,1500,1500,1500,1500,1500,1500,1500,1500,8.0
2026-05-04,12:52:26.230,-69,-68,100,10,0,8,25,-67,100,10,16.2,0.0,0,0,53.760230 -1.543771,42.6,256.82,151,8,3,-171,456,383,11,-1024,-93,-1024,1024,1,-1,-1,-1,-1,1,-1,-1,-1,0x0000000000000002,1254,1520,1728,1501,1500,1270,1500,1500,1500,1500,1500,1500,1500,1500,1500,1500,1500,1500,1500,1500,1500,1500,1500,1500,1500,1500,1500,1500,1500,1500,1500,1500,8.0
2026-05-04,12:52:27.230,-75,-60,100,10,1,8,25,-60,100,10,16.1,0.0,0,0,53.760147 -1.544045,34.4,225.80,154,8,3,-208,298,15,11,-1024,-93,-1024,1024,1,-1,-1,-1,-1,1,-1,-1,-1,0x0000000000000002,1391,1531,1649,1501,1500,1414,1500,1500,1500,1500,1500,1500,1500,1500,1500,1500,1500,1500,1500,1500,1500,1500,1500,1500,1500,1500,1500,1500,1500,1500,1500,1500,8.0
2026-05-04,12:52:28.230,-67,-64,98,10,1,8,25,-67,100,10,16.1,0.0,0,0,53.760147 -1.544045,34.4,225.80,154,8,3,-278,410,13,11,-1024,-93,-1024,1024,1,-1,-1,-1,-1,1,-1,-1,-1,0x0000000000000002,1392,1552,1705,1501,1500,1415,1500,1500,1500,1500,1500,1500,1500,1500,1500,1500,1500,1500,1500,1500,1500,1500,1500,1500,1500,1500,1500,1500,1500,1500,1500,1500,8.0
2026-05-04,12:52:29.230,-56,-58,100,10,1,8,25,-60,100,9,16.2,0.0,0,0,53.759987 -1.544223,42.4,217.28,155,8,3,0,347,-600,11,-1024,-93,-1024,1024,1,-1,-1,-1,-1,1,-1,-1,-1,0x0000000000000002,1636,1472,1673,1501,1500,1658,1500,1500,1500,1500,1500,1500,1500,1500,1500,1500,1500,1500,1500,1500,1500,1500,1500,1500,1500,1500,1500,1500,1500,1500,1500,1500,8.0
2026-05-04,12:52:30.230,-60,-54,99,10,1,8,25,-56,100,10,16.2,0.0,0,0,53.759987 -1.544223,42.4,217.28,155,8,2,-1,443,174,11,-1024,-93,-1024,1024,1,-1,-1,-1,-1,1,-1,-1,-1,0x0000000000000002,1335,1473,1721,1500,1500,1355,1500,1500,1500,1500,1500,1500,1500,1500,1500,1500,1500,1500,1500,1500,1500,1500,1500,1500,1500,1500,1500,1500,1500,1500,1500,1500,8.0
2026-05-04,12:52:31.230,-60,-50,100,11,1,8,25,-50,100,10,16.1,0.0,0,0,53.759852 -1.544436,32.6,240.22,160,8,3,-4,420,155,11,-1024,-93,-1024,1024,1,-1,-1,-1,-1,1,-1,-1,-1,0x0000000000000002,1342,1473,1710,1501,1500,1362,1500,1500,1500,1500,1500,1500,1500,1500,1500,1500,1500,1500,1500,1500,1500,1500,1500,1500,1500,1500,1500,1500,1500,1500,1500,1500,8.0
2026-05-04,12:52:32.230,-60,-52,100,11,1,8,25,-64,100,11,16.1,0.0,0,0,53.759750 -1.544636,37.2,213.79,162,8,4,0,405,26,11,-1024,-93,-1024,1024,1,-1,-1,-1,-1,1,-1,-1,-1,0x0000000000000002,1387,1472,1702,1501,1500,1410,1500,1500,1500,1500,1500,1500,1500,1500,1500,1500,1500,1500,1500,1500,1500,1500,1500,1500,1500,1500,1500,1500,1500,1500,1500,1500,8.0
2026-05-04,12:52:33.230,-64,-49,100,11,1,8,25,-49,100,10,16.1,0.0,0,0,53.759750 -1.544636,37.2,213.79,162,8,4,-71,373,201,11,-1024,-93,-1024,1024,1,-1,-1,-1,-1,1,-1,-1,-1,0x0000000000000002,1325,1492,1686,1501,1500,1344,1500,1500,1500,1500,1500,1500,1500,1500,1500,1500,1500,1500,1500,1500,1500,1500,1500,1500,1500,1500,1500,1500,1500,1500,1500,1500,8.0
2026-05-04,12:52:34.230,-64,-49,100,10,1,8,25,-71,100,10,16.1,0.0,0,0,53.759558 -1.544668,50.0,171.78,160,8,5,2,284,815,11,-1024,-93,-1024,1024,1,-1,-1,-1,-1,1,-1,-1,-1,0x0000000000000002,1034,1472,1642,1501,1500,1036,1500,1500,1500,1500,1500,1500,1500,1500,1500,1500,1500,1500,1500,1500,1500,1500,1500,1500,1500,1500,1500,1500,1500,1500,1500,1500,8.0
2026-05-04,12:52:35.230,-67,-50,100,11,1,8,25,-55,100,9,16.1,0.0,0,0,53.759558 -1.544668,50.0,171.78,160,8,7,273,289,368,11,-1024,-93,-1024,1024,1,-1,-1,-1,-1,1,-1,-1,-1,0x0000000000000002,1260,1393,1644,1502,1500,1276,1500,1500,1500,1500,1500,1500,1500,1500,1500,1500,1500,1500,1500,1500,1500,1500,1500,1500,1500,1500,1500,1500,1500,1500,1500,1500,8.0
2026-05-04,12:52:36.230,-71,-52,100,11,1,8,25,-52,100,11,16.1,0.0,0,0,53.759302 -1.544514,48.4,172.44,161,8,4,-359,247,-260,11,-1024,-93,-1024,1024,1,-1,-1,-1,-1,1,-1,-1,-1,0x0000000000000002,1490,1577,1623,1501,1500,1518,1500,1500,1500,1500,1500,1500,1500,1500,1500,1500,1500,1500,1500,1500,1500,1500,1500,1500,1500,1500,1500,1500,1500,1500,1500,1500,8.0
2026-05-04,12:52:37.230,-58,-58,100,10,1,8,25,-61,100,10,16.2,0.0,0,0,53.759302 -1.544514,48.4,172.44,161,8,4,-51,200,-4,11,-1024,-93,-1024,1024,1,-1,-1,-1,-1,1,-1,-1,-1,0x0000000000000002,1398,1487,1600,1501,1500,1421,1500,1500,1500,1500,1500,1500,1500,1500,1500,1500,1500,1500,1500,1500,1500,1500,1500,1500,1500,1500,1500,1500,1500,1500,1500,1500,8.0
2026-05-04,12:52:38.230,-56,-66,100,10,0,8,25,-49,100,11,16.2,0.0,0,0,53.759097 -1.544613,44.4,240.67,164,8,7,-134,283,590,11,-1024,-93,-1024,1024,0,-1,-1,-1,-1,1,-1,-1,-1,0x0000000000000002,1208,1496,1641,1502,1500,1220,1500,1500,1500,1500,1500,1500,1500,1500,1500,1500,1500,1500,1500,1500,1500,1500,1500,1500,1500,1500,1500,1500,1500,1500,1500,1500,8.0
2026-05-04,12:52:39.230,-76,-49,100,10,1,8,25,-47,100,9,16.2,0.0,0,0,53.759097 -1.544613,44.4,240.67,164,8,5,-406,502,182,11,-1024,-93,-1024,1024,0,-1,-1,-1,-1,1,-1,-1,-1,0x0000000000000002,1345,1548,1751,1501,1500,1365,1500,1500,1500,1500,1500,1500,1500,1500,1500,1500,1500,1500,1500,1500,1500,1500,1500,1500,1500,1500,1500,1500,1500,1500,1500,1500,8.0
2026-05-04,12:52:40.230,-66,-61,100,10,1,8,25,-60,100,10,16.2,0.0,0,0,53.759059 -1.544975,54.2,277.85,165,8,66,-405,312,116,11,-1024,-93,-1024,1024,0,-1,-1,-1,-1,1,-1,-1,-1,0x0000000000000002,1363,1547,1656,1518,1500,1385,1500,1500,1500,1500,1500,1500,1500,1500,1500,1500,1500,1500,1500,1500,1500,1500,1500,1500,1500,1500,1500,1500,1500,1500,1500,1500,8.0
2026-05-04,12:52:41.230,-66,-61,100,10,1,8,25,-53,100,11,16.0,0.0,0,0,53.759059 -1.544975,54.2,277.85,165,8,65,-277,290,396,11,-1024,-93,-1024,1024,0,-1,-1,-1,-1,1,-1,-1,-1,0x0000000000000002,1278,1522,1645,1518,1500,1295,1500,1500,1500,1500,1500,1500,1500,1500,1500,1500,1500,1500,1500,1500,1500,1500,1500,1500,1500,1500,1500,1500,1500,1500,1500,1500,8.0
2026-05-04,12:52:42.230,-73,-58,100,11,1,8,25,-62,100,11,16.0,0.0,0,0,53.759276 -1.545315,55.2,-302.15,168,8,7,-290,405,-2,11,-1024,-93,-1024,1024,0,-1,-1,-1,-1,1,-1,-1,-1,0x0000000000000002,1397,1524,1702,1502,1500,1420,1500,1500,1500,1500,1500,1500,1500,1500,1500,1500,1500,1500,1500,1500,1500,1500,1500,1500,1500,1500,1500,1500,1500,1500,1500,1500,8.0
2026-05-04,12:52:43.230,-82,-48,100,10,1,8,25,-57,100,11,16.0,0.0,0,0,53.759276 -1.545315,55.2,-302.15,168,8,2,5,560,-9,11,-1024,-93,-1024,1024,0,-1,-1,-1,-1,1,-1,-1,-1,0x0000000000000002,1399,1471,1780,1500,1500,1422,1500,1500,1500,1500,1500,1500,1500,1500,1500,1500,1500,1500,1500,1500,1500,1500,1500,1500,1500,1500,1500,1500,1500,1500,1500,1500,8.0
2026-05-04,12:52:44.230,-65,-67,100,10,1,8,25,-61,100,10,16.1,0.0,0,0,53.759276 -1.545315,55.2,-302.15,168,8,0,4,624,-6,11,-1024,-93,-1024,1024,0,-1,-1,-1,-1,1,-1,-1,-1,0x0000000000000002,1398,1471,1811,1500,1500,1421,1500,1500,1500,1500,1500,1500,1500,1500,1500,1500,1500,1500,1500,1500,1500,1500,1500,1500,1500,1500,1500,1500,1500,1500,1500,1500,8.0
2026-05-04,12:52:45.230,-79,-58,100,10,1,8,25,-50,100,11,16.1,0.0,0,0,53.759500 -1.545076,47.0,72.04,170,8,3,-208,343,201,11,-1024,-93,-1024,1024,0,-1,-1,-1,-1,1,-1,-1,-1,0x0000000000000002,1339,1509,1671,1501,1500,1359,1500,1500,1500,1500,1500,1500,1500,1500,1500,1500,1500,1500,1500,1500,1500,1500,1500,1500,1500,1500,1500,1500,1500,1500,1500,1500,8.0
2026-05-04,12:52:46.230,-62,-51,100,11,1,8,25,-45,100,12,15.8,0.0,0,0,53.759500 -1.545076,47.0,72.04,170,8,2,6,267,-2,11,-1024,-93,-1024,1024,0,-1,-1,-1,-1,1,-1,-1,-1,0x0000000000000002,1397,1471,1633,1500,1500,1420,1500,1500,1500,1500,1500,1500,1500,1500,1500,1500,1500,1500,1500,1500,1500,1500,1500,1500,1500,1500,1500,1500,1500,1500,1500,1500,8.0
2026-05-04,12:52:47.230,-62,-51,100,11,1,8,25,-49,100,11,16.1,0.0,0,0,53.759558 -1.544636,68.9,84.32,166,8,1,-1,275,-429,11,-1024,-93,-1024,1024,0,-1,-1,-1,-1,1,-1,-1,-1,0x0000000000000002,1525,1473,1637,1500,1500,1553,1500,1500,1500,1500,1500,1500,1500,1500,1500,1500,1500,1500,1500,1500,1500,1500,1500,1500,1500,1500,1500,1500,1500,1500,1500,1500,8.0
2026-05-04,12:52:48.230,-55,-46,100,10,1,8,25,-49,100,11,16.1,0.0,0,0,53.759558 -1.544636,68.9,84.32,166,8,1,-2,290,0,11,-1024,-93,-1024,1024,0,-1,-1,-1,-1,1,-1,-1,-1,0x0000000000000002,1396,1473,1645,1500,1500,1420,1500,1500,1500,1500,1500,1500,1500,1500,1500,1500,1500,1500,1500,1500,1500,1500,1500,1500,1500,1500,1500,1500,1500,1500,1500,1500,8.0
2026-05-04,12:52:49.230,-55,-54,100,11,1,8,25,-50,100,11,16.1,0.0,0,0,53.759603 -1.544093,61.6,84.12,167,8,-63,-74,282,20,11,-1024,-93,-1024,1024,0,-1,-1,-1,-1,1,-1,-1,-1,0x0000000000000002,1391,1485,1641,1484,1500,1414,1500,1500,1500,1500,1500,1500,1500,1500,1500,1500,1500,1500,1500,1500,1500,1500,1500,1500,1500,1500,1500,1500,1500,1500,1500,1500,8.0
2026-05-04,12:52:50.230,-64,-59,100,11,1,8,25,-56,100,12,16.1,0.0,0,0,53.759603 -1.544093,61.6,84.12,167,8,3,-172,251,40,11,-1024,-93,-1024,1024,0,-1,-1,-1,-1,1,-1,-1,-1,0x0000000000000002,1385,1502,1625,1501,1500,1408,1500,1500,1500,1500,1500,1500,1500,1500,1500,1500,1500,1500,1500,1500,1500,1500,1500,1500,1500,1500,1500,1500,1500,1500,1500,1500,8.0
2026-05-04,12:52:51.230,-66,-62,100,10,1,8,25,-62,100,11,16.0,0.0,0,0,53.759660 -1.543624,53.9,69.08,170,8,4,8,249,784,11,-1024,-93,-1024,1024,0,-1,-1,-1,-1,1,-1,-1,-1,0x0000000000000002,1122,1471,1624,1501,1500,1129,1500,1500,1500,1500,1500,1500,1500,1500,1500,1500,1500,1500,1500,1500,1500,1500,1500,1500,1500,1500,1500,1500,1500,1500,1500,1500,8.0
2026-05-04,12:52:52.230,-66,-58,100,10,1,8,25,-66,100,12,16.0,0.0,0,0,53.759833 -1.543300,55.9,32.80,173,8,3,-627,298,326,11,-1024,-93,-1024,1024,0,-1,-1,-1,-1,1,-1,-1,-1,0x0000000000000002,1301,1599,1649,1501,1500,1319,1500,1500,1500,1500,1500,1500,1500,1500,1500,1500,1500,1500,1500,1500,1500,1500,1500,1500,1500,1500,1500,1500,1500,1500,1500,1500,8.0
2026-05-04,12:52:53.230,-83,-63,100,10,1,8,25,-64,100,10,16.1,0.0,0,0,53.759833 -1.543300,55.9,32.80,173,8,-2,2,286,-263,11,-1024,-93,-1024,1024,0,-1,-1,-1,-1,1,-1,-1,-1,0x0000000000000002,1472,1472,1643,1500,1500,1500,1500,1500,1500,1500,1500,1500,1500,1500,1500,1500,1500,1500,1500,1500,1500,1500,1500,1500,1500,1500,1500,1500,1500,1500,1500,1500,8.0
2026-05-04,12:52:54.230,-68,-73,100,10,0,8,25,-64,100,11,16.1,0.0,0,0,53.760051 -1.543056,52.6,53.32,175,8,-297,-135,340,-408,12,-1024,-93,-1024,1024,0,-1,-1,-1,-1,1,-1,-1,-1,0x0000000000000002,1517,1496,1670,1419,1500,1546,1500,1500,1500,1500,1500,1500,1500,1500,1500,1500,1500,1500,1500,1500,1500,1500,1500,1500,1500,1500,1500,1500,1500,1500,1500,1500,8.0
2026-05-04,12:52:55.230,-67,-81,100,10,0,8,25,-65,100,10,16.1,0.0,0,0,53.760051 -1.543056,52.6,53.32,175,8,0,-435,272,165,11,-1024,-93,-1024,1024,0,-1,-1,-1,-1,1,-1,-1,-1,0x0000000000000002,1349,1554,1636,1500,1500,1370,1500,1500,1500,1500,1500,1500,1500,1500,1500,1500,1500,1500,1500,1500,1500,1500,1500,1500,1500,1500,1500,1500,1500,1500,1500,1500,8.0
2026-05-04,12:52:56.230,-66,-81,100,10,0,8,25,-67,100,12,16.1,0.0,0,0,53.760147 -1.542655,62.3,65.10,174,8,-117,1,219,-16,11,-1024,-93,-1024,1024,0,-1,-1,-1,-1,1,-1,-1,-1,0x0000000000000002,1401,1472,1609,1469,1500,1425,1500,1500,1500,1500,1500,1500,1500,1500,1500,1500,1500,1500,1500,1500,1500,1500,1500,1500,1500,1500,1500,1500,1500,1500,1500,1500,8.0
2026-05-04,12:52:57.230,-66,-81,100,10,0,8,25,-66,100,11,16.1,0.0,0,0,53.760147 -1.542655,62.3,65.10,174,8,4,-30,225,220,11,-1024,-93,-1024,1024,0,-1,-1,-1,-1,1,-1,-1,-1,0x0000000000000002,1334,1477,1613,1501,1500,1354,1500,1500,1500,1500,1500,1500,1500,1500,1500,1500,1500,1500,1500,1500,1500,1500,1500,1500,1500,1500,1500,1500,1500,1500,1500,1500,8.0
2026-05-04,12:52:58.230,-68,-81,100,10,0,8,25,-67,100,10,16.1,0.0,0,0,53.760390 -1.542433,48.5,0.74,181,9,5,5,263,962,11,-1024,-93,-1024,1024,0,-1,-1,-1,-1,1,-1,-1,-1,0x0000000000000002,1025,1471,1631,1501,1500,1027,1500,1500,1500,1500,1500,1500,1500,1500,1500,1500,1500,1500,1500,1500,1500,1500,1500,1500,1500,1500,1500,1500,1500,1500,1500,1500,8.0
2026-05-04,12:52:59.230,-76,-70,100,10,1,8,25,-72,100,11,16.1,0.0,0,0,53.760390 -1.542433,48.5,0.74,181,9,5,-3,358,130,11,-1024,-92,-1024,1024,0,-1,-1,-1,-1,1,-1,-1,-1,0x0000000000000002,1359,1473,1679,1501,1500,1381,1500,1500,1500,1500,1500,1500,1500,1500,1500,1500,1500,1500,1500,1500,1500,1500,1500,1500,1500,1500,1500,1500,1500,1500,1500,1500,8.0
2026-05-04,12:53:00.230,-78,-75,91,6,1,8,25,-72,100,11,16.1,0.0,0,0,53.760595 -1.542548,50.7,-327.44,183,9,2,-8,322,-1,11,-1024,-93,-1024,1024,0,-1,-1,-1,-1,1,-1,-1,-1,0x0000000000000002,1397,1474,1661,1500,1500,1420,1500,1500,1500,1500,1500,1500,1500,1500,1500,1500,1500,1500,1500,1500,1500,1500,1500,1500,1500,1500,1500,1500,1500,1500,1500,1500,8.0
2026-05-04,12:53:01.230,-78,-70,100,9,1,8,25,-69,100,10,16.0,0.0,0,0,53.760595 -1.542548,50.7,-327.44,183,9,-3,-3,209,-451,12,-1024,-93,-1024,1024,0,-1,-1,-1,-1,1,-1,-1,-1,0x0000000000000002,1533,1473,1604,1499,1500,1560,1500,1500,1500,1500,1500,1500,1500,1500,1500,1500,1500,1500,1500,1500,1500,1500,1500,1500,1500,1500,1500,1500,1500,1500,1500,1500,8.0
2026-05-04,12:53:02.230,-73,-75,99,8,0,8,25,-74,100,11,16.0,0.0,0,0,53.760793 -1.542826,56.2,317.07,183,9,4,-393,225,40,11,-1024,-93,-1024,1024,0,-1,-1,-1,-1,1,-1,-1,-1,0x0000000000000002,1385,1545,1612,1501,1500,1408,1500,1500,1500,1500,1500,1500,1500,1500,1500,1500,1500,1500,1500,1500,1500,1500,1500,1500,1500,1500,1500,1500,1500,1500,1500,1500,8.0
2026-05-04,12:53:03.230,-76,-65,100,10,1,8,25,-69,100,12,16.1,0.0,0,0,53.760793 -1.542826,56.2,317.07,183,9,3,-7,213,-1,11,-1024,-93,-1024,1024,0,-1,-1,-1,-1,1,-1,-1,-1,0x0000000000000002,1397,1474,1606,1501,1500,1420,1500,1500,1500,1500,1500,1500,1500,1500,1500,1500,1500,1500,1500,1500,1500,1500,1500,1500,1500,1500,1500,1500,1500,1500,1500,1500,8.0
2026-05-04,12:53:04.230,-74,-69,100,9,1,8,25,-73,100,10,16.1,0.0,0,0,53.760928 -1.543183,51.8,282.31,184,9,4,-3,196,-4,11,-1024,-93,-1024,1024,0,-1,-1,-1,-1,1,-1,-1,-1,0x0000000000000002,1397,1473,1598,1501,1500,1421,1500,1500,1500,1500,1500,1500,1500,1500,1500,1500,1500,1500,1500,1500,1500,1500,1500,1500,1500,1500,1500,1500,1500,1500,1500,1500,8.0
2026-05-04,12:53:05.230,-74,-68,100,10,1,8,25,-71,100,11,16.1,0.0,0,0,53.760928 -1.543183,51.8,282.31,184,9,4,-109,419,290,11,-1024,-92,-1024,1024,0,-1,-1,-1,-1,1,-1,-1,-1,0x0000000000000002,1312,1492,1709,1501,1500,1331,1500,1500,1500,1500,1500,1500,1500,1500,1500,1500,1500,1500,1500,1500,1500,1500,1500,1500,1500,1500,1500,1500,1500,1500,1500,1500,8.0
2026-05-04,12:53:06.230,-69,-74,100,10,0,8,25,-68,100,11,16.1,0.0,0,0,53.760896 -1.543558,47.9,254.43,186,9,2,0,339,-48,11,-1024,-93,-1024,1024,0,-1,-1,-1,-1,1,-1,-1,-1,0x0000000000000002,1410,1472,1669,1500,1500,1434,1500,1500,1500,1500,1500,1500,1500,1500,1500,1500,1500,1500,1500,1500,1500,1500,1500,1500,1500,1500,1500,1500,1500,1500,1500,1500,8.0
2026-05-04,12:53:07.230,-75,-70,100,10,1,8,25,-75,100,10,16.0,0.0,0,0,53.760896 -1.543558,47.9,254.43,186,9,4,-5,489,197,11,-1024,-93,-1024,1024,0,-1,-1,-1,-1,1,-1,-1,-1,0x0000000000000002,1340,1473,1744,1501,1500,1361,1500,1500,1500,1500,1500,1500,1500,1500,1500,1500,1500,1500,1500,1500,1500,1500,1500,1500,1500,1500,1500,1500,1500,1500,1500,1500,8.0
2026-05-04,12:53:08.230,-75,-71,100,9,1,8,25,-60,100,9,16.0,0.0,0,0,53.760774 -1.543908,53.9,230.92,187,9,4,-2,491,-7,11,-1024,-93,-1024,1024,0,-1,-1,-1,-1,1,-1,-1,-1,0x0000000000000002,1398,1473,1745,1501,1500,1422,1500,1500,1500,1500,1500,1500,1500,1500,1500,1500,1500,1500,1500,1500,1500,1500,1500,1500,1500,1500,1500,1500,1500,1500,1500,1500,8.0
2026-05-04,12:53:09.230,-69,-75,98,10,0,8,25,-68,100,12,16.0,0.0,0,0,53.760774 -1.543908,53.9,230.92,187,9,2,0,475,-236,11,-1024,-92,-1024,1024,0,-1,-1,-1,-1,1,-1,-1,-1,0x0000000000000002,1464,1472,1737,1500,1500,1491,1500,1500,1500,1500,1500,1500,1500,1500,1500,1500,1500,1500,1500,1500,1500,1500,1500,1500,1500,1500,1500,1500,1500,1500,1500,1500,8.0
2026-05-04,12:53:10.230,-58,-71,100,10,0,8,25,-56,100,10,16.0,0.0,0,0,53.760614 -1.544205,57.0,235.53,189,9,2,7,384,323,11,-1024,-93,-1024,1024,0,-1,-1,-1,-1,1,-1,-1,-1,0x0000000000000002,1302,1471,1692,1500,1500,1320,1500,1500,1500,1500,1500,1500,1500,1500,1500,1500,1500,1500,1500,1500,1500,1500,1500,1500,1500,1500,1500,1500,1500,1500,1500,1500,8.0
2026-05-04,12:53:11.230,-57,-71,100,10,0,8,25,-55,100,12,15.9,0.0,0,0,53.760614 -1.544205,57.0,235.53,189,9,3,-1,412,-7,11,-1024,-93,-1024,1024,0,-1,-1,-1,-1,1,-1,-1,-1,0x0000000000000002,1398,1473,1706,1501,1500,1422,1500,1500,1500,1500,1500,1500,1500,1500,1500,1500,1500,1500,1500,1500,1500,1500,1500,1500,1500,1500,1500,1500,1500,1500,1500,1500,8.0
2026-05-04,12:53:12.230,-59,-67,100,10,0,8,25,-59,100,10,16.0,0.0,0,0,53.760454 -1.544598,54.4,235.95,193,8,2,-4,426,-75,11,-1024,-93,-1024,1024,0,-1,-1,-1,-1,1,-1,-1,-1,0x0000000000000002,1417,1473,1713,1500,1500,1442,1500,1500,1500,1500,1500,1500,1500,1500,1500,1500,1500,1500,1500,1500,1500,1500,1500,1500,1500,1500,1500,1500,1500,1500,1500,1500,8.0
2026-05-04,12:53:13.230,-62,-74,100,10,0,8,25,-68,100,12,16.0,0.0,0,0,53.760454 -1.544598,54.4,235.95,193,8,2,0,391,-340,11,-1024,-93,-1024,1024,0,-1,-1,-1,-1,1,-1,-1,-1,0x0000000000000002,1500,1472,1695,1500,1500,1529,1500,1500,1500,1500,1500,1500,1500,1500,1500,1500,1500,1500,1500,1500,1500,1500,1500,1500,1500,1500,1500,1500,1500,1500,1500,1500,8.0
2026-05-04,12:53:14.230,-60,-74,100,10,0,8,25,-60,100,10,15.9,0.0,0,0,53.760320 -1.544983,53.0,243.28,195,8,1,81,389,-3,11,-1024,-93,-1024,1024,0,-1,-1,-1,-1,1,-1,-1,-1,0x0000000000000002,1397,1458,1694,1500,1500,1421,1500,1500,1500,1500,1500,1500,1500,1500,1500,1500,1500,1500,1500,1500,1500,1500,1500,1500,1500,1500,1500,1500,1500,1500,1500,1500,8.0
2026-05-04,12:53:15.230,-64,-65,100,10,1,8,25,-71,100,11,15.9,0.0,0,0,53.760320 -1.544983,53.0,243.28,195,8,2,-526,390,34,11,-1024,-93,-1024,1024,0,-1,-1,-1,-1,1,-1,-1,-1,0x0000000000000002,1387,1574,1695,1500,1500,1410,1500,1500,1500,1500,1500,1500,1500,1500,1500,1500,1500,1500,1500,1500,1500,1500,1500,1500,1500,1500,1500,1500,1500,1500,1500,1500,8.0
2026-05-04,12:53:16.230,-78,-52,100,11,1,8,25,-53,100,11,15.9,0.0,0,0,53.760211 -1.545386,55.2,246.05,198,9,2,147,308,-4,11,-1024,-93,-1024,1024,0,-1,-1,-1,-1,1,-1,-1,-1,0x0000000000000002,1397,1446,1654,1500,1500,1421,1500,1500,1500,1500,1500,1500,1500,1500,1500,1500,1500,1500,1500,1500,1500,1500,1500,1500,1500,1500,1500,1500,1500,1500,1500,1500,8.0
2026-05-04,12:53:17.230,-78,-54,100,11,1,8,25,-53,100,13,15.9,0.0,0,0,53.760057 -1.545785,54.7,229.56,198,9,-22,-4,253,-512,11,-1024,-93,-1024,1024,0,-1,-1,-1,-1,1,-1,-1,-1,0x0000000000000002,1555,1473,1626,1495,1500,1581,1500,1500,1500,1500,1500,1500,1500,1500,1500,1500,1500,1500,1500,1500,1500,1500,1500,1500,1500,1500,1500,1500,1500,1500,1500,1500,8.0
2026-05-04,12:53:18.230,-72,-67,100,10,1,8,25,-67,100,11,16.0,0.0,0,0,53.760057 -1.545785,54.7,229.56,198,9,2,-313,180,158,11,-1024,-93,-1024,1024,0,-1,-1,-1,-1,1,-1,-1,-1,0x0000000000000002,1351,1529,1590,1500,1500,1372,1500,1500,1500,1500,1500,1500,1500,1500,1500,1500,1500,1500,1500,1500,1500,1500,1500,1500,1500,1500,1500,1500,1500,1500,1500,1500,8.0
2026-05-04,12:53:19.230,-72,-63,100,10,1,8,25,-59,100,12,16.0,0.0,0,0,53.759884 -1.546096,52.5,213.15,200,10,4,2,179,422,11,-1024,-93,-1024,1024,0,-1,-1,-1,-1,1,-1,-1,-1,0x0000000000000002,1269,1472,1589,1501,1500,1285,1500,1500,1500,1500,1500,1500,1500,1500,1500,1500,1500,1500,1500,1500,1500,1500,1500,1500,1500,1500,1500,1500,1500,1500,1500,1500,8.0
2026-05-04,12:53:20.230,-72,-66,100,10,1,8,25,-66,100,12,16.0,0.0,0,0,53.759884 -1.546096,52.5,213.15,200,10,3,70,101,-8,11,-1024,-93,-1024,1024,0,-1,-1,-1,-1,1,-1,-1,-1,0x0000000000000002,1399,1460,1550,1501,1500,1422,1500,1500,1500,1500,1500,1500,1500,1500,1500,1500,1500,1500,1500,1500,1500,1500,1500,1500,1500,1500,1500,1500,1500,1500,1500,1500,8.0
2026-05-04,12:53:21.230,-72,-65,100,10,1,8,25,-62,100,10,16.0,0.0,0,0,53.759641 -1.546046,55.5,147.67,199,10,4,209,107,-4,11,-1024,-93,-1024,1024,0,-1,-1,-1,-1,1,-1,-1,-1,0x0000000000000002,1397,1435,1553,1501,1500,1421,1500,1500,1500,1500,1500,1500,1500,1500,1500,1500,1500,1500,1500,1500,1500,1500,1500,1500,1500,1500,1500,1500,1500,1500,1500,1500,8.0
2026-05-04,12:53:22.230,-72,-54,100,11,1,8,25,-53,100,9,16.0,0.0,0,0,53.759641 -1.546046,55.5,147.67,199,10,3,-7,73,-373,11,-1024,-93,-1024,1024,0,-1,-1,-1,-1,1,-1,-1,-1,0x0000000000000002,1506,1474,1536,1501,1500,1535,1500,1500,1500,1500,1500,1500,1500,1500,1500,1500,1500,1500,1500,1500,1500,1500,1500,1500,1500,1500,1500,1500,1500,1500,1500,1500,8.0
2026-05-04,12:53:23.230,-72,-52,100,10,1,8,25,-49,100,11,16.0,0.0,0,0,53.759449 -1.545776,55.5,137.05,197,10,-67,-57,77,-145,11,-1024,-93,-1024,1024,0,-1,-1,-1,-1,1,-1,-1,-1,0x0000000000000002,1437,1482,1538,1482,1500,1459,1500,1500,1500,1500,1500,1500,1500,1500,1500,1500,1500,1500,1500,1500,1500,1500,1500,1500,1500,1500,1500,1500,1500,1500,1500,1500,8.0
2026-05-04,12:53:24.230,-69,-64,100,10,1,8,25,-59,100,12,16.1,0.0,0,0,53.759449 -1.545776,55.5,137.05,197,10,1,-213,193,134,11,-1024,-93,-1024,1024,0,-1,-1,-1,-1,1,-1,-1,-1,0x0000000000000002,1359,1510,1596,1500,1500,1380,1500,1500,1500,1500,1500,1500,1500,1500,1500,1500,1500,1500,1500,1500,1500,1500,1500,1500,1500,1500,1500,1500,1500,1500,1500,1500,8.0
2026-05-04,12:53:25.230,-69,-58,100,10,1,8,25,-70,100,11,16.1,0.0,0,0,53.759283 -1.545375,61.3,102.03,194,10,1,-155,194,438,11,-1024,-93,-1024,1024,0,-1,-1,-1,-1,1,-1,-1,-1,0x0000000000000002,1264,1500,1597,1500,1500,1280,1500,1500,1500,1500,1500,1500,1500,1500,1500,1500,1500,1500,1500,1500,1500,1500,1500,1500,1500,1500,1500,1500,1500,1500,1500,1500,8.0
2026-05-04,12:53:26.230,-53,-64,100,10,0,8,25,-56,100,10,16.0,0.0,0,0,53.759283 -1.545375,61.3,102.03,194,10,1,-1,372,404,11,-1024,-93,-1024,1024,0,-1,-1,-1,-1,1,-1,-1,-1,0x0000000000000002,1276,1473,1686,1500,1500,1292,1500,1500,1500,1500,1500,1500,1500,1500,1500,1500,1500,1500,1500,1500,1500,1500,1500,1500,1500,1500,1500,1500,1500,1500,1500,1500,8.0
2026-05-04,12:53:27.230,-59,-66,100,11,0,8,25,-66,100,10,16.0,0.0,0,0,53.759443 -1.544963,68.3,28.79,191,10,1,0,457,2,11,-1024,-93,-1024,1024,0,-1,-1,-1,-1,1,-1,-1,-1,0x0000000000000002,1396,1472,1728,1500,1500,1419,1500,1500,1500,1500,1500,1500,1500,1500,1500,1500,1500,1500,1500,1500,1500,1500,1500,1500,1500,1500,1500,1500,1500,1500,1500,1500,8.0
2026-05-04,12:53:28.230,-65,-67,100,10,1,8,25,-66,100,12,15.9,0.0,0,0,53.759443 -1.544963,68.3,28.79,191,10,1,-396,1024,-213,11,-1024,-93,-1024,1024,0,-1,-1,-1,-1,1,-1,-1,-1,0x0000000000000002,1457,1546,2012,1500,1500,1484,1500,1500,1500,1500,1500,1500,1500,1500,1500,1500,1500,1500,1500,1500,1500,1500,1500,1500,1500,1500,1500,1500,1500,1500,1500,1500,8.0
2026-05-04,12:53:29.230,-57,-57,100,11,1,8,25,-57,100,10,15.9,0.0,0,0,53.759705 -1.544791,60.1,20.32,193,10,5,2,371,-2,11,-1024,-93,-1024,1024,0,-1,-1,-1,-1,1,-1,-1,-1,0x0000000000000002,1397,1472,1685,1501,1500,1420,1500,1500,1500,1500,1500,1500,1500,1500,1500,1500,1500,1500,1500,1500,1500,1500,1500,1500,1500,1500,1500,1500,1500,1500,1500,1500,8.0
2026-05-04,12:53:30.230,-55,-62,100,11,0,8,25,-61,100,11,15.6,0.0,0,0,53.759705 -1.544791,60.1,20.32,193,10,7,1,340,-2,11,-1024,-93,-1024,1024,0,-1,-1,-1,-1,1,-1,-1,-1,0x0000000000000002,1397,1472,1670,1502,1500,1420,1500,1500,1500,1500,1500,1500,1500,1500,1500,1500,1500,1500,1500,1500,1500,1500,1500,1500,1500,1500,1500,1500,1500,1500,1500,1500,8.0
2026-05-04,12:53:31.230,-59,-68,100,11,0,8,25,-56,100,10,15.6,0.0,0,0,53.759955 -1.544601,54.7,22.07,197,10,3,0,343,197,11,-1024,-93,-1024,1024,0,-1,-1,-1,-1,1,-1,-1,-1,0x0000000000000002,1340,1472,1671,1501,1500,1361,1500,1500,1500,1500,1500,1500,1500,1500,1500,1500,1500,1500,1500,1500,1500,1500,1500,1500,1500,1500,1500,1500,1500,1500,1500,1500,8.0
2026-05-04,12:53:32.230,-63,-59,100,10,1,8,25,-62,100,10,15.9,0.0,0,0,53.759955 -1.544601,54.7,22.07,197,10,5,9,347,1019,10,-1024,-93,-1024,1024,0,-1,-1,-1,-1,1,-1,-1,-1,0x0000000000000002,990,1471,1673,1501,1500,990,1500,1500,1500,1500,1500,1500,1500,1500,1500,1500,1500,1500,1500,1500,1500,1500,1500,1500,1500,1500,1500,1500,1500,1500,1500,1500,8.0
2026-05-04,12:53:33.230,-78,-61,100,10,1,8,25,-65,100,10,15.9,0.0,0,0,53.760166 -1.544483,50.4,10.69,201,10,5,-226,425,392,11,-1024,-93,-1024,1024,0,-1,-1,-1,-1,1,-1,-1,-1,0x0000000000000002,1280,1512,1713,1501,1500,1297,1500,1500,1500,1500,1500,1500,1500,1500,1500,1500,1500,1500,1500,1500,1500,1500,1500,1500,1500,1500,1500,1500,1500,1500,1500,1500,8.0
2026-05-04,12:53:34.230,-60,-77,100,10,0,8,25,-55,100,11,15.9,0.0,0,0,53.760166 -1.544483,50.4,10.69,201,10,4,-366,451,116,11,-1024,-93,-1024,1024,0,-1,-1,-1,-1,1,-1,-1,-1,0x0000000000000002,1363,1539,1725,1501,1500,1385,1500,1500,1500,1500,1500,1500,1500,1500,1500,1500,1500,1500,1500,1500,1500,1500,1500,1500,1500,1500,1500,1500,1500,1500,1500,1500,8.0
2026-05-04,12:53:35.230,-57,-67,100,10,0,8,25,-68,100,11,15.8,0.0,0,0,53.760396 -1.544440,58.3,9.20,201,10,5,-12,388,-173,11,-1024,-93,-1024,1024,0,-1,-1,-1,-1,1,-1,-1,-1,0x0000000000000002,1445,1474,1694,1501,1500,1472,1500,1500,1500,1500,1500,1500,1500,1500,1500,1500,1500,1500,1500,1500,1500,1500,1500,1500,1500,1500,1500,1500,1500,1500,1500,1500,8.0
2026-05-04,12:53:36.230,-82,-77,99,9,1,8,25,-77,100,9,15.8,0.0,0,0,53.760396 -1.544440,58.3,9.20,201,10,7,0,380,528,11,-1024,-93,-1024,1024,0,-1,-1,-1,-1,1,-1,-1,-1,0x0000000000000002,1232,1472,1690,1502,1500,1233,1500,1500,1500,1500,1500,1500,1500,1500,1500,1500,1500,1500,1500,1500,1500,1500,1500,1500,1500,1500,1500,1500,1500,1500,1500,1500,8.0
2026-05-04,12:53:37.230,-82,-75,100,9,1,8,25,-72,100,10,15.9,0.0,0,0,53.760659 -1.544144,68.2,63.16,197,10,16,-138,287,130,11,-1024,-93,-1024,1024,0,-1,-1,-1,-1,1,-1,-1,-1,0x0000000000000002,1359,1497,1643,1504,1500,1381,1500,1500,1500,1500,1500,1500,1500,1500,1500,1500,1500,1500,1500,1500,1500,1500,1500,1500,1500,1500,1500,1500,1500,1500,1500,1500,8.0
2026-05-04,12:53:38.230,-80,-76,100,8,1,8,25,-73,100,10,15.9,0.0,0,0,53.760659 -1.544144,68.2,63.16,197,10,62,-163,235,83,11,-1024,-93,-1024,1024,0,-1,-1,-1,-1,1,-1,-1,-1,0x0000000000000002,1373,1501,1617,1517,1500,1395,1500,1500,1500,1500,1500,1500,1500,1500,1500,1500,1500,1500,1500,1500,1500,1500,1500,1500,1500,1500,1500,1500,1500,1500,1500,1500,8.0
2026-05-04,12:53:39.230,-70,-77,100,10,0,8,25,-70,100,11,15.9,0.0,0,0,53.760742 -1.543583,68.0,91.10,194,8,5,-2,254,-140,11,-1024,-93,-1024,1024,0,-1,-1,-1,-1,1,-1,-1,-1,0x0000000000000002,1433,1473,1627,1501,1500,1458,1500,1500,1500,1500,1500,1500,1500,1500,1500,1500,1500,1500,1500,1500,1500,1500,1500,1500,1500,1500,1500,1500,1500,1500,1500,1500,8.0
2026-05-04,12:53:40.230,-78,-73,100,10,1,8,25,-70,100,12,15.9,0.0,0,0,53.760614 -1.543231,54.2,161.59,194,9,3,1,238,-1,11,-1024,-93,-1024,1024,0,-1,-1,-1,-1,1,-1,-1,-1,0x0000000000000002,1397,1472,1619,1501,1500,1420,1500,1500,1500,1500,1500,1500,1500,1500,1500,1500,1500,1500,1500,1500,1500,1500,1500,1500,1500,1500,1500,1500,1500,1500,1500,1500,8.0
2026-05-04,12:53:41.230,-78,-71,100,9,1,8,25,-69,100,10,15.9,0.0,0,0,53.760614 -1.543231,54.2,161.59,194,9,48,1,235,332,11,-1024,-93,-1024,1024,0,-1,-1,-1,-1,1,-1,-1,-1,0x0000000000000002,1299,1472,1617,1513,1500,1317,1500,1500,1500,1500,1500,1500,1500,1500,1500,1500,1500,1500,1500,1500,1500,1500,1500,1500,1500,1500,1500,1500,1500,1500,1500,1500,8.0
2026-05-04,12:53:42.230,-78,-63,100,10,1,8,25,-60,100,11,15.9,0.0,0,0,53.760371 -1.543288,57.8,204.65,191,10,3,-29,242,-355,11,-1024,-93,-1024,1024,0,-1,-1,-1,-1,1,-1,-1,-1,0x0000000000000002,1501,1477,1621,1501,1500,1530,1500,1500,1500,1500,1500,1500,1500,1500,1500,1500,1500,1500,1500,1500,1500,1500,1500,1500,1500,1500,1500,1500,1500,1500,1500,1500,8.0
2026-05-04,12:53:43.230,-77,-64,100,10,1,8,25,-65,100,11,16.0,0.0,0,0,53.760371 -1.543288,57.8,204.65,191,10,4,2,236,-10,11,-1024,-93,-1024,1024,0,-1,-1,-1,-1,1,-1,-1,-1,0x0000000000000002,1399,1472,1618,1501,1500,1423,1500,1500,1500,1500,1500,1500,1500,1500,1500,1500,1500,1500,1500,1500,1500,1500,1500,1500,1500,1500,1500,1500,1500,1500,1500,1500,8.0
2026-05-04,12:53:44.230,-71,-68,100,10,1,8,25,-66,100,12,16.0,0.0,0,0,53.760134 -1.543584,59.9,229.89,190,9,5,-3,270,19,11,-1024,-93,-1024,1024,0,-1,-1,-1,-1,1,-1,-1,-1,0x0000000000000002,1391,1473,1635,1501,1500,1414,1500,1500,1500,1500,1500,1500,1500,1500,1500,1500,1500,1500,1500,1500,1500,1500,1500,1500,1500,1500,1500,1500,1500,1500,1500,1500,8.0
2026-05-04,12:53:45.230,-71,-60,100,10,1,8,25,-64,100,11,16.0,0.0,0,0,53.760134 -1.543584,59.9,229.89,190,9,3,-2,295,101,11,-1024,-93,-1024,1024,0,-1,-1,-1,-1,1,-1,-1,-1,0x0000000000000002,1368,1473,1647,1501,1500,1390,1500,1500,1500,1500,1500,1500,1500,1500,1500,1500,1500,1500,1500,1500,1500,1500,1500,1500,1500,1500,1500,1500,1500,1500,1500,1500,8.0
2026-05-04,12:53:46.230,-58,-65,100,10,0,8,25,-56,100,10,16.0,0.0,0,0,53.759955 -1.543870,47.5,217.92,192,10,5,-9,546,113,11,-1024,-93,-1024,1024,0,-1,-1,-1,-1,1,-1,-1,-1,0x0000000000000002,1365,1474,1773,1501,1500,1386,1500,1500,1500,1500,1500,1500,1500,1500,1500,1500,1500,1500,1500,1500,1500,1500,1500,1500,1500,1500,1500,1500,1500,1500,1500,1500,8.0
2026-05-04,12:53:47.230,-54,-65,100,10,0,8,25,-49,100,10,15.8,0.0,0,0,53.759955 -1.543870,47.5,217.92,192,10,2,-144,419,-62,11,-1024,-93,-1024,1024,0,-1,-1,-1,-1,1,-1,-1,-1,0x0000000000000002,1413,1498,1709,1500,1500,1438,1500,1500,1500,1500,1500,1500,1500,1500,1500,1500,1500,1500,1500,1500,1500,1500,1500,1500,1500,1500,1500,1500,1500,1500,1500,1500,8.0
2026-05-04,12:53:48.230,-53,-61,100,10,0,8,25,-58,100,10,15.8,0.0,0,0,53.759788 -1.544070,45.5,214.83,194,10,3,5,383,-3,11,-1024,-93,-1024,1024,0,-1,-1,-1,-1,1,-1,-1,-1,0x0000000000000002,1397,1471,1691,1501,1500,1421,1500,1500,1500,1500,1500,1500,1500,1500,1500,1500,1500,1500,1500,1500,1500,1500,1500,1500,1500,1500,1500,1500,1500,1500,1500,1500,8.0
2026-05-04,12:53:49.230,-67,-57,99,11,1,8,25,-49,100,11,15.8,0.0,0,0,53.759788 -1.544070,45.5,214.83,194,10,3,2,398,-2,11,-1024,-93,-1024,1024,0,-1,-1,-1,-1,1,-1,-1,-1,0x0000000000000002,1397,1472,1699,1501,1500,1420,1500,1500,1500,1500,1500,1500,1500,1500,1500,1500,1500,1500,1500,1500,1500,1500,1500,1500,1500,1500,1500,1500,1500,1500,1500,1500,8.0
2026-05-04,12:53:50.230,-63,-49,100,10,1,8,25,-48,100,10,15.8,0.0,0,0,53.759596 -1.544298,47.3,216.36,196,10,5,4,702,-223,11,-1024,-93,-1024,1024,0,-1,-1,-1,-1,1,-1,-1,-1,0x0000000000000002,1460,1471,1851,1501,1500,1487,1500,1500,1500,1500,1500,1500,1500,1500,1500,1500,1500,1500,1500,1500,1500,1500,1500,1500,1500,1500,1500,1500,1500,1500,1500,1500,8.0
2026-05-04,12:53:51.230,-49,-61,100,11,0,8,25,-47,100,9,15.8,0.0,0,0,53.759596 -1.544298,47.3,216.36,196,10,3,-37,516,-200,11,-1024,-93,-1024,1024,0,-1,-1,-1,-1,1,-1,-1,-1,0x0000000000000002,1453,1479,1758,1501,1500,1480,1500,1500,1500,1500,1500,1500,1500,1500,1500,1500,1500,1500,1500,1500,1500,1500,1500,1500,1500,1500,1500,1500,1500,1500,1500,1500,8.0
2026-05-04,12:53:52.230,-62,-69,100,10,0,8,25,-56,100,10,15.8,0.0,0,0,53.759398 -1.544509,54.0,205.07,196,10,5,1,475,403,11,-1024,-93,-1024,1024,0,-1,-1,-1,-1,1,-1,-1,-1,0x0000000000000002,1276,1472,1738,1501,1500,1292,1500,1500,1500,1500,1500,1500,1500,1500,1500,1500,1500,1500,1500,1500,1500,1500,1500,1500,1500,1500,1500,1500,1500,1500,1500,1500,8.0
2026-05-04,12:53:53.230,-65,-55,100,11,1,8,25,-49,100,11,15.8,0.0,0,0,53.759398 -1.544509,54.0,205.07,196,10,47,-150,480,41,11,-1024,-93,-1024,1024,0,-1,-1,-1,-1,1,-1,-1,-1,0x0000000000000002,1385,1499,1740,1513,1500,1408,1500,1500,1500,1500,1500,1500,1500,1500,1500,1500,1500,1500,1500,1500,1500,1500,1500,1500,1500,1500,1500,1500,1500,1500,1500,1500,8.0
2026-05-04,12:53:54.230,-66,-61,100,11,1,8,25,-54,100,10,15.8,0.0,0,0,53.759148 -1.544645,53.7,189.71,197,10,117,-349,478,3,11,-1024,-93,-1024,1024,0,-1,-1,-1,-1,1,-1,-1,-1,0x0000000000000002,1395,1536,1739,1533,1500,1419,1500,1500,1500,1500,1500,1500,1500,1500,1500,1500,1500,1500,1500,1500,1500,1500,1500,1500,1500,1500,1500,1500,1500,1500,1500,1500,8.0
2026-05-04,12:53:55.230,-54,-64,100,10,0,8,25,-67,100,11,15.7,0.0,0,0,53.759148 -1.544645,53.7,189.71,197,10,9,-348,478,-2,11,-1024,-93,-1024,1024,0,-1,-1,-1,-1,1,-1,-1,-1,0x0000000000000002,1397,1536,1739,1502,1500,1420,1500,1500,1500,1500,1500,1500,1500,1500,1500,1500,1500,1500,1500,1500,1500,1500,1500,1500,1500,1500,1500,1500,1500,1500,1500,1500,8.0
2026-05-04,12:53:56.230,-87,-57,100,10,1,8,25,-53,100,10,15.7,0.0,0,0,53.758931 -1.544808,50.7,223.50,200,10,3,-5,467,-321,11,-1024,-93,-1024,1024,0,-1,-1,-1,-1,1,-1,-1,-1,0x0000000000000002,1490,1473,1733,1501,1500,1518,1500,1500,1500,1500,1500,1500,1500,1500,1500,1500,1500,1500,1500,1500,1500,1500,1500,1500,1500,1500,1500,1500,1500,1500,1500,1500,8.0
2026-05-04,12:53:57.230,-87,-55,100,10,1,8,25,-53,100,11,15.7,0.0,0,0,53.758931 -1.544808,50.7,223.50,200,10,4,-6,462,-327,12,-1024,-93,-1024,1024,0,-1,-1,-1,-1,1,-1,-1,-1,0x0000000000000002,1492,1473,1731,1501,1500,1520,1500,1500,1500,1500,1500,1500,1500,1500,1500,1500,1500,1500,1500,1500,1500,1500,1500,1500,1500,1500,1500,1500,1500,1500,1500,1500,8.0
2026-05-04,12:53:58.230,-87,-58,100,10,1,8,25,-67,100,11,15.7,0.0,0,0,53.758886 -1.545186,55.3,290.42,203,9,5,-1,470,362,11,-1024,-93,-1024,1024,0,-1,-1,-1,-1,1,-1,-1,-1,0x0000000000000002,1289,1473,1735,1501,1500,1307,1500,1500,1500,1500,1500,1500,1500,1500,1500,1500,1500,1500,1500,1500,1500,1500,1500,1500,1500,1500,1500,1500,1500,1500,1500,1500,8.0
2026-05-04,12:53:59.230,-80,-59,100,11,1,8,25,-56,100,12,15.8,0.0,0,0,53.758886 -1.545186,55.3,290.42,203,9,145,-101,481,688,11,-1024,-93,-1024,1024,0,-1,-1,-1,-1,1,-1,-1,-1,0x0000000000000002,1167,1490,1740,1541,1500,1177,1500,1500,1500,1500,1500,1500,1500,1500,1500,1500,1500,1500,1500,1500,1500,1500,1500,1500,1500,1500,1500,1500,1500,1500,1500,1500,8.0
2026-05-04,12:54:00.230,-64,-63,100,11,1,8,25,-58,100,11,15.8,0.0,0,0,53.759059 -1.545683,65.1,302.91,204,10,5,-112,325,-109,11,-1024,-93,-1024,1024,0,-1,-1,-1,-1,1,-1,-1,-1,0x0000000000000002,1430,1492,1657,1501,1500,1455,1500,1500,1500,1500,1500,1500,1500,1500,1500,1500,1500,1500,1500,1500,1500,1500,1500,1500,1500,1500,1500,1500,1500,1500,1500,1500,8.0
2026-05-04,12:54:01.230,-78,-74,100,9,1,8,25,-60,100,11,15.8,0.0,0,0,53.759059 -1.545683,65.1,302.91,204,10,5,-29,147,0,11,-1024,-93,-1024,1024,0,-1,-1,-1,-1,1,-1,-1,-1,0x0000000000000002,1396,1477,1573,1501,1500,1420,1500,1500,1500,1500,1500,1500,1500,1500,1500,1500,1500,1500,1500,1500,1500,1500,1500,1500,1500,1500,1500,1500,1500,1500,1500,1500,8.0
2026-05-04,12:54:02.230,-78,-56,100,10,1,8,25,-55,100,11,15.8,0.0,0,0,53.759276 -1.546040,67.0,-302.34,205,10,4,-225,197,-364,11,-1024,-93,-1024,1024,0,-1,-1,-1,-1,1,-1,-1,-1,0x0000000000000002,1503,1512,1598,1501,1500,1533,1500,1500,1500,1500,1500,1500,1500,1500,1500,1500,1500,1500,1500,1500,1500,1500,1500,1500,1500,1500,1500,1500,1500,1500,1500,1500,8.0
2026-05-04,12:54:03.230,-68,-62,99,11,1,8,25,-53,100,10,15.8,0.0,0,0,53.759276 -1.546040,67.0,-302.34,205,10,2,-2,179,0,11,-1024,-93,-1024,1024,0,-1,-1,-1,-1,1,-1,-1,-1,0x0000000000000002,1396,1473,1590,1501,1500,1420,1500,1500,1500,1500,1500,1500,1500,1500,1500,1500,1500,1500,1500,1500,1500,1500,1500,1500,1500,1500,1500,1500,1500,1500,1500,1500,8.0
2026-05-04,12:54:04.230,-68,-60,100,11,1,8,25,-51,100,11,15.8,0.0,0,0,53.759558 -1.545903,65.8,41.90,204,10,1,-3,224,9,11,-1024,-93,-1024,1024,0,-1,-1,-1,-1,1,-1,-1,-1,0x0000000000000002,1393,1473,1612,1500,1500,1417,1500,1500,1500,1500,1500,1500,1500,1500,1500,1500,1500,1500,1500,1500,1500,1500,1500,1500,1500,1500,1500,1500,1500,1500,1500,1500,8.0
2026-05-04,12:54:05.230,-69,-63,100,11,1,8,25,-56,100,9,15.8,0.0,0,0,53.759558 -1.545903,65.8,41.90,204,10,1,-9,192,127,11,-1024,-93,-1024,1024,0,-1,-1,-1,-1,1,-1,-1,-1,0x0000000000000002,1361,1474,1596,1500,1500,1382,1500,1500,1500,1500,1500,1500,1500,1500,1500,1500,1500,1500,1500,1500,1500,1500,1500,1500,1500,1500,1500,1500,1500,1500,1500,1500,8.0
2026-05-04,12:54:06.230,-61,-76,100,10,0,8,25,-55,100,10,15.8,0.0,0,0,53.759756 -1.545481,63.4,50.02,203,10,1,-2,206,-4,11,-1024,-93,-1024,1024,0,-1,-1,-1,-1,1,-1,-1,-1,0x0000000000000002,1397,1473,1603,1500,1500,1421,1500,1500,1500,1500,1500,1500,1500,1500,1500,1500,1500,1500,1500,1500,1500,1500,1500,1500,1500,1500,1500,1500,1500,1500,1500,1500,8.0
2026-05-04,12:54:07.230,-63,-52,100,10,1,8,25,-54,100,10,15.8,0.0,0,0,53.759756 -1.545481,63.4,50.02,203,10,2,2,196,289,11,-1024,-93,-1024,1024,0,-1,-1,-1,-1,1,-1,-1,-1,0x0000000000000002,1313,1472,1598,1500,1500,1331,1500,1500,1500,1500,1500,1500,1500,1500,1500,1500,1500,1500,1500,1500,1500,1500,1500,1500,1500,1500,1500,1500,1500,1500,1500,1500,8.0
2026-05-04,12:54:08.230,-63,-54,100,10,1,8,25,-58,100,11,15.8,0.0,0,0,53.759993 -1.545206,59.0,25.14,205,10,10,1,199,478,11,-1024,-93,-1024,1024,0,-1,-1,-1,-1,1,-1,-1,-1,0x0000000000000002,1250,1472,1605,1506,1500,1265,1500,1500,1500,1500,1500,1500,1500,1500,1500,1500,1500,1500,1500,1500,1500,1500,1500,1500,1500,1500,1500,1500,1500,1500,1500,1500,8.0
2026-05-04,12:54:09.230,-57,-76,100,10,0,8,25,-54,100,12,15.8,0.0,0,0,53.759993 -1.545206,59.0,25.14,205,10,10,-4,360,-1,11,-1024,-93,-1024,1024,0,-1,-1,-1,-1,1,-1,-1,-1,0x0000000000000002,1397,1473,1680,1503,1500,1420,1500,1500,1500,1500,1500,1500,1500,1500,1500,1500,1500,1500,1500,1500,1500,1500,1500,1500,1500,1500,1500,1500,1500,1500,1500,1500,8.0
2026-05-04,12:54:10.230,-61,-60,100,10,1,8,25,-55,100,10,15.8,0.0,0,0,53.760262 -1.545069,56.8,13.22,206,10,1,-6,394,-5,11,-1024,-93,-1024,1024,0,-1,-1,-1,-1,1,-1,-1,-1,0x0000000000000002,1397,1473,1697,1500,1500,1421,1500,1500,1500,1500,1500,1500,1500,1500,1500,1500,1500,1500,1500,1500,1500,1500,1500,1500,1500,1500,1500,1500,1500,1500,1500,1500,8.0
2026-05-04,12:54:11.230,-61,-53,100,11,1,8,25,-57,100,11,15.8,0.0,0,0,53.760262 -1.545069,56.8,13.22,206,10,1,2,392,-6,11,-1024,-93,-1024,1024,0,-1,-1,-1,-1,1,-1,-1,-1,0x0000000000000002,1397,1472,1696,1500,1500,1421,1500,1500,1500,1500,1500,1500,1500,1500,1500,1500,1500,1500,1500,1500,1500,1500,1500,1500,1500,1500,1500,1500,1500,1500,1500,1500,8.0
2026-05-04,12:54:12.230,-68,-60,100,11,1,8,25,-58,100,11,15.8,0.0,0,0,53.760480 -1.544894,61.1,32.46,204,10,1,9,387,-6,11,-1024,-93,-1024,1024,0,-1,-1,-1,-1,1,-1,-1,-1,0x0000000000000002,1398,1471,1693,1500,1500,1421,1500,1500,1500,1500,1500,1500,1500,1500,1500,1500,1500,1500,1500,1500,1500,1500,1500,1500,1500,1500,1500,1500,1500,1500,1500,1500,8.0
2026-05-04,12:54:13.230,-61,-65,100,10,0,8,25,-62,100,11,15.8,0.0,0,0,53.760480 -1.544894,61.1,32.46,204,10,26,1,385,416,11,-1024,-93,-1024,1024,0,-1,-1,-1,-1,1,-1,-1,-1,0x0000000000000002,1271,1472,1692,1507,1500,1288,1500,1500,1500,1500,1500,1500,1500,1500,1500,1500,1500,1500,1500,1500,1500,1500,1500,1500,1500,1500,1500,1500,1500,1500,1500,1500,8.0
2026-05-04,12:54:14.230,-62,-65,100,11,0,8,25,-63,100,9,15.8,0.0,0,0,53.760697 -1.544523,65.4,41.76,202,10,238,-162,387,2,11,-1024,-93,-1024,1024,0,-1,-1,-1,-1,1,-1,-1,-1,0x0000000000000002,1396,1500,1693,1568,1500,1419,1500,1500,1500,1500,1500,1500,1500,1500,1500,1500,1500,1500,1500,1500,1500,1500,1500,1500,1500,1500,1500,1500,1500,1500,1500,1500,8.0
2026-05-04,12:54:15.230,-72,-69,100,10,1,8,25,-68,100,9,15.8,0.0,0,0,53.760953 -1.544189,66.6,48.32,200,10,4,-160,377,-6,11,-1024,-93,-1024,1024,0,-1,-1,-1,-1,1,-1,-1,-1,0x0000000000000002,1398,1500,1688,1501,1500,1421,1500,1500,1500,1500,1500,1500,1500,1500,1500,1500,1500,1500,1500,1500,1500,1500,1500,1500,1500,1500,1500,1500,1500,1500,1500,1500,8.0
2026-05-04,12:54:16.230,-74,-78,100,9,0,8,25,-71,100,11,15.8,0.0,0,0,53.760953 -1.544189,66.6,48.32,200,10,4,-1,316,0,11,-1024,-93,-1024,1024,0,-1,-1,-1,-1,1,-1,-1,-1,0x0000000000000002,1396,1473,1658,1501,1500,1420,1500,1500,1500,1500,1500,1500,1500,1500,1500,1500,1500,1500,1500,1500,1500,1500,1500,1500,1500,1500,1500,1500,1500,1500,1500,1500,8.0
2026-05-04,12:54:17.230,-77,-65,100,9,1,8,25,-60,100,11,15.8,0.0,0,0,53.761030 -1.543698,59.5,102.45,199,10,-615,5,294,-6,11,-1024,-93,-1024,1024,0,-1,-1,-1,-1,1,-1,-1,-1,0x0000000000000002,1398,1471,1646,1311,1500,1421,1500,1500,1500,1500,1500,1500,1500,1500,1500,1500,1500,1500,1500,1500,1500,1500,1500,1500,1500,1500,1500,1500,1500,1500,1500,1500,8.0
2026-05-04,12:54:18.230,-77,-62,100,10,1,8,25,-60,100,10,15.8,0.0,0,0,53.761030 -1.543698,59.5,102.45,199,10,130,2,247,328,11,-1024,-93,-1024,1024,0,-1,-1,-1,-1,1,-1,-1,-1,0x0000000000000002,1301,1472,1623,1536,1500,1322,1500,1500,1500,1500,1500,1500,1500,1500,1500,1500,1500,1500,1500,1500,1500,1500,1500,1500,1500,1500,1500,1500,1500,1500,1500,1500,8.0
2026-05-04,12:54:19.230,-65,-61,100,10,1,8,25,-61,100,9,15.8,0.0,0,0,53.760908 -1.543335,56.5,129.42,198,10,7,-144,421,-1,11,-1024,-93,-1024,1024,0,-1,-1,-1,-1,1,-1,-1,-1,0x0000000000000002,1397,1498,1710,1502,1500,1420,1500,1500,1500,1500,1500,1500,1500,1500,1500,1500,1500,1500,1500,1500,1500,1500,1500,1500,1500,1500,1500,1500,1500,1500,1500,1500,8.0
2026-05-04,12:54:20.230,-67,-65,100,11,0,8,25,-68,100,10,15.8,0.0,0,0,53.760908 -1.543335,56.5,129.42,198,10,5,-21,392,2,11,-1024,-93,-1024,1024,0,-1,-1,-1,-1,1,-1,-1,-1,0x0000000000000002,1396,1476,1696,1501,1500,1419,1500,1500,1500,1500,1500,1500,1500,1500,1500,1500,1500,1500,1500,1500,1500,1500,1500,1500,1500,1500,1500,1500,1500,1500,1500,1500,8.0
2026-05-04,12:54:21.230,-79,-69,100,10,0,8,25,-62,100,10,15.8,0.0,0,0,53.760774 -1.542973,54.8,155.67,197,10,270,-1,270,75,11,-1024,-93,-1024,1024,0,-1,-1,-1,-1,1,-1,-1,-1,0x0000000000000002,1375,1473,1634,1577,1500,1398,1500,1500,1500,1500,1500,1500,1500,1500,1500,1500,1500,1500,1500,1500,1500,1500,1500,1500,1500,1500,1500,1500,1500,1500,1500,1500,8.0
2026-05-04,12:54:22.230,-69,-67,100,10,1,8,25,-64,100,10,15.8,0.0,0,0,53.760774 -1.542973,54.8,155.67,197,10,2,-40,356,-309,11,-1024,-93,-1024,1024,0,-1,-1,-1,-1,1,-1,-1,-1,0x0000000000000002,1486,1479,1678,1500,1500,1514,1500,1500,1500,1500,1500,1500,1500,1500,1500,1500,1500,1500,1500,1500,1500,1500,1500,1500,1500,1500,1500,1500,1500,1500,1500,1500,8.0
2026-05-04,12:54:23.230,-78,-71,100,11,1,8,25,-67,100,10,15.8,0.0,0,0,53.760499 -1.542969,58.1,200.26,196,10,3,20,339,-182,11,-1024,-93,-1024,1024,0,-1,-1,-1,-1,1,-1,-1,-1,0x0000000000000002,1448,1469,1669,1501,1500,1474,1500,1500,1500,1500,1500,1500,1500,1500,1500,1500,1500,1500,1500,1500,1500,1500,1500,1500,1500,1500,1500,1500,1500,1500,1500,1500,8.0
2026-05-04,12:54:24.230,-78,-57,100,10,1,8,25,-72,100,11,15.8,0.0,0,0,53.760499 -1.542969,58.1,200.26,196,10,3,75,337,-3,11,-1024,-93,-1024,1024,0,-1,-1,-1,-1,1,-1,-1,-1,0x0000000000000002,1397,1459,1668,1501,1500,1421,1500,1500,1500,1500,1500,1500,1500,1500,1500,1500,1500,1500,1500,1500,1500,1500,1500,1500,1500,1500,1500,1500,1500,1500,1500,1500,8.0
2026-05-04,12:54:25.230,-85,-63,99,10,1,8,25,-61,100,11,15.8,0.0,0,0,53.760268 -1.543291,62.6,230.03,195,10,3,13,344,-3,11,-1024,-93,-1024,1024,0,-1,-1,-1,-1,1,-1,-1,-1,0x0000000000000002,1397,1470,1672,1501,1500,1421,1500,1500,1500,1500,1500,1500,1500,1500,1500,1500,1500,1500,1500,1500,1500,1500,1500,1500,1500,1500,1500,1500,1500,1500,1500,1500,8.0
2026-05-04,12:54:26.230,-80,-57,100,11,1,8,25,-55,100,11,15.8,0.0,0,0,53.760268 -1.543291,62.6,230.03,195,10,4,6,1024,302,11,-1024,-93,-1024,1024,0,-1,-1,-1,-1,1,-1,-1,-1,0x0000000000000002,1309,1471,2012,1501,1500,1327,1500,1500,1500,1500,1500,1500,1500,1500,1500,1500,1500,1500,1500,1500,1500,1500,1500,1500,1500,1500,1500,1500,1500,1500,1500,1500,8.0
2026-05-04,12:54:27.230,-67,-56,100,10,1,8,25,-58,100,10,15.8,0.0,0,0,53.760083 -1.543651,57.3,222.23,195,10,4,9,201,294,11,-1024,-93,-1024,1024,0,-1,-1,-1,-1,1,-1,-1,-1,0x0000000000000002,1311,1471,1600,1501,1500,1330,1500,1500,1500,1500,1500,1500,1500,1500,1500,1500,1500,1500,1500,1500,1500,1500,1500,1500,1500,1500,1500,1500,1500,1500,1500,1500,8.0
2026-05-04,12:54:28.230,-67,-57,100,10,1,8,25,-60,100,10,15.4,0.0,0,0,53.760083 -1.543651,57.3,222.23,195,10,2,-4,210,-209,11,-1024,-93,-1024,1024,0,-1,-1,-1,-1,1,-1,-1,-1,0x0000000000000002,1456,1473,1605,1500,1500,1483,1500,1500,1500,1500,1500,1500,1500,1500,1500,1500,1500,1500,1500,1500,1500,1500,1500,1500,1500,1500,1500,1500,1500,1500,1500,1500,8.0
2026-05-04,12:54:29.230,-55,-70,100,10,0,8,25,-59,100,10,15.4,0.0,0,0,53.759872 -1.543936,55.9,217.13,197,10,2,6,212,-3,11,-1024,-93,-1024,1024,0,-1,-1,-1,-1,1,-1,-1,-1,0x0000000000000002,1397,1471,1606,1500,1500,1421,1500,1500,1500,1500,1500,1500,1500,1500,1500,1500,1500,1500,1500,1500,1500,1500,1500,1500,1500,1500,1500,1500,1500,1500,1500,1500,8.0
2026-05-04,12:54:30.230,-67,-63,100,10,1,8,25,-57,100,10,15.8,0.0,0,0,53.759872 -1.543936,55.9,217.13,197,10,3,1,246,-136,11,-1024,-93,-1024,1024,0,-1,-1,-1,-1,1,-1,-1,-1,0x0000000000000002,1435,1472,1623,1501,1500,1460,1500,1500,1500,1500,1500,1500,1500,1500,1500,1500,1500,1500,1500,1500,1500,1500,1500,1500,1500,1500,1500,1500,1500,1500,1500,1500,8.0
2026-05-04,12:54:31.230,-67,-52,100,11,1,8,25,-51,100,10,15.8,0.0,0,0,53.759692 -1.544198,45.2,223.89,200,10,3,2,250,139,11,-1024,-93,-1024,1024,0,-1,-1,-1,-1,1,-1,-1,-1,0x0000000000000002,1357,1472,1625,1501,1500,1379,1500,1500,1500,1500,1500,1500,1500,1500,1500,1500,1500,1500,1500,1500,1500,1500,1500,1500,1500,1500,1500,1500,1500,1500,1500,1500,8.0
2026-05-04,12:54:32.230,-67,-54,100,11,1,8,25,-56,100,11,15.7,0.0,0,0,53.759692 -1.544198,45.2,223.89,200,10,3,-20,274,135,11,-1024,-93,-1024,1024,0,-1,-1,-1,-1,1,-1,-1,-1,0x0000000000000002,1358,1476,1637,1501,1500,1380,1500,1500,1500,1500,1500,1500,1500,1500,1500,1500,1500,1500,1500,1500,1500,1500,1500,1500,1500,1500,1500,1500,1500,1500,1500,1500,8.0
2026-05-04,12:54:33.230,-48,-55,100,11,0,8,25,-49,100,10,15.7,0.0,0,0,53.759526 -1.544403,41.7,209.35,200,10,6,-24,453,675,11,-1024,-93,-1024,1024,0,-1,-1,-1,-1,1,-1,-1,-1,0x0000000000000002,1172,1477,1726,1501,1500,1183,1500,1500,1500,1500,1500,1500,1500,1500,1500,1500,1500,1500,1500,1500,1500,1500,1500,1500,1500,1500,1500,1500,1500,1500,1500,1500,8.0
2026-05-04,12:54:34.230,-55,-60,100,11,0,8,25,-54,100,11,15.8,0.0,0,0,53.759526 -1.544403,41.7,209.35,200,10,11,-208,455,298,11,-1024,-93,-1024,1024,0,-1,-1,-1,-1,1,-1,-1,-1,0x0000000000000002,1310,1509,1727,1503,1500,1328,1500,1500,1500,1500,1500,1500,1500,1500,1500,1500,1500,1500,1500,1500,1500,1500,1500,1500,1500,1500,1500,1500,1500,1500,1500,1500,8.0
2026-05-04,12:54:35.230,-66,-65,100,11,1,8,25,-61,100,11,15.6,0.0,0,0,53.759328 -1.544528,50.5,183.84,197,10,33,-337,423,-85,11,-1024,-93,-1024,1024,0,-1,-1,-1,-1,1,-1,-1,-1,0x0000000000000002,1420,1534,1711,1509,1500,1445,1500,1500,1500,1500,1500,1500,1500,1500,1500,1500,1500,1500,1500,1500,1500,1500,1500,1500,1500,1500,1500,1500,1500,1500,1500,1500,8.0
2026-05-04,12:54:36.230,-69,-68,100,10,1,8,25,-73,100,10,15.6,0.0,0,0,53.759328 -1.544528,50.5,183.84,197,10,86,-203,357,0,11,-1024,-93,-1024,1024,0,-1,-1,-1,-1,1,-1,-1,-1,0x0000000000000002,1396,1508,1678,1524,1500,1420,1500,1500,1500,1500,1500,1500,1500,1500,1500,1500,1500,1500,1500,1500,1500,1500,1500,1500,1500,1500,1500,1500,1500,1500,1500,1500,8.0
2026-05-04,12:54:37.230,-60,-66,100,10,0,8,25,-64,100,10,15.7,0.0,0,0,53.759084 -1.544653,50.8,221.77,198,10,2,-1,370,-610,11,-1024,-93,-1024,1024,0,-1,-1,-1,-1,1,-1,-1,-1,0x0000000000000002,1593,1473,1685,1501,1500,1617,1500,1500,1500,1500,1500,1500,1500,1500,1500,1500,1500,1500,1500,1500,1500,1500,1500,1500,1500,1500,1500,1500,1500,1500,1500,1500,8.0
2026-05-04,12:54:38.230,-58,-66,100,11,0,8,25,-56,100,10,15.7,0.0,0,0,53.759084 -1.544653,50.8,221.77,198,10,4,-5,373,-1,11,-1024,-93,-1024,1024,0,-1,-1,-1,-1,1,-1,-1,-1,0x0000000000000002,1397,1473,1686,1501,1500,1420,1500,1500,1500,1500,1500,1500,1500,1500,1500,1500,1500,1500,1500,1500,1500,1500,1500,1500,1500,1500,1500,1500,1500,1500,1500,1500,8.0
2026-05-04,12:54:39.230,-71,-61,100,10,1,8,25,-57,100,11,15.7,0.0,0,0,53.759033 -1.544998,52.1,284.73,202,10,123,-44,316,440,11,-1024,-93,-1024,1024,0,-1,-1,-1,-1,1,-1,-1,-1,0x0000000000000002,1263,1480,1658,1535,1500,1279,1500,1500,1500,1500,1500,1500,1500,1500,1500,1500,1500,1500,1500,1500,1500,1500,1500,1500,1500,1500,1500,1500,1500,1500,1500,1500,8.0
2026-05-04,12:54:40.230,-71,-63,100,10,1,8,25,-55,100,13,15.7,0.0,0,0,53.759142 -1.545360,58.8,302.06,203,10,159,-228,391,223,11,-1024,-93,-1024,1024,0,-1,-1,-1,-1,1,-1,-1,-1,0x0000000000000002,1333,1513,1695,1545,1500,1353,1500,1500,1500,1500,1500,1500,1500,1500,1500,1500,1500,1500,1500,1500,1500,1500,1500,1500,1500,1500,1500,1500,1500,1500,1500,1500,8.0
2026-05-04,12:54:41.230,-73,-69,100,10,1,8,25,-71,100,10,15.6,0.0,0,0,53.759142 -1.545360,58.8,302.06,203,10,161,-135,392,0,11,-1024,-93,-1024,1024,0,-1,-1,-1,-1,1,-1,-1,-1,0x0000000000000002,1396,1496,1696,1545,1500,1420,1500,1500,1500,1500,1500,1500,1500,1500,1500,1500,1500,1500,1500,1500,1500,1500,1500,1500,1500,1500,1500,1500,1500,1500,1500,1500,8.0
2026-05-04,12:54:42.230,-84,-74,99,7,1,8,25,-80,100,9,15.6,0.0,0,0,53.759308 -1.545725,59.0,-321.86,203,10,-71,-79,393,-1,11,-1024,-93,-1024,1024,0,-1,-1,-1,-1,1,-1,-1,-1,0x0000000000000002,1397,1486,1696,1481,1500,1420,1500,1500,1500,1500,1500,1500,1500,1500,1500,1500,1500,1500,1500,1500,1500,1500,1500,1500,1500,1500,1500,1500,1500,1500,1500,1500,8.0
2026-05-04,12:54:43.230,-81,-55,100,11,1,8,25,-55,100,11,15.6,0.0,0,0,53.759308 -1.545725,59.0,-321.86,203,10,-321,-85,416,1,11,-1024,-93,-1024,1024,0,-1,-1,-1,-1,1,-1,-1,-1,0x0000000000000002,1396,1487,1708,1411,1500,1419,1500,1500,1500,1500,1500,1500,1500,1500,1500,1500,1500,1500,1500,1500,1500,1500,1500,1500,1500,1500,1500,1500,1500,1500,1500,1500,8.0
2026-05-04,12:54:44.230,-81,-56,100,10,1,8,25,-54,100,11,15.6,0.0,0,0,53.759622 -1.545666,68.0,30.18,201,10,2,-5,532,0,11,-1024,-93,-1024,1024,0,-1,-1,-1,-1,1,-1,-1,-1,0x0000000000000002,1396,1473,1766,1500,1500,1420,1500,1500,1500,1500,1500,1500,1500,1500,1500,1500,1500,1500,1500,1500,1500,1500,1500,1500,1500,1500,1500,1500,1500,1500,1500,1500,8.0
2026-05-04,12:54:45.230,-66,-52,100,10,1,8,25,-50,100,12,15.6,0.0,0,0,53.759622 -1.545666,68.0,30.18,201,10,-235,2,456,-5,11,-1024,-93,-1024,1024,0,-1,-1,-1,-1,1,-1,-1,-1,0x0000000000000002,1397,1472,1728,1437,1500,1421,1500,1500,1500,1500,1500,1500,1500,1500,1500,1500,1500,1500,1500,1500,1500,1500,1500,1500,1500,1500,1500,1500,1500,1500,1500,1500,8.0
2026-05-04,12:54:46.230,-76,-50,100,10,1,8,25,-50,100,11,15.6,0.0,0,0,53.759840 -1.545291,72.5,52.95,199,8,3,-6,882,16,11,-1024,-93,-1024,1024,0,-1,-1,-1,-1,1,-1,-1,-1,0x0000000000000002,1392,1473,1941,1501,1500,1415,1500,1500,1500,1500,1500,1500,1500,1500,1500,1500,1500,1500,1500,1500,1500,1500,1500,1500,1500,1500,1500,1500,1500,1500,1500,1500,8.0
2026-05-04,12:54:47.230,-62,-60,99,11,0,8,25,-64,100,11,15.6,0.0,0,0,53.759840 -1.545291,72.5,52.95,199,8,1,-8,653,250,11,-1024,-93,-1024,1024,0,-1,-1,-1,-1,1,-1,-1,-1,0x0000000000000002,1325,1474,1826,1500,1500,1344,1500,1500,1500,1500,1500,1500,1500,1500,1500,1500,1500,1500,1500,1500,1500,1500,1500,1500,1500,1500,1500,1500,1500,1500,1500,1500,8.0
2026-05-04,12:54:48.230,-68,-68,100,10,1,8,25,-49,100,11,15.6,0.0,0,0,53.760025 -1.544886,64.0,52.28,202,9,4,2,508,-2,11,-1024,-93,-1024,1024,0,-1,-1,-1,-1,1,-1,-1,-1,0x0000000000000002,1397,1472,1754,1501,1500,1420,1500,1500,1500,1500,1500,1500,1500,1500,1500,1500,1500,1500,1500,1500,1500,1500,1500,1500,1500,1500,1500,1500,1500,1500,1500,1500,8.0
2026-05-04,12:54:49.230,-61,-62,100,11,0,8,25,-77,100,9,15.5,0.0,0,0,53.760025 -1.544886,64.0,52.28,202,9,3,-2,464,789,11,-1024,-93,-1024,1024,0,-1,-1,-1,-1,1,-1,-1,-1,0x0000000000000002,1119,1473,1732,1501,1500,1127,1500,1500,1500,1500,1500,1500,1500,1500,1500,1500,1500,1500,1500,1500,1500,1500,1500,1500,1500,1500,1500,1500,1500,1500,1500,1500,8.0
2026-05-04,12:54:50.230,-70,-68,100,9,1,8,25,-66,100,11,15.5,0.0,0,0,53.760243 -1.544561,56.0,37.28,207,10,3,-4,570,105,11,-1024,-93,-1024,1024,0,-1,-1,-1,-1,1,-1,-1,-1,0x0000000000000002,1367,1473,1785,1501,1500,1389,1500,1500,1500,1500,1500,1500,1500,1500,1500,1500,1500,1500,1500,1500,1500,1500,1500,1500,1500,1500,1500,1500,1500,1500,1500,1500,8.0
2026-05-04,12:54:51.230,-61,-65,99,10,0,8,25,-69,100,9,15.6,0.0,0,0,53.760243 -1.544561,56.0,37.28,207,10,2,-1,589,-17,11,-1024,-93,-1024,1024,0,-1,-1,-1,-1,1,-1,-1,-1,0x0000000000000002,1401,1473,1794,1500,1500,1425,1500,1500,1500,1500,1500,1500,1500,1500,1500,1500,1500,1500,1500,1500,1500,1500,1500,1500,1500,1500,1500,1500,1500,1500,1500,1500,8.0
2026-05-04,12:54:52.230,-73,-61,100,10,1,8,25,-66,100,11,15.6,0.0,0,0,53.760473 -1.544373,57.1,25.31,208,10,4,-30,621,259,11,-1024,-93,-1024,1024,0,-1,-1,-1,-1,1,-1,-1,-1,0x0000000000000002,1322,1478,1810,1501,1500,1341,1500,1500,1500,1500,1500,1500,1500,1500,1500,1500,1500,1500,1500,1500,1500,1500,1500,1500,1500,1500,1500,1500,1500,1500,1500,1500,8.0
2026-05-04,12:54:53.230,-76,-63,99,10,1,8,25,-65,100,10,15.5,0.0,0,0,53.760473 -1.544373,57.1,25.31,208,10,4,1,630,-3,11,-1024,-93,-1024,1024,0,-1,-1,-1,-1,1,-1,-1,-1,0x0000000000000002,1397,1472,1815,1501,1500,1421,1500,1500,1500,1500,1500,1500,1500,1500,1500,1500,1500,1500,1500,1500,1500,1500,1500,1500,1500,1500,1500,1500,1500,1500,1500,1500,8.0
2026-05-04,12:54:54.230,-76,-60,100,10,1,8,25,-64,100,10,15.5,0.0,0,0,53.760716 -1.544153,65.7,25.76,208,10,9,-1,618,104,11,-1024,-93,-1024,1024,0,-1,-1,-1,-1,1,-1,-1,-1,0x0000000000000002,1367,1473,1809,1502,1500,1389,1500,1500,1500,1500,1500,1500,1500,1500,1500,1500,1500,1500,1500,1500,1500,1500,1500,1500,1500,1500,1500,1500,1500,1500,1500,1500,8.0
2026-05-04,12:54:55.230,-73,-69,100,10,1,8,25,-70,100,10,15.4,0.0,0,0,53.760716 -1.544153,65.7,25.76,208,10,232,-20,587,336,11,-1024,-93,-1024,1024,0,-1,-1,-1,-1,1,-1,-1,-1,0x0000000000000002,1298,1476,1793,1566,1500,1316,1500,1500,1500,1500,1500,1500,1500,1500,1500,1500,1500,1500,1500,1500,1500,1500,1500,1500,1500,1500,1500,1500,1500,1500,1500,1500,8.0
2026-05-04,12:54:56.230,-76,-65,100,10,1,8,25,-62,100,10,15.4,0.0,0,0,53.760992 -1.543898,67.7,29.17,207,10,74,-106,523,70,11,-1024,-93,-1024,1024,0,-1,-1,-1,-1,1,-1,-1,-1,0x0000000000000002,1377,1491,1761,1521,1500,1399,1500,1500,1500,1500,1500,1500,1500,1500,1500,1500,1500,1500,1500,1500,1500,1500,1500,1500,1500,1500,1500,1500,1500,1500,1500,1500,8.0
2026-05-04,12:54:57.230,-63,-67,100,10,0,8,25,-66,100,11,15.4,0.0,0,0,53.760992 -1.543898,67.7,29.17,207,10,5,-52,553,1,11,-1024,-93,-1024,1024,0,-1,-1,-1,-1,1,-1,-1,-1,0x0000000000000002,1396,1481,1776,1501,1500,1419,1500,1500,1500,1500,1500,1500,1500,1500,1500,1500,1500,1500,1500,1500,1500,1500,1500,1500,1500,1500,1500,1500,1500,1500,1500,1500,8.0
2026-05-04,12:54:58.230,-69,-68,100,10,1,8,25,-63,100,10,15.4,0.0,0,0,53.761235 -1.543540,63.1,57.35,209,10,6,-66,540,39,11,-1024,-93,-1024,1024,0,-1,-1,-1,-1,1,-1,-1,-1,0x0000000000000002,1385,1484,1770,1501,1500,1408,1500,1500,1500,1500,1500,1500,1500,1500,1500,1500,1500,1500,1500,1500,1500,1500,1500,1500,1500,1500,1500,1500,1500,1500,1500,1500,8.0
2026-05-04,12:54:59.230,-64,-75,100,10,0,8,25,-64,100,14,15.5,0.0,0,0,53.761235 -1.543540,63.1,57.35,209,10,4,5,448,-12,11,-1024,-93,-1024,1024,0,-1,-1,-1,-1,1,-1,-1,-1,0x0000000000000002,1399,1471,1724,1501,1500,1423,1500,1500,1500,1500,1500,1500,1500,1500,1500,1500,1500,1500,1500,1500,1500,1500,1500,1500,1500,1500,1500,1500,1500,1500,1500,1500,8.0
2026-05-04,12:55:00.230,-71,-73,100,10,0,8,25,-72,100,10,15.5,0.0,0,0,53.761286 -1.543098,61.6,100.97,208,10,6,4,462,88,11,-1024,-93,-1024,1024,0,-1,-1,-1,-1,1,-1,-1,-1,0x0000000000000002,1371,1471,1731,1501,1500,1393,1500,1500,1500,1500,1500,1500,1500,1500,1500,1500,1500,1500,1500,1500,1500,1500,1500,1500,1500,1500,1500,1500,1500,1500,1500,1500,8.0
2026-05-04,12:55:01.230,-83,-81,91,5,1,8,25,-79,100,11,15.5,0.0,0,0,53.761286 -1.543098,61.6,100.97,208,10,368,-4,351,302,11,-1024,-93,-1024,1024,0,-1,-1,-1,-1,1,-1,-1,-1,0x0000000000000002,1309,1473,1675,1609,1500,1327,1500,1500,1500,1500,1500,1500,1500,1500,1500,1500,1500,1500,1500,1500,1500,1500,1500,1500,1500,1500,1500,1500,1500,1500,1500,1500,8.0
2026-05-04,12:55:02.230,-85,-70,100,7,1,8,25,-73,100,10,15.5,0.0,0,0,53.761152 -1.542656,61.7,128.53,209,10,35,-224,460,2,11,-1024,-93,-1024,1024,0,-1,-1,-1,-1,1,-1,-1,-1,0x0000000000000002,1396,1512,1730,1509,1500,1419,1500,1500,1500,1500,1500,1500,1500,1500,1500,1500,1500,1500,1500,1500,1500,1500,1500,1500,1500,1500,1500,1500,1500,1500,1500,1500,8.0
2026-05-04,12:55:03.230,-67,-76,100,10,0,8,25,-65,100,11,15.5,0.0,0,0,53.761152 -1.542656,61.7,128.53,209,10,6,-3,375,-4,11,-1024,-93,-1024,1024,0,-1,-1,-1,-1,1,-1,-1,-1,0x0000000000000002,1397,1473,1687,1501,1500,1421,1500,1500,1500,1500,1500,1500,1500,1500,1500,1500,1500,1500,1500,1500,1500,1500,1500,1500,1500,1500,1500,1500,1500,1500,1500,1500,8.0
2026-05-04,12:55:04.230,-72,-68,100,10,1,8,25,-66,100,10,15.5,0.0,0,0,53.760979 -1.542275,57.6,150.23,210,10,5,95,589,-183,11,-1024,-93,-1024,1024,0,-1,-1,-1,-1,1,-1,-1,-1,0x0000000000000002,1448,1455,1794,1501,1500,1475,1500,1500,1500,1500,1500,1500,1500,1500,1500,1500,1500,1500,1500,1500,1500,1500,1500,1500,1500,1500,1500,1500,1500,1500,1500,1500,8.0
2026-05-04,12:55:05.230,-72,-66,100,10,1,8,25,-74,100,11,15.5,0.0,0,0,53.760691 -1.542336,66.7,215.11,203,8,3,-125,1024,1,11,-1024,-93,-1024,1024,0,-1,-1,-1,-1,1,-1,-1,-1,0x0000000000000002,1396,1494,2012,1501,1500,1419,1500,1500,1500,1500,1500,1500,1500,1500,1500,1500,1500,1500,1500,1500,1500,1500,1500,1500,1500,1500,1500,1500,1500,1500,1500,1500,8.0
2026-05-04,12:55:06.230,-83,-58,100,11,1,8,25,-57,100,11,15.3,0.0,0,0,53.760691 -1.542336,66.7,215.11,203,8,3,192,1024,-12,11,-1024,-93,-1024,1024,0,-1,-1,-1,-1,1,-1,-1,-1,0x0000000000000002,1399,1438,2012,1501,1500,1423,1500,1500,1500,1500,1500,1500,1500,1500,1500,1500,1500,1500,1500,1500,1500,1500,1500,1500,1500,1500,1500,1500,1500,1500,1500,1500,8.0
2026-05-04,12:55:07.230,-83,-58,100,10,1,8,25,-55,100,11,15.3,0.0,0,0,53.760441 -1.542784,89.5,238.14,196,9,2,-8,1024,165,11,-1024,-93,-1024,1024,0,-1,-1,-1,-1,1,-1,-1,-1,0x0000000000000002,1349,1474,2012,1500,1500,1370,1500,1500,1500,1500,1500,1500,1500,1500,1500,1500,1500,1500,1500,1500,1500,1500,1500,1500,1500,1500,1500,1500,1500,1500,1500,1500,8.0
2026-05-04,12:55:08.230,-83,-52,100,11,1,8,25,-53,100,9,15.3,0.0,0,0,53.760441 -1.542784,89.5,238.14,196,9,2,6,1024,-10,11,-1024,-93,-1024,1024,0,-1,-1,-1,-1,1,-1,-1,-1,0x0000000000000002,1399,1471,2012,1500,1500,1423,1500,1500,1500,1500,1500,1500,1500,1500,1500,1500,1500,1500,1500,1500,1500,1500,1500,1500,1500,1500,1500,1500,1500,1500,1500,1500,8.0
2026-05-04,12:55:09.230,-75,-50,100,11,1,8,25,-50,100,10,15.3,0.0,0,0,53.760243 -1.543353,84.7,234.35,192,10,2,9,1024,-15,11,-1024,-93,-1024,1024,0,-1,-1,-1,-1,1,-1,-1,-1,0x0000000000000002,1400,1471,2012,1500,1500,1424,1500,1500,1500,1500,1500,1500,1500,1500,1500,1500,1500,1500,1500,1500,1500,1500,1500,1500,1500,1500,1500,1500,1500,1500,1500,1500,8.0
2026-05-04,12:55:10.230,-60,-55,100,10,0,8,25,-71,100,12,15.3,0.0,0,0,53.760243 -1.543353,84.7,234.35,192,10,2,133,1024,-4,11,-1024,-93,-1024,1024,0,-1,-1,-1,-1,1,-1,-1,-1,0x0000000000000002,1397,1449,2012,1500,1500,1421,1500,1500,1500,1500,1500,1500,1500,1500,1500,1500,1500,1500,1500,1500,1500,1500,1500,1500,1500,1500,1500,1500,1500,1500,1500,1500,8.0
2026-05-04,12:55:11.230,-57,-52,100,11,1,8,25,-50,100,11,15.3,0.0,0,0,53.759987 -1.543930,85.1,230.36,186,10,3,105,1024,-9,11,-1024,-93,-1024,1024,0,-1,-1,-1,-1,1,-1,-1,-1,0x0000000000000002,1399,1454,2012,1501,1500,1422,1500,1500,1500,1500,1500,1500,1500,1500,1500,1500,1500,1500,1500,1500,1500,1500,1500,1500,1500,1500,1500,1500,1500,1500,1500,1500,8.0
2026-05-04,12:55:12.230,-56,-45,100,11,1,8,25,-61,100,11,15.2,0.0,0,0,53.759987 -1.543930,85.1,230.36,186,10,2,41,1008,-2,11,-1024,-93,-1024,1024,0,-1,-1,-1,-1,1,-1,-1,-1,0x0000000000000002,1397,1465,2004,1500,1500,1420,1500,1500,1500,1500,1500,1500,1500,1500,1500,1500,1500,1500,1500,1500,1500,1500,1500,1500,1500,1500,1500,1500,1500,1500,1500,1500,8.0
2026-05-04,12:55:13.230,-57,-58,100,11,0,8,25,-54,100,11,15.2,0.0,0,0,53.759724 -1.544415,79.2,222.09,188,10,4,14,1024,51,11,-1024,-93,-1024,1024,0,-1,-1,-1,-1,1,-1,-1,-1,0x0000000000000002,1382,1470,2012,1501,1500,1400,1500,1500,1500,1500,1500,1500,1500,1500,1500,1500,1500,1500,1500,1500,1500,1500,1500,1500,1500,1500,1500,1500,1500,1500,1500,1500,8.0
2026-05-04,12:55:14.230,-58,-58,100,11,0,8,25,-58,100,10,15.2,0.0,0,0,53.759724 -1.544415,79.2,222.09,188,10,3,283,843,242,11,-1024,-93,-1024,1024,0,-1,-1,-1,-1,1,-1,-1,-1,0x0000000000000002,1327,1421,1921,1501,1500,1347,1500,1500,1500,1500,1500,1500,1500,1500,1500,1500,1500,1500,1500,1500,1500,1500,1500,1500,1500,1500,1500,1500,1500,1500,1500,1500,8.0
2026-05-04,12:55:15.230,-69,-55,100,10,1,8,25,-46,100,10,15.2,0.0,0,0,53.759462 -1.544761,63.9,214.05,194,10,5,-4,480,265,11,-1024,-93,-1024,1024,0,-1,-1,-1,-1,1,-1,-1,-1,0x0000000000000002,1320,1473,1740,1501,1500,1339,1500,1500,1500,1500,1500,1500,1500,1500,1500,1500,1500,1500,1500,1500,1500,1500,1500,1500,1500,1500,1500,1500,1500,1500,1500,1500,8.0
2026-05-04,12:55:16.230,-69,-47,100,11,1,8,25,-48,100,11,15.3,0.0,0,0,53.759462 -1.544761,63.9,214.05,194,10,223,-47,546,298,11,-1024,-93,-1024,1024,0,-1,-1,-1,-1,1,-1,-1,-1,0x0000000000000002,1310,1481,1773,1563,1500,1328,1500,1500,1500,1500,1500,1500,1500,1500,1500,1500,1500,1500,1500,1500,1500,1500,1500,1500,1500,1500,1500,1500,1500,1500,1500,1500,8.0
2026-05-04,12:55:17.230,-53,-53,100,11,0,8,25,-61,100,10,15.3,0.0,0,0,53.759238 -1.545021,50.3,226.34,202,10,160,-311,611,15,11,-1024,-93,-1024,1024,0,-1,-1,-1,-1,1,-1,-1,-1,0x0000000000000002,1392,1528,1805,1545,1500,1416,1500,1500,1500,1500,1500,1500,1500,1500,1500,1500,1500,1500,1500,1500,1500,1500,1500,1500,1500,1500,1500,1500,1500,1500,1500,1500,8.0
2026-05-04,12:55:18.230,-72,-72,100,10,0,8,25,-75,100,10,15.4,0.0,0,0,53.759238 -1.545021,50.3,226.34,202,10,60,-319,646,16,11,-1024,-93,-1024,1024,0,-1,-1,-1,-1,1,-1,-1,-1,0x0000000000000002,1392,1530,1823,1517,1500,1415,1500,1500,1500,1500,1500,1500,1500,1500,1500,1500,1500,1500,1500,1500,1500,1500,1500,1500,1500,1500,1500,1500,1500,1500,1500,1500,8.0
2026-05-04,12:55:19.230,-77,-60,100,10,1,8,25,-54,100,10,15.4,0.0,0,0,53.759148 -1.545363,49.0,266.57,207,10,150,-224,543,94,11,-1024,-93,-1024,1024,0,-1,-1,-1,-1,1,-1,-1,-1,0x0000000000000002,1373,1514,1771,1542,1500,1395,1500,1500,1500,1500,1500,1500,1500,1500,1500,1500,1500,1500,1500,1500,1500,1500,1500,1500,1500,1500,1500,1500,1500,1500,1500,1500,8.0
2026-05-04,12:55:20.230,-79,-73,100,9,1,8,25,-73,100,10,15.3,0.0,0,0,53.759148 -1.545363,49.0,266.57,207,10,139,-232,535,82,11,-1024,-93,-1024,1024,0,-1,-1,-1,-1,1,-1,-1,-1,0x0000000000000002,1373,1513,1767,1539,1500,1395,1500,1500,1500,1500,1500,1500,1500,1500,1500,1500,1500,1500,1500,1500,1500,1500,1500,1500,1500,1500,1500,1500,1500,1500,1500,1500,8.0
2026-05-04,12:55:21.230,-75,-65,100,9,1,8,25,-68,100,10,15.3,0.0,0,0,53.759257 -1.545703,54.2,326.45,211,10,4,-20,525,-2,11,-1024,-93,-1024,1024,0,-1,-1,-1,-1,1,-1,-1,-1,0x0000000000000002,1397,1476,1762,1501,1500,1420,1500,1500,1500,1500,1500,1500,1500,1500,1500,1500,1500,1500,1500,1500,1500,1500,1500,1500,1500,1500,1500,1500,1500,1500,1500,1500,8.0
2026-05-04,12:55:22.230,-75,-54,100,11,1,8,25,-62,100,11,15.3,0.0,0,0,53.759257 -1.545703,54.2,326.45,211,10,3,-5,580,-342,11,-1024,-93,-1024,1024,0,-1,-1,-1,-1,1,-1,-1,-1,0x0000000000000002,1497,1473,1790,1501,1500,1526,1500,1500,1500,1500,1500,1500,1500,1500,1500,1500,1500,1500,1500,1500,1500,1500,1500,1500,1500,1500,1500,1500,1500,1500,1500,1500,8.0
2026-05-04,12:55:23.230,-75,-58,100,10,1,8,25,-53,100,10,15.3,0.0,0,0,53.759513 -1.545680,56.0,33.90,213,9,163,-3,462,569,11,-1024,-93,-1024,1024,0,-1,-1,-1,-1,1,-1,-1,-1,0x0000000000000002,1216,1473,1731,1546,1500,1229,1500,1500,1500,1500,1500,1500,1500,1500,1500,1500,1500,1500,1500,1500,1500,1500,1500,1500,1500,1500,1500,1500,1500,1500,1500,1500,8.0
2026-05-04,12:55:24.230,-75,-54,100,11,1,8,25,-54,100,12,15.3,0.0,0,0,53.759513 -1.545680,56.0,33.90,213,9,8,-2,487,4,11,-1024,-93,-1024,1024,0,-1,-1,-1,-1,1,-1,-1,-1,0x0000000000000002,1395,1473,1743,1502,1500,1419,1500,1500,1500,1500,1500,1500,1500,1500,1500,1500,1500,1500,1500,1500,1500,1500,1500,1500,1500,1500,1500,1500,1500,1500,1500,1500,8.0
2026-05-04,12:55:25.230,-69,-53,100,11,1,8,25,-74,100,10,15.4,0.0,0,0,53.759680 -1.545360,70.3,57.52,210,8,3,4,544,-219,11,-1024,-93,-1024,1024,0,-1,-1,-1,-1,1,-1,-1,-1,0x0000000000000002,1459,1471,1772,1501,1500,1486,1500,1500,1500,1500,1500,1500,1500,1500,1500,1500,1500,1500,1500,1500,1500,1500,1500,1500,1500,1500,1500,1500,1500,1500,1500,1500,8.0
2026-05-04,12:55:26.230,-65,-68,100,10,0,8,25,-68,100,11,15.4,0.0,0,0,53.759680 -1.545360,70.3,57.52,210,8,-9,-94,432,390,11,-1024,-93,-1024,1024,0,-1,-1,-1,-1,1,-1,-1,-1,0x0000000000000002,1280,1489,1716,1498,1500,1298,1500,1500,1500,1500,1500,1500,1500,1500,1500,1500,1500,1500,1500,1500,1500,1500,1500,1500,1500,1500,1500,1500,1500,1500,1500,1500,8.0
2026-05-04,12:55:27.230,-52,-68,100,11,0,8,25,-55,100,10,15.4,0.0,0,0,53.759756 -1.544828,70.4,97.63,205,11,1,0,426,560,11,-1024,-93,-1024,1024,0,-1,-1,-1,-1,1,-1,-1,-1,0x0000000000000002,1219,1472,1713,1500,1500,1233,1500,1500,1500,1500,1500,1500,1500,1500,1500,1500,1500,1500,1500,1500,1500,1500,1500,1500,1500,1500,1500,1500,1500,1500,1500,1500,8.0
2026-05-04,12:55:28.230,-55,-46,100,11,1,8,25,-51,100,12,15.4,0.0,0,0,53.759756 -1.544828,70.4,97.63,205,11,1,6,368,-49,11,-1024,-93,-1024,1024,0,-1,-1,-1,-1,1,-1,-1,-1,0x0000000000000002,1410,1471,1684,1500,1500,1434,1500,1500,1500,1500,1500,1500,1500,1500,1500,1500,1500,1500,1500,1500,1500,1500,1500,1500,1500,1500,1500,1500,1500,1500,1500,1500,8.0
2026-05-04,12:55:29.230,-60,-68,100,10,0,8,25,-55,100,12,15.4,0.0,0,0,53.759724 -1.544213,77.6,73.94,201,11,-16,8,476,-123,11,-1024,-93,-1024,1024,0,-1,-1,-1,-1,1,-1,-1,-1,0x0000000000000002,1431,1471,1738,1496,1500,1457,1500,1500,1500,1500,1500,1500,1500,1500,1500,1500,1500,1500,1500,1500,1500,1500,1500,1500,1500,1500,1500,1500,1500,1500,1500,1500,8.0
2026-05-04,12:55:30.230,-61,-57,100,11,1,8,25,-66,100,12,15.4,0.0,0,0,53.759852 -1.543686,64.9,73.32,202,11,-260,-73,554,-270,11,-1024,-93,-1024,1024,0,-1,-1,-1,-1,1,-1,-1,-1,0x0000000000000002,1474,1485,1777,1429,1500,1501,1500,1500,1500,1500,1500,1500,1500,1500,1500,1500,1500,1500,1500,1500,1500,1500,1500,1500,1500,1500,1500,1500,1500,1500,1500,1500,8.0
2026-05-04,12:55:31.230,-60,-60,100,10,0,8,25,-56,100,10,15.4,0.0,0,0,53.759852 -1.543686,64.9,73.32,202,11,-242,-159,548,0,11,-1024,-93,-1024,1024,0,-1,-1,-1,-1,1,-1,-1,-1,0x0000000000000002,1396,1500,1774,1435,1500,1420,1500,1500,1500,1500,1500,1500,1500,1500,1500,1500,1500,1500,1500,1500,1500,1500,1500,1500,1500,1500,1500,1500,1500,1500,1500,1500,8.0
2026-05-04,12:55:32.230,-62,-58,100,10,1,8,25,-62,100,12,15.4,0.0,0,0,53.759974 -1.543236,63.8,57.02,205,11,-27,-287,496,204,11,-1024,-93,-1024,1024,0,-1,-1,-1,-1,1,-1,-1,-1,0x0000000000000002,1339,1524,1748,1493,1500,1359,1500,1500,1500,1500,1500,1500,1500,1500,1500,1500,1500,1500,1500,1500,1500,1500,1500,1500,1500,1500,1500,1500,1500,1500,1500,1500,8.0
2026-05-04,12:55:33.230,-76,-67,100,9,1,8,25,-64,100,11,15.3,0.0,0,0,53.759974 -1.543236,63.8,57.02,205,11,4,-184,426,310,11,-1024,-93,-1024,1024,0,-1,-1,-1,-1,1,-1,-1,-1,0x0000000000000002,1306,1504,1713,1501,1500,1325,1500,1500,1500,1500,1500,1500,1500,1500,1500,1500,1500,1500,1500,1500,1500,1500,1500,1500,1500,1500,1500,1500,1500,1500,1500,1500,8.0
2026-05-04,12:55:34.230,-76,-68,100,10,1,8,25,-72,100,11,15.3,0.0,0,0,53.760217 -1.543006,63.7,0.44,206,11,3,0,426,210,11,-1024,-93,-1024,1024,0,-1,-1,-1,-1,1,-1,-1,-1,0x0000000000000002,1337,1472,1713,1501,1500,1357,1500,1500,1500,1500,1500,1500,1500,1500,1500,1500,1500,1500,1500,1500,1500,1500,1500,1500,1500,1500,1500,1500,1500,1500,1500,1500,8.0
2026-05-04,12:55:35.230,-72,-74,100,9,0,8,25,-75,100,10,15.4,0.0,0,0,53.760217 -1.543006,63.7,0.44,206,11,-142,-80,429,-260,11,-1024,-93,-1024,1024,0,-1,-1,-1,-1,1,-1,-1,-1,0x0000000000000002,1471,1486,1714,1462,1500,1499,1500,1500,1500,1500,1500,1500,1500,1500,1500,1500,1500,1500,1500,1500,1500,1500,1500,1500,1500,1500,1500,1500,1500,1500,1500,1500,8.0
2026-05-04,12:55:36.230,-81,-77,98,9,1,8,25,-69,100,10,15.4,0.0,0,0,53.760460 -1.543250,54.9,312.17,208,11,4,-206,431,-1,11,-1024,-93,-1024,1024,0,-1,-1,-1,-1,1,-1,-1,-1,0x0000000000000002,1397,1509,1715,1501,1500,1420,1500,1500,1500,1500,1500,1500,1500,1500,1500,1500,1500,1500,1500,1500,1500,1500,1500,1500,1500,1500,1500,1500,1500,1500,1500,1500,8.0
2026-05-04,12:55:37.230,-81,-59,100,10,1,8,25,-62,100,10,15.4,0.0,0,0,53.760460 -1.543250,54.9,312.17,208,11,4,-179,436,431,11,-1024,-93,-1024,1024,0,-1,-1,-1,-1,1,-1,-1,-1,0x0000000000000002,1267,1504,1718,1501,1500,1283,1500,1500,1500,1500,1500,1500,1500,1500,1500,1500,1500,1500,1500,1500,1500,1500,1500,1500,1500,1500,1500,1500,1500,1500,1500,1500,8.0
2026-05-04,12:55:38.230,-69,-75,100,10,0,8,25,-71,100,10,15.4,0.0,0,0,53.760556 -1.543616,50.1,276.92,209,11,4,-60,610,646,11,-1024,-93,-1024,1024,0,-1,-1,-1,-1,1,-1,-1,-1,0x0000000000000002,1185,1483,1805,1501,1500,1196,1500,1500,1500,1500,1500,1500,1500,1500,1500,1500,1500,1500,1500,1500,1500,1500,1500,1500,1500,1500,1500,1500,1500,1500,1500,1500,8.0
2026-05-04,12:55:39.230,-71,-69,100,10,1,8,25,-71,100,11,15.4,0.0,0,0,53.760556 -1.543616,50.1,276.92,209,11,16,-18,703,589,11,-1024,-93,-1024,1024,0,-1,-1,-1,-1,1,-1,-1,-1,0x0000000000000002,1208,1476,1851,1504,1500,1221,1500,1500,1500,1500,1500,1500,1500,1500,1500,1500,1500,1500,1500,1500,1500,1500,1500,1500,1500,1500,1500,1500,1500,1500,1500,1500,8.0
2026-05-04,12:55:40.230,-71,-63,100,10,1,8,25,-58,100,10,15.4,0.0,0,0,53.760480 -1.543938,46.9,229.89,208,11,21,-84,654,59,11,-1024,-93,-1024,1024,0,-1,-1,-1,-1,1,-1,-1,-1,0x0000000000000002,1380,1487,1827,1506,1500,1402,1500,1500,1500,1500,1500,1500,1500,1500,1500,1500,1500,1500,1500,1500,1500,1500,1500,1500,1500,1500,1500,1500,1500,1500,1500,1500,8.0
2026-05-04,12:55:41.230,-62,-66,100,10,0,8,25,-58,100,10,15.2,0.0,0,0,53.760480 -1.543938,46.9,229.89,208,11,7,-72,622,159,11,-1024,-93,-1024,1024,0,-1,-1,-1,-1,1,-1,-1,-1,0x0000000000000002,1351,1485,1811,1502,1500,1372,1500,1500,1500,1500,1500,1500,1500,1500,1500,1500,1500,1500,1500,1500,1500,1500,1500,1500,1500,1500,1500,1500,1500,1500,1500,1500,8.0
2026-05-04,12:55:42.230,-61,-84,100,10,0,8,25,-62,100,10,15.2,0.0,0,0,53.760320 -1.544183,41.5,226.38,211,11,-63,-29,621,-614,12,-1024,-93,-1024,1024,0,-1,-1,-1,-1,1,-1,-1,-1,0x0000000000000002,1590,1476,1810,1484,1500,1615,1500,1500,1500,1500,1500,1500,1500,1500,1500,1500,1500,1500,1500,1500,1500,1500,1500,1500,1500,1500,1500,1500,1500,1500,1500,1500,8.0
2026-05-04,12:55:43.230,-58,-84,100,11,0,8,25,-67,100,10,15.3,0.0,0,0,53.760320 -1.544183,41.5,226.38,211,11,4,-5,649,-1,11,-1024,-93,-1024,1024,0,-1,-1,-1,-1,1,-1,-1,-1,0x0000000000000002,1397,1473,1824,1501,1500,1420,1500,1500,1500,1500,1500,1500,1500,1500,1500,1500,1500,1500,1500,1500,1500,1500,1500,1500,1500,1500,1500,1500,1500,1500,1500,1500,8.0
2026-05-04,12:55:44.230,-61,-67,100,10,0,8,25,-58,100,10,15.3,0.0,0,0,53.760211 -1.544431,38.4,240.35,215,10,3,-244,753,201,11,-1024,-93,-1024,1024,0,-1,-1,-1,-1,1,-1,-1,-1,0x0000000000000002,1339,1516,1876,1501,1500,1359,1500,1500,1500,1500,1500,1500,1500,1500,1500,1500,1500,1500,1500,1500,1500,1500,1500,1500,1500,1500,1500,1500,1500,1500,1500,1500,8.0
2026-05-04,12:55:45.230,-67,-66,100,11,0,8,25,-64,100,11,15.2,0.0,0,0,53.760211 -1.544431,38.4,240.35,215,10,59,-2,510,537,11,-1024,-93,-1024,1024,0,-1,-1,-1,-1,1,-1,-1,-1,0x0000000000000002,1228,1473,1755,1520,1500,1242,1500,1500,1500,1500,1500,1500,1500,1500,1500,1500,1500,1500,1500,1500,1500,1500,1500,1500,1500,1500,1500,1500,1500,1500,1500,1500,8.0
2026-05-04,12:55:46.230,-65,-73,100,11,0,8,25,-60,100,10,15.2,0.0,0,0,53.760076 -1.544656,46.9,206.67,216,11,6,4,534,-9,11,-1024,-93,-1024,1024,0,-1,-1,-1,-1,1,-1,-1,-1,0x0000000000000002,1399,1471,1767,1501,1500,1422,1500,1500,1500,1500,1500,1500,1500,1500,1500,1500,1500,1500,1500,1500,1500,1500,1500,1500,1500,1500,1500,1500,1500,1500,1500,1500,8.0
2026-05-04,12:55:47.230,-59,-65,100,11,0,8,25,-55,100,12,15.3,0.0,0,0,53.760076 -1.544656,46.9,206.67,216,11,6,5,769,163,11,-1024,-93,-1024,1024,0,-1,-1,-1,-1,1,-1,-1,-1,0x0000000000000002,1350,1471,1884,1501,1500,1371,1500,1500,1500,1500,1500,1500,1500,1500,1500,1500,1500,1500,1500,1500,1500,1500,1500,1500,1500,1500,1500,1500,1500,1500,1500,1500,8.0
2026-05-04,12:55:48.230,-59,-65,100,11,0,8,25,-55,100,9,15.1,0.0,0,0,53.759852 -1.544706,50.1,181.87,217,11,34,-16,634,382,11,-1024,-93,-1024,1024,0,-1,-1,-1,-1,1,-1,-1,-1,0x0000000000000002,1283,1475,1817,1509,1500,1300,1500,1500,1500,1500,1500,1500,1500,1500,1500,1500,1500,1500,1500,1500,1500,1500,1500,1500,1500,1500,1500,1500,1500,1500,1500,1500,8.0
2026-05-04,12:55:49.230,-72,-59,100,10,1,8,25,-62,100,12,15.1,0.0,0,0,53.759852 -1.544706,50.1,181.87,217,11,6,-149,612,-281,11,-1024,-93,-1024,1024,0,-1,-1,-1,-1,1,-1,-1,-1,0x0000000000000002,1477,1499,1806,1501,1500,1505,1500,1500,1500,1500,1500,1500,1500,1500,1500,1500,1500,1500,1500,1500,1500,1500,1500,1500,1500,1500,1500,1500,1500,1500,1500,1500,8.0
2026-05-04,12:55:50.230,-70,-68,100,10,0,8,25,-66,100,10,15.2,0.0,0,0,53.759596 -1.544736,53.9,183.71,218,11,7,25,780,15,11,-1024,-93,-1024,1024,0,-1,-1,-1,-1,1,-1,-1,-1,0x0000000000000002,1392,1468,1890,1502,1500,1416,1500,1500,1500,1500,1500,1500,1500,1500,1500,1500,1500,1500,1500,1500,1500,1500,1500,1500,1500,1500,1500,1500,1500,1500,1500,1500,8.0
2026-05-04,12:55:51.230,-77,-73,100,10,0,8,25,-59,100,10,15.2,0.0,0,0,53.759596 -1.544736,53.9,183.71,218,11,149,-162,624,225,11,-1024,-93,-1024,1024,0,-1,-1,-1,-1,1,-1,-1,-1,0x0000000000000002,1332,1500,1812,1542,1500,1352,1500,1500,1500,1500,1500,1500,1500,1500,1500,1500,1500,1500,1500,1500,1500,1500,1500,1500,1500,1500,1500,1500,1500,1500,1500,1500,8.0
2026-05-04,12:55:52.230,-66,-61,100,10,1,8,25,-69,100,10,15.2,0.0,0,0,53.759340 -1.544863,50.1,209.86,220,11,35,-278,625,-98,11,-1024,-93,-1024,1024,0,-1,-1,-1,-1,1,-1,-1,-1,0x0000000000000002,1424,1522,1813,1509,1500,1455,1500,1500,1500,1500,1500,1500,1500,1500,1500,1500,1500,1500,1500,1500,1500,1500,1500,1500,1500,1500,1500,1500,1500,1500,1500,1500,8.0
2026-05-04,12:55:53.230,-55,-77,100,10,0,8,25,-56,100,11,15.2,0.0,0,0,53.759142 -1.545081,53.5,227.09,221,11,7,-3,653,-76,11,-1024,-93,-1024,1024,0,-1,-1,-1,-1,1,-1,-1,-1,0x0000000000000002,1417,1473,1826,1502,1500,1442,1500,1500,1500,1500,1500,1500,1500,1500,1500,1500,1500,1500,1500,1500,1500,1500,1500,1500,1500,1500,1500,1500,1500,1500,1500,1500,8.0
2026-05-04,12:55:54.230,-61,-64,100,10,1,8,25,-54,100,11,15.2,0.0,0,0,53.759142 -1.545081,53.5,227.09,221,11,29,-2,624,-1,11,-1024,-93,-1024,1024,0,-1,-1,-1,-1,1,-1,-1,-1,0x0000000000000002,1397,1473,1812,1508,1500,1420,1500,1500,1500,1500,1500,1500,1500,1500,1500,1500,1500,1500,1500,1500,1500,1500,1500,1500,1500,1500,1500,1500,1500,1500,1500,1500,8.0
2026-05-04,12:55:55.230,-61,-55,100,11,1,8,25,-64,100,12,15.2,0.0,0,0,53.759104 -1.545523,54.8,288.17,223,8,36,-107,377,440,11,-1024,-93,-1024,1024,0,-1,-1,-1,-1,1,-1,-1,-1,0x0000000000000002,1263,1491,1683,1509,1500,1279,1500,1500,1500,1500,1500,1500,1500,1500,1500,1500,1500,1500,1500,1500,1500,1500,1500,1500,1500,1500,1500,1500,1500,1500,1500,1500,8.0
2026-05-04,12:55:56.230,-76,-57,100,10,1,8,25,-62,100,11,15.2,0.0,0,0,53.759104 -1.545523,54.8,288.17,223,8,72,-373,362,-8,11,-1024,-93,-1024,1024,0,-1,-1,-1,-1,1,-1,-1,-1,0x0000000000000002,1399,1541,1681,1520,1500,1422,1500,1500,1500,1500,1500,1500,1500,1500,1500,1500,1500,1500,1500,1500,1500,1500,1500,1500,1500,1500,1500,1500,1500,1500,1500,1500,8.0
2026-05-04,12:55:57.230,-65,-62,100,10,1,8,25,-73,100,10,15.2,0.0,0,0,53.759225 -1.545914,52.9,309.51,225,11,75,-160,384,-3,11,-1024,-93,-1024,1024,0,-1,-1,-1,-1,1,-1,-1,-1,0x0000000000000002,1397,1500,1692,1521,1500,1421,1500,1500,1500,1500,1500,1500,1500,1500,1500,1500,1500,1500,1500,1500,1500,1500,1500,1500,1500,1500,1500,1500,1500,1500,1500,1500,8.0
2026-05-04,12:55:58.230,-69,-75,99,7,0,8,25,-78,100,9,15.3,0.0,0,0,53.759225 -1.545914,52.9,309.51,225,11,5,-356,387,0,11,-1024,-93,-1024,1024,0,-1,-1,-1,-1,1,-1,-1,-1,0x0000000000000002,1396,1537,1694,1501,1500,1420,1500,1500,1500,1500,1500,1500,1500,1500,1500,1500,1500,1500,1500,1500,1500,1500,1500,1500,1500,1500,1500,1500,1500,1500,1500,1500,8.0
2026-05-04,12:55:59.230,-64,-80,100,10,0,8,25,-65,100,13,15.3,0.0,0,0,53.759456 -1.546035,54.8,10.13,227,11,1,-132,430,70,11,-1024,-93,-1024,1024,0,-1,-1,-1,-1,1,-1,-1,-1,0x0000000000000002,1377,1496,1715,1500,1500,1399,1500,1500,1500,1500,1500,1500,1500,1500,1500,1500,1500,1500,1500,1500,1500,1500,1500,1500,1500,1500,1500,1500,1500,1500,1500,1500,8.0
2026-05-04,12:56:00.230,-77,-61,100,9,1,8,25,-56,100,11,15.3,0.0,0,0,53.759456 -1.546035,54.8,10.13,227,11,1,0,595,250,11,-1024,-93,-1024,1024,0,-1,-1,-1,-1,1,-1,-1,-1,0x0000000000000002,1325,1472,1797,1500,1500,1344,1500,1500,1500,1500,1500,1500,1500,1500,1500,1500,1500,1500,1500,1500,1500,1500,1500,1500,1500,1500,1500,1500,1500,1500,1500,1500,8.0
2026-05-04,12:56:01.230,-73,-61,100,10,1,8,25,-54,100,10,15.3,0.0,0,0,53.759667 -1.545769,56.2,49.50,229,11,0,1,602,44,11,-1024,-93,-1024,1024,0,-1,-1,-1,-1,1,-1,-1,-1,0x0000000000000002,1384,1472,1801,1500,1500,1407,1500,1500,1500,1500,1500,1500,1500,1500,1500,1500,1500,1500,1500,1500,1500,1500,1500,1500,1500,1500,1500,1500,1500,1500,1500,1500,8.0
2026-05-04,12:56:02.230,-76,-66,100,10,1,8,25,-60,100,11,15.2,0.0,0,0,53.759667 -1.545769,56.2,49.50,229,11,0,-1,638,171,11,-1024,-93,-1024,1024,0,-1,-1,-1,-1,1,-1,-1,-1,0x0000000000000002,1348,1473,1819,1500,1500,1368,1500,1500,1500,1500,1500,1500,1500,1500,1500,1500,1500,1500,1500,1500,1500,1500,1500,1500,1500,1500,1500,1500,1500,1500,1500,1500,8.0
2026-05-04,12:56:03.230,-72,-64,100,9,1,8,25,-61,100,11,15.2,0.0,0,0,53.759840 -1.545486,57.8,46.01,231,11,1,-6,633,136,11,-1024,-93,-1024,1024,0,-1,-1,-1,-1,1,-1,-1,-1,0x0000000000000002,1358,1473,1816,1500,1500,1379,1500,1500,1500,1500,1500,1500,1500,1500,1500,1500,1500,1500,1500,1500,1500,1500,1500,1500,1500,1500,1500,1500,1500,1500,1500,1500,8.0
2026-05-04,12:56:04.230,-72,-61,100,10,1,8,25,-57,100,10,15.2,0.0,0,0,53.759840 -1.545486,57.8,46.01,231,11,0,4,598,5,11,-1024,-93,-1024,1024,0,-1,-1,-1,-1,1,-1,-1,-1,0x0000000000000002,1395,1471,1799,1500,1500,1419,1500,1500,1500,1500,1500,1500,1500,1500,1500,1500,1500,1500,1500,1500,1500,1500,1500,1500,1500,1500,1500,1500,1500,1500,1500,1500,8.0
2026-05-04,12:56:05.230,-72,-62,100,10,1,8,25,-64,100,10,15.2,0.0,0,0,53.760025 -1.545191,56.5,42.04,234,11,0,-110,569,1,11,-1024,-93,-1024,1024,0,-1,-1,-1,-1,1,-1,-1,-1,0x0000000000000002,1396,1492,1784,1500,1500,1419,1500,1500,1500,1500,1500,1500,1500,1500,1500,1500,1500,1500,1500,1500,1500,1500,1500,1500,1500,1500,1500,1500,1500,1500,1500,1500,8.0
2026-05-04,12:56:06.230,-72,-53,100,10,1,8,25,-57,100,11,15.2,0.0,0,0,53.760025 -1.545191,56.5,42.04,234,11,3,-27,554,3,11,-1024,-93,-1024,1024,0,-1,-1,-1,-1,1,-1,-1,-1,0x0000000000000002,1395,1477,1777,1501,1500,1419,1500,1500,1500,1500,1500,1500,1500,1500,1500,1500,1500,1500,1500,1500,1500,1500,1500,1500,1500,1500,1500,1500,1500,1500,1500,1500,8.0
2026-05-04,12:56:07.230,-57,-59,100,11,0,8,25,-57,100,11,15.2,0.0,0,0,53.760217 -1.544898,59.7,39.61,235,11,4,0,582,402,11,-1024,-93,-1024,1024,0,-1,-1,-1,-1,1,-1,-1,-1,0x0000000000000002,1276,1472,1791,1501,1500,1293,1500,1500,1500,1500,1500,1500,1500,1500,1500,1500,1500,1500,1500,1500,1500,1500,1500,1500,1500,1500,1500,1500,1500,1500,1500,1500,8.0
2026-05-04,12:56:08.230,-67,-60,100,10,1,8,25,-53,100,11,15.2,0.0,0,0,53.760217 -1.544898,59.7,39.61,235,11,2,3,608,22,11,-1024,-93,-1024,1024,0,-1,-1,-1,-1,1,-1,-1,-1,0x0000000000000002,1390,1472,1804,1500,1500,1413,1500,1500,1500,1500,1500,1500,1500,1500,1500,1500,1500,1500,1500,1500,1500,1500,1500,1500,1500,1500,1500,1500,1500,1500,1500,1500,8.0
2026-05-04,12:56:09.230,-76,-60,100,10,1,8,25,-61,100,10,15.2,0.0,0,0,53.760473 -1.544674,56.0,19.03,238,11,8,-3,433,488,11,-1024,-93,-1024,1024,0,-1,-1,-1,-1,1,-1,-1,-1,0x0000000000000002,1246,1473,1716,1502,1500,1261,1500,1500,1500,1500,1500,1500,1500,1500,1500,1500,1500,1500,1500,1500,1500,1500,1500,1500,1500,1500,1500,1500,1500,1500,1500,1500,8.0
2026-05-04,12:56:10.230,-73,-66,100,10,1,8,25,-56,100,11,15.2,0.0,0,0,53.760473 -1.544674,56.0,19.03,238,11,4,-69,473,43,11,-1024,-93,-1024,1024,0,-1,-1,-1,-1,1,-1,-1,-1,0x0000000000000002,1384,1484,1736,1501,1500,1407,1500,1500,1500,1500,1500,1500,1500,1500,1500,1500,1500,1500,1500,1500,1500,1500,1500,1500,1500,1500,1500,1500,1500,1500,1500,1500,8.0
2026-05-04,12:56:11.230,-72,-79,99,10,0,8,25,-58,100,10,15.2,0.0,0,0,53.760729 -1.544544,58.6,9.56,237,11,1,-3,565,-41,11,-1024,-93,-1024,1024,0,-1,-1,-1,-1,1,-1,-1,-1,0x0000000000000002,1411,1473,1782,1500,1500,1435,1500,1500,1500,1500,1500,1500,1500,1500,1500,1500,1500,1500,1500,1500,1500,1500,1500,1500,1500,1500,1500,1500,1500,1500,1500,1500,8.0
2026-05-04,12:56:12.230,-86,-59,100,9,1,8,25,-61,100,11,15.2,0.0,0,0,53.760729 -1.544544,58.6,9.56,237,11,2,-15,573,46,11,-1024,-93,-1024,1024,0,-1,-1,-1,-1,1,-1,-1,-1,0x0000000000000002,1383,1475,1786,1500,1500,1406,1500,1500,1500,1500,1500,1500,1500,1500,1500,1500,1500,1500,1500,1500,1500,1500,1500,1500,1500,1500,1500,1500,1500,1500,1500,1500,8.0
2026-05-04,12:56:13.230,-86,-61,100,10,1,8,25,-67,100,11,15.2,0.0,0,0,53.760992 -1.544440,66.5,21.80,234,11,1,2,576,-7,11,-1024,-93,-1024,1024,0,-1,-1,-1,-1,1,-1,-1,-1,0x0000000000000002,1398,1472,1788,1500,1500,1422,1500,1500,1500,1500,1500,1500,1500,1500,1500,1500,1500,1500,1500,1500,1500,1500,1500,1500,1500,1500,1500,1500,1500,1500,1500,1500,8.0
2026-05-04,12:56:14.230,-86,-68,99,8,1,8,25,-68,100,13,15.2,0.0,0,0,53.760992 -1.544440,66.5,21.80,234,11,6,4,215,333,11,-1024,-93,-1024,1024,0,-1,-1,-1,-1,1,-1,-1,-1,0x0000000000000002,1299,1471,1607,1501,1500,1317,1500,1500,1500,1500,1500,1500,1500,1500,1500,1500,1500,1500,1500,1500,1500,1500,1500,1500,1500,1500,1500,1500,1500,1500,1500,1500,8.0
2026-05-04,12:56:15.230,-86,-59,100,10,1,8,25,-58,100,12,15.3,0.0,0,0,53.761273 -1.544103,72.3,40.34,231,11,153,1,199,340,11,-1024,-93,-1024,1024,0,-1,-1,-1,-1,1,-1,-1,-1,0x0000000000000002,1297,1472,1599,1543,1500,1315,1500,1500,1500,1500,1500,1500,1500,1500,1500,1500,1500,1500,1500,1500,1500,1500,1500,1500,1500,1500,1500,1500,1500,1500,1500,1500,8.0
2026-05-04,12:56:16.230,-78,-77,100,9,1,8,25,-76,100,11,15.3,0.0,0,0,53.761273 -1.544103,72.3,40.34,231,11,6,-187,288,-164,11,-1024,-93,-1024,1024,0,-1,-1,-1,-1,1,-1,-1,-1,0x0000000000000002,1443,1505,1644,1501,1500,1469,1500,1500,1500,1500,1500,1500,1500,1500,1500,1500,1500,1500,1500,1500,1500,1500,1500,1500,1500,1500,1500,1500,1500,1500,1500,1500,8.0
2026-05-04,12:56:17.230,-75,-70,100,8,1,8,25,-65,100,10,15.3,0.0,0,0,53.761523 -1.543703,66.1,51.93,230,11,6,-64,318,-7,11,-1024,-93,-1024,1024,0,-1,-1,-1,-1,1,-1,-1,-1,0x0000000000000002,1398,1484,1659,1501,1500,1422,1500,1500,1500,1500,1500,1500,1500,1500,1500,1500,1500,1500,1500,1500,1500,1500,1500,1500,1500,1500,1500,1500,1500,1500,1500,1500,8.0
2026-05-04,12:56:18.230,-77,-66,100,9,1,8,25,-62,100,12,15.3,0.0,0,0,53.761612 -1.543236,64.3,98.58,225,11,3,2,319,-315,11,-1024,-93,-1024,1024,0,-1,-1,-1,-1,1,-1,-1,-1,0x0000000000000002,1488,1472,1659,1501,1500,1516,1500,1500,1500,1500,1500,1500,1500,1500,1500,1500,1500,1500,1500,1500,1500,1500,1500,1500,1500,1500,1500,1500,1500,1500,1500,1500,8.0
2026-05-04,12:56:19.230,-77,-65,100,10,1,8,25,-68,100,11,15.3,0.0,0,0,53.761612 -1.543236,64.3,98.58,225,11,48,4,89,376,11,-1024,-93,-1024,1024,0,-1,-1,-1,-1,1,-1,-1,-1,0x0000000000000002,1285,1471,1544,1513,1500,1302,1500,1500,1500,1500,1500,1500,1500,1500,1500,1500,1500,1500,1500,1500,1500,1500,1500,1500,1500,1500,1500,1500,1500,1500,1500,1500,8.0
2026-05-04,12:56:20.230,-81,-80,99,9,1,8,25,-78,100,10,15.3,0.0,0,0,53.761440 -1.542788,64.2,134.57,222,11,7,7,-337,-6,11,-1024,-93,-1024,1024,0,-1,-1,-1,-1,1,-1,-1,-1,0x0000000000000002,1398,1471,1332,1502,1500,1421,1500,1500,1500,1500,1500,1500,1500,1500,1500,1500,1500,1500,1500,1500,1500,1500,1500,1500,1500,1500,1500,1500,1500,1500,1500,1500,8.0
2026-05-04,12:56:21.230,-85,-68,100,8,1,8,25,-70,100,10,15.4,0.0,0,0,53.761440 -1.542788,64.2,134.57,222,11,6,226,-1024,-5,11,-1024,-93,-1024,1024,0,-1,-1,-1,-1,1,-1,-1,-1,0x0000000000000002,1397,1432,988,1501,1500,1421,1500,1500,1500,1500,1500,1500,1500,1500,1500,1500,1500,1500,1500,1500,1500,1500,1500,1500,1500,1500,1500,1500,1500,1500,1500,1500,8.0
2026-05-04,12:56:22.230,-75,-60,100,10,1,8,25,-58,100,11,15.4,0.0,0,0,53.761196 -1.542551,55.3,166.05,221,11,4,-303,-883,0,11,-1024,-93,-1024,1024,0,-1,-1,-1,-1,1,-1,-1,-1,0x0000000000000002,1396,1527,1059,1501,1500,1420,1500,1500,1500,1500,1500,1500,1500,1500,1500,1500,1500,1500,1500,1500,1500,1500,1500,1500,1500,1500,1500,1500,1500,1500,1500,1500,8.0
2026-05-04,12:56:23.230,-71,-64,100,10,1,8,25,-64,100,10,15.5,0.0,0,0,53.761196 -1.542551,55.3,166.05,221,11,6,8,-849,-6,11,-1024,-93,-1024,1024,0,-1,-1,-1,-1,1,-1,-1,-1,0x0000000000000002,1398,1471,1076,1501,1500,1421,1500,1500,1500,1500,1500,1500,1500,1500,1500,1500,1500,1500,1500,1500,1500,1500,1500,1500,1500,1500,1500,1500,1500,1500,1500,1500,8.0
2026-05-04,12:56:24.230,-77,-74,100,9,1,8,25,-64,100,10,15.5,0.0,0,0,53.760985 -1.542555,60.9,207.88,211,11,4,22,-783,-146,11,-1024,-93,-1024,1024,0,-1,-1,-1,-1,1,-1,-1,-1,0x0000000000000002,1437,1468,1109,1501,1500,1463,1500,1500,1500,1500,1500,1500,1500,1500,1500,1500,1500,1500,1500,1500,1500,1500,1500,1500,1500,1500,1500,1500,1500,1500,1500,1500,8.0
2026-05-04,12:56:25.230,-79,-62,100,9,1,8,25,-56,100,10,15.5,0.0,0,0,53.760985 -1.542555,60.9,207.88,211,11,3,135,-738,-4,11,-1024,-93,-1024,1024,0,-1,-1,-1,-1,1,-1,-1,-1,0x0000000000000002,1397,1448,1131,1501,1500,1421,1500,1500,1500,1500,1500,1500,1500,1500,1500,1500,1500,1500,1500,1500,1500,1500,1500,1500,1500,1500,1500,1500,1500,1500,1500,1500,8.0
2026-05-04,12:56:26.230,-81,-72,97,10,1,8,25,-66,100,11,15.5,0.0,0,0,53.760748 -1.542871,64.7,220.31,202,11,3,-55,-692,-22,11,-1024,-93,-1024,1024,0,-1,-1,-1,-1,1,-1,-1,-1,0x0000000000000002,1402,1482,1154,1501,1500,1426,1500,1500,1500,1500,1500,1500,1500,1500,1500,1500,1500,1500,1500,1500,1500,1500,1500,1500,1500,1500,1500,1500,1500,1500,1500,1500,8.0
2026-05-04,12:56:27.230,-81,-57,100,10,1,8,25,-55,100,10,15.5,0.0,0,0,53.760748 -1.542871,64.7,220.31,202,11,4,2,-580,-180,11,-1024,-93,-1024,1024,0,-1,-1,-1,-1,1,-1,-1,-1,0x0000000000000002,1447,1472,1210,1501,1500,1474,1500,1500,1500,1500,1500,1500,1500,1500,1500,1500,1500,1500,1500,1500,1500,1500,1500,1500,1500,1500,1500,1500,1500,1500,1500,1500,8.0
2026-05-04,12:56:28.230,-73,-63,100,11,1,8,25,-54,100,10,15.5,0.0,0,0,53.760339 -1.543238,64.5,221.19,193,11,8,63,1024,-3,11,-1024,-93,-1024,1024,0,-1,-1,-1,-1,1,-1,-1,-1,0x0000000000000002,1397,1461,2012,1502,1500,1421,1500,1500,1500,1500,1500,1500,1500,1500,1500,1500,1500,1500,1500,1500,1500,1500,1500,1500,1500,1500,1500,1500,1500,1500,1500,1500,8.0
2026-05-04,12:56:29.230,-70,-51,100,10,1,8,25,-50,100,12,15.5,0.0,0,0,53.760339 -1.543238,64.5,221.19,193,11,5,-121,1024,-6,11,-1024,-93,-1024,1024,0,-1,-1,-1,-1,1,-1,-1,-1,0x0000000000000002,1398,1494,2012,1501,1500,1421,1500,1500,1500,1500,1500,1500,1500,1500,1500,1500,1500,1500,1500,1500,1500,1500,1500,1500,1500,1500,1500,1500,1500,1500,1500,1500,8.0
2026-05-04,12:56:30.230,-70,-46,100,11,1,8,25,-45,100,10,15.5,0.0,0,0,53.760275 -1.543586,64.7,221.88,186,11,2,-2,860,-3,11,-1024,-93,-1024,1024,0,-1,-1,-1,-1,1,-1,-1,-1,0x0000000000000002,1397,1473,1930,1500,1500,1421,1500,1500,1500,1500,1500,1500,1500,1500,1500,1500,1500,1500,1500,1500,1500,1500,1500,1500,1500,1500,1500,1500,1500,1500,1500,1500,8.0
2026-05-04,12:56:31.230,-74,-65,98,11,1,8,25,-78,100,7,15.1,0.0,0,0,53.760275 -1.543586,64.7,221.88,186,11,4,6,99,238,11,-1024,-93,-1024,1024,0,-1,-1,-1,-1,1,-1,-1,-1,0x0000000000000002,1328,1471,1549,1501,1500,1348,1500,1500,1500,1500,1500,1500,1500,1500,1500,1500,1500,1500,1500,1500,1500,1500,1500,1500,1500,1500,1500,1500,1500,1500,1500,1500,8.0
2026-05-04,12:56:32.230,-60,-68,100,10,0,8,25,-66,100,12,15.1,0.0,0,0,53.760044 -1.543978,68.3,222.44,186,11,5,9,960,134,11,-1024,-93,-1024,1024,0,-1,-1,-1,-1,1,-1,-1,-1,0x0000000000000002,1359,1471,1980,1501,1500,1380,1500,1500,1500,1500,1500,1500,1500,1500,1500,1500,1500,1500,1500,1500,1500,1500,1500,1500,1500,1500,1500,1500,1500,1500,1500,1500,8.0
2026-05-04,12:56:33.230,-62,-60,100,10,1,8,25,-56,100,11,15.4,0.0,0,0,53.760044 -1.543978,68.3,222.44,186,11,5,14,1024,150,11,-1024,-93,-1024,1024,0,-1,-1,-1,-1,1,-1,-1,-1,0x0000000000000002,1354,1470,2012,1501,1500,1375,1500,1500,1500,1500,1500,1500,1500,1500,1500,1500,1500,1500,1500,1500,1500,1500,1500,1500,1500,1500,1500,1500,1500,1500,1500,1500,8.0
2026-05-04,12:56:34.230,-58,-53,100,11,1,8,25,-44,100,9,15.4,0.0,0,0,53.759833 -1.544250,46.3,211.90,194,11,1,0,541,13,11,-1024,-93,-1024,1024,0,-1,-1,-1,-1,1,-1,-1,-1,0x0000000000000002,1393,1472,1770,1500,1500,1416,1500,1500,1500,1500,1500,1500,1500,1500,1500,1500,1500,1500,1500,1500,1500,1500,1500,1500,1500,1500,1500,1500,1500,1500,1500,1500,8.0
2026-05-04,12:56:35.230,-55,-52,100,10,1,8,25,-58,100,11,15.1,0.0,0,0,53.759833 -1.544250,46.3,211.90,194,11,6,-181,818,-2,11,-1024,-93,-1024,1024,0,-1,-1,-1,-1,1,-1,-1,-1,0x0000000000000002,1397,1504,1909,1501,1500,1420,1500,1500,1500,1500,1500,1500,1500,1500,1500,1500,1500,1500,1500,1500,1500,1500,1500,1500,1500,1500,1500,1500,1500,1500,1500,1500,8.0
2026-05-04,12:56:36.230,-57,-65,100,11,0,8,25,-56,100,10,15.1,0.0,0,0,53.759635 -1.544346,46.9,191.58,197,11,5,-175,276,84,11,-1024,-93,-1024,1024,0,-1,-1,-1,-1,1,-1,-1,-1,0x0000000000000002,1373,1503,1638,1501,1500,1395,1500,1500,1500,1500,1500,1500,1500,1500,1500,1500,1500,1500,1500,1500,1500,1500,1500,1500,1500,1500,1500,1500,1500,1500,1500,1500,8.0
2026-05-04,12:56:37.230,-57,-47,100,11,1,8,25,-44,100,12,15.0,0.0,0,0,53.759635 -1.544346,46.9,191.58,197,11,87,-180,335,220,11,-1024,-93,-1024,1024,0,-1,-1,-1,-1,1,-1,-1,-1,0x0000000000000002,1334,1504,1667,1524,1500,1354,1500,1500,1500,1500,1500,1500,1500,1500,1500,1500,1500,1500,1500,1500,1500,1500,1500,1500,1500,1500,1500,1500,1500,1500,1500,1500,8.0
2026-05-04,12:56:38.230,-66,-60,100,11,1,8,25,-58,100,10,15.2,0.0,0,0,53.759398 -1.544385,51.8,184.38,199,11,285,-567,226,2,11,-1024,-93,-1024,1024,0,-1,-1,-1,-1,1,-1,-1,-1,0x0000000000000002,1396,1584,1613,1582,1500,1419,1500,1500,1500,1500,1500,1500,1500,1500,1500,1500,1500,1500,1500,1500,1500,1500,1500,1500,1500,1500,1500,1500,1500,1500,1500,1500,8.0
2026-05-04,12:56:39.230,-73,-56,100,10,1,8,25,-61,100,11,15.2,0.0,0,0,53.759398 -1.544385,51.8,184.38,199,11,243,-662,110,-179,11,-1024,-93,-1024,1024,0,-1,-1,-1,-1,1,-1,-1,-1,0x0000000000000002,1447,1608,1555,1569,1500,1474,1500,1500,1500,1500,1500,1500,1500,1500,1500,1500,1500,1500,1500,1500,1500,1500,1500,1500,1500,1500,1500,1500,1500,1500,1500,1500,8.0
2026-05-04,12:56:40.230,-52,-61,100,10,0,8,25,-58,100,10,15.3,0.0,0,0,53.759187 -1.544535,47.4,226.21,200,11,230,-549,134,-2,11,-1024,-93,-1024,1024,0,-1,-1,-1,-1,1,-1,-1,-1,0x0000000000000002,1397,1580,1567,1565,1500,1420,1500,1500,1500,1500,1500,1500,1500,1500,1500,1500,1500,1500,1500,1500,1500,1500,1500,1500,1500,1500,1500,1500,1500,1500,1500,1500,8.0
2026-05-04,12:56:41.230,-64,-45,100,10,1,8,25,-47,100,12,15.3,0.0,0,0,53.759187 -1.544535,47.4,226.21,200,11,4,5,254,-608,12,-1024,-93,-1024,1024,0,-1,-1,-1,-1,1,-1,-1,-1,0x0000000000000002,1592,1471,1627,1501,1500,1616,1500,1500,1500,1500,1500,1500,1500,1500,1500,1500,1500,1500,1500,1500,1500,1500,1500,1500,1500,1500,1500,1500,1500,1500,1500,1500,8.0
2026-05-04,12:56:42.230,-52,-74,100,11,0,8,25,-50,100,11,15.3,0.0,0,0,53.759225 -1.544849,51.6,-321.71,197,11,4,0,252,-362,11,-1024,-93,-1024,1024,0,-1,-1,-1,-1,1,-1,-1,-1,0x0000000000000002,1503,1472,1626,1501,1500,1532,1500,1500,1500,1500,1500,1500,1500,1500,1500,1500,1500,1500,1500,1500,1500,1500,1500,1500,1500,1500,1500,1500,1500,1500,1500,1500,8.0
2026-05-04,12:56:43.230,-49,-74,100,10,0,8,25,-46,100,10,15.3,0.0,0,0,53.759462 -1.544650,62.8,46.01,190,9,5,-40,216,1,11,-1024,-93,-1024,1024,0,-1,-1,-1,-1,1,-1,-1,-1,0x0000000000000002,1396,1479,1608,1501,1500,1419,1500,1500,1500,1500,1500,1500,1500,1500,1500,1500,1500,1500,1500,1500,1500,1500,1500,1500,1500,1500,1500,1500,1500,1500,1500,1500,8.0
2026-05-04,12:56:44.230,-51,-38,100,10,1,8,25,-32,100,10,15.3,0.0,0,0,53.759462 -1.544650,62.8,46.01,190,9,3,-1,273,106,11,-1024,-93,-1024,1024,0,-1,-1,-1,-1,1,-1,-1,-1,0x0000000000000002,1367,1473,1636,1501,1500,1389,1500,1500,1500,1500,1500,1500,1500,1500,1500,1500,1500,1500,1500,1500,1500,1500,1500,1500,1500,1500,1500,1500,1500,1500,1500,1500,8.0
2026-05-04,12:56:45.230,-58,-58,100,10,1,8,25,-52,100,11,15.3,0.0,0,0,53.759686 -1.544226,69.8,51.18,184,8,6,-286,1024,21,11,-1024,-93,-1024,1024,0,-1,-1,-1,-1,1,-1,-1,-1,0x0000000000000002,1390,1524,2012,1501,1500,1413,1500,1500,1500,1500,1500,1500,1500,1500,1500,1500,1500,1500,1500,1500,1500,1500,1500,1500,1500,1500,1500,1500,1500,1500,1500,1500,8.0
2026-05-04,12:56:46.230,-66,-63,100,10,1,8,25,-60,100,11,15.3,0.0,0,0,53.759686 -1.544226,69.8,51.18,184,8,4,3,1024,0,11,-1024,-93,-1024,1024,0,-1,-1,-1,-1,1,-1,-1,-1,0x0000000000000002,1396,1472,2012,1501,1500,1420,1500,1500,1500,1500,1500,1500,1500,1500,1500,1500,1500,1500,1500,1500,1500,1500,1500,1500,1500,1500,1500,1500,1500,1500,1500,1500,8.0
2026-05-04,12:56:47.230,-74,-68,100,10,1,8,25,-66,100,10,15.3,0.0,0,0,53.759910 -1.543795,58.7,55.78,185,10,3,2,918,-2,11,-1024,-93,-1024,1024,0,-1,0,-1,-1,1,-1,-1,-1,0x0000000000000002,1397,1472,1959,1501,1500,1420,1500,1500,1500,1500,1500,1500,1500,1500,1500,1500,1500,1500,1500,1500,1500,1500,1500,1500,1500,1500,1500,1500,1500,1500,1500,1500,8.0
2026-05-04,12:56:48.230,-74,-69,100,10,1,8,25,-73,100,10,14.9,0.0,0,0,53.759910 -1.543795,58.7,55.78,185,10,0,3,682,-147,11,-1024,-93,-1024,1024,0,-1,-1,-1,-1,1,-1,-1,-1,0x0000000000000002,1438,1472,1841,1500,1500,1464,1500,1500,1500,1500,1500,1500,1500,1500,1500,1500,1500,1500,1500,1500,1500,1500,1500,1500,1500,1500,1500,1500,1500,1500,1500,1500,8.0
2026-05-04,12:56:49.230,-76,-74,100,10,0,8,25,-84,100,7,14.9,0.0,0,0,53.760032 -1.543470,52.4,62.84,191,11,-141,-350,284,227,11,-1024,-93,-1024,1024,0,-1,-1,-1,-1,1,-1,-1,-1,0x0000000000000002,1331,1536,1642,1463,1500,1351,1500,1500,1500,1500,1500,1500,1500,1500,1500,1500,1500,1500,1500,1500,1500,1500,1500,1500,1500,1500,1500,1500,1500,1500,1500,1500,8.0
2026-05-04,12:56:50.230,-65,-74,100,10,0,8,25,-63,100,10,15.2,0.0,0,0,53.760032 -1.543470,52.4,62.84,191,11,4,-200,241,698,11,-1024,-93,-1024,1024,0,-1,-1,-1,-1,1,-1,-1,-1,0x0000000000000002,1162,1507,1620,1501,1500,1172,1500,1500,1500,1500,1500,1500,1500,1500,1500,1500,1500,1500,1500,1500,1500,1500,1500,1500,1500,1500,1500,1500,1500,1500,1500,1500,8.0
2026-05-04,12:56:51.230,-85,-74,100,10,0,8,25,-65,100,10,15.2,0.0,0,0,53.760172 -1.543151,49.9,39.23,194,11,2,-225,238,132,11,-1024,-93,-1024,1024,0,-1,-1,-1,-1,1,-1,-1,-1,0x0000000000000002,1359,1512,1619,1500,1500,1381,1500,1500,1500,1500,1500,1500,1500,1500,1500,1500,1500,1500,1500,1500,1500,1500,1500,1500,1500,1500,1500,1500,1500,1500,1500,1500,8.0
2026-05-04,12:56:52.230,-79,-70,100,10,0,8,25,-73,100,10,15.2,0.0,0,0,53.760172 -1.543151,49.9,39.23,194,11,-13,-242,292,0,11,-1024,-93,-1024,1024,0,-1,-1,-1,-1,1,-1,-1,-1,0x0000000000000002,1396,1515,1646,1497,1500,1420,1500,1500,1500,1500,1500,1500,1500,1500,1500,1500,1500,1500,1500,1500,1500,1500,1500,1500,1500,1500,1500,1500,1500,1500,1500,1500,8.0
2026-05-04,12:56:53.230,-83,-74,100,9,1,8,25,-76,100,9,15.2,0.0,0,0,53.760384 -1.543088,50.5,-304.18,195,11,4,-456,267,165,11,-1024,-93,-1024,1024,0,-1,-1,-1,-1,1,-1,-1,-1,0x0000000000000002,1350,1558,1633,1501,1500,1371,1500,1500,1500,1500,1500,1500,1500,1500,1500,1500,1500,1500,1500,1500,1500,1500,1500,1500,1500,1500,1500,1500,1500,1500,1500,1500,8.0
2026-05-04,12:56:54.230,-85,-69,100,7,1,8,25,-66,100,11,15.2,0.0,0,0,53.760384 -1.543088,50.5,-304.18,195,11,3,-185,330,601,11,-1024,-93,-1024,1024,0,-1,-1,-1,-1,1,-1,-1,-1,0x0000000000000002,1203,1505,1665,1501,1500,1216,1500,1500,1500,1500,1500,1500,1500,1500,1500,1500,1500,1500,1500,1500,1500,1500,1500,1500,1500,1500,1500,1500,1500,1500,1500,1500,8.0
2026-05-04,12:56:55.230,-85,-67,100,10,1,8,25,-65,100,11,15.2,0.0,0,0,53.760531 -1.543340,41.8,299.68,196,11,2,-73,456,543,11,-1024,-93,-1024,1024,0,-1,-1,-1,-1,1,-1,-1,-1,0x0000000000000002,1226,1485,1728,1500,1500,1239,1500,1500,1500,1500,1500,1500,1500,1500,1500,1500,1500,1500,1500,1500,1500,1500,1500,1500,1500,1500,1500,1500,1500,1500,1500,1500,8.0
2026-05-04,12:56:56.230,-90,-58,100,10,1,8,25,-56,100,11,15.2,0.0,0,0,53.760531 -1.543340,41.8,299.68,196,11,3,-301,614,13,11,-1024,-93,-1024,1024,0,-1,-1,-1,-1,1,-1,-1,-1,0x0000000000000002,1393,1526,1807,1501,1500,1416,1500,1500,1500,1500,1500,1500,1500,1500,1500,1500,1500,1500,1500,1500,1500,1500,1500,1500,1500,1500,1500,1500,1500,1500,1500,1500,8.0
2026-05-04,12:56:57.230,-90,-56,100,10,1,8,25,-52,100,9,15.2,0.0,0,0,53.760505 -1.543588,34.3,227.62,196,11,5,-41,1024,358,11,-1024,-93,-1024,1024,0,-1,-1,-1,-1,1,-1,-1,-1,0x0000000000000002,1291,1480,2012,1501,1500,1309,1500,1500,1500,1500,1500,1500,1500,1500,1500,1500,1500,1500,1500,1500,1500,1500,1500,1500,1500,1500,1500,1500,1500,1500,1500,1500,8.0
2026-05-04,12:56:58.230,-90,-57,100,11,1,8,25,-62,100,10,15.1,0.0,0,0,53.760505 -1.543588,34.3,227.62,196,11,3,-1,926,167,11,-1024,-93,-1024,1024,0,-1,-1,-1,-1,1,-1,-1,-1,0x0000000000000002,1349,1473,1963,1501,1500,1370,1500,1500,1500,1500,1500,1500,1500,1500,1500,1500,1500,1500,1500,1500,1500,1500,1500,1500,1500,1500,1500,1500,1500,1500,1500,1500,8.0
2026-05-04,12:56:59.230,-74,-51,100,11,1,8,25,-50,100,10,15.1,0.0,0,0,53.760339 -1.543710,49.0,206.02,193,11,4,1,380,1,11,-1024,-93,-1024,1024,0,-1,-1,-1,-1,1,-1,-1,-1,0x0000000000000002,1396,1472,1690,1501,1500,1419,1500,1500,1500,1500,1500,1500,1500,1500,1500,1500,1500,1500,1500,1500,1500,1500,1500,1500,1500,1500,1500,1500,1500,1500,1500,1500,8.0
2026-05-04,12:57:00.230,-74,-54,100,11,1,8,25,-49,100,10,15.0,0.0,0,0,53.760339 -1.543710,49.0,206.02,193,11,5,-47,399,66,11,-1024,-93,-1024,1024,0,-1,-1,-1,-1,1,-1,-1,-1,0x0000000000000002,1378,1481,1699,1501,1500,1400,1500,1500,1500,1500,1500,1500,1500,1500,1500,1500,1500,1500,1500,1500,1500,1500,1500,1500,1500,1500,1500,1500,1500,1500,1500,1500,8.0
2026-05-04,12:57:01.230,-78,-57,100,10,1,8,25,-55,100,10,15.0,0.0,0,0,53.760089 -1.543875,52.5,203.14,194,11,4,2,438,-2,11,-1024,-93,-1024,1024,0,-1,-1,-1,-1,1,-1,-1,-1,0x0000000000000002,1397,1472,1719,1501,1500,1420,1500,1500,1500,1500,1500,1500,1500,1500,1500,1500,1500,1500,1500,1500,1500,1500,1500,1500,1500,1500,1500,1500,1500,1500,1500,1500,8.0
2026-05-04,12:57:02.230,-78,-57,100,11,1,8,25,-57,100,10,15.1,0.0,0,0,53.760089 -1.543875,52.5,203.14,194,11,3,1,465,-2,11,-1024,-93,-1024,1024,0,-1,-1,-1,-1,1,-1,-1,-1,0x0000000000000002,1397,1472,1732,1501,1500,1420,1500,1500,1500,1500,1500,1500,1500,1500,1500,1500,1500,1500,1500,1500,1500,1500,1500,1500,1500,1500,1500,1500,1500,1500,1500,1500,8.0
2026-05-04,12:57:03.230,-61,-54,100,10,1,8,25,-56,100,10,15.1,0.0,0,0,53.759904 -1.544033,46.1,211.04,197,11,4,2,464,423,11,-1024,-93,-1024,1024,0,-1,-1,-1,-1,1,-1,-1,-1,0x0000000000000002,1269,1472,1732,1501,1500,1285,1500,1500,1500,1500,1500,1500,1500,1500,1500,1500,1500,1500,1500,1500,1500,1500,1500,1500,1500,1500,1500,1500,1500,1500,1500,1500,8.0
2026-05-04,12:57:04.230,-53,-58,100,10,0,8,25,-63,100,11,15.1,0.0,0,0,53.759904 -1.544033,46.1,211.04,197,11,4,-246,512,-389,11,-1024,-93,-1024,1024,0,-1,-1,-1,-1,1,-1,-1,-1,0x0000000000000002,1511,1516,1756,1501,1500,1540,1500,1500,1500,1500,1500,1500,1500,1500,1500,1500,1500,1500,1500,1500,1500,1500,1500,1500,1500,1500,1500,1500,1500,1500,1500,1500,8.0
2026-05-04,12:57:05.230,-55,-66,100,11,0,8,25,-54,100,11,15.1,0.0,0,0,53.759718 -1.544233,45.8,212.23,198,11,4,1,483,303,11,-1024,-93,-1024,1024,0,-1,-1,-1,-1,1,-1,-1,-1,0x0000000000000002,1308,1472,1741,1501,1500,1327,1500,1500,1500,1500,1500,1500,1500,1500,1500,1500,1500,1500,1500,1500,1500,1500,1500,1500,1500,1500,1500,1500,1500,1500,1500,1500,8.0
2026-05-04,12:57:06.230,-58,-58,100,10,1,8,25,-63,100,10,15.1,0.0,0,0,53.759718 -1.544233,45.8,212.23,198,11,13,-280,718,296,11,-1024,-93,-1024,1024,0,-1,-1,-1,-1,1,-1,-1,-1,0x0000000000000002,1311,1522,1859,1504,1500,1329,1500,1500,1500,1500,1500,1500,1500,1500,1500,1500,1500,1500,1500,1500,1500,1500,1500,1500,1500,1500,1500,1500,1500,1500,1500,1500,8.0
2026-05-04,12:57:07.230,-58,-56,100,11,1,8,25,-50,100,11,15.0,0.0,0,0,53.759520 -1.544453,48.1,216.30,198,11,97,-219,631,332,11,-1024,-93,-1024,1024,0,-1,-1,-1,-1,1,-1,-1,-1,0x0000000000000002,1299,1511,1815,1527,1500,1317,1500,1500,1500,1500,1500,1500,1500,1500,1500,1500,1500,1500,1500,1500,1500,1500,1500,1500,1500,1500,1500,1500,1500,1500,1500,1500,8.0
2026-05-04,12:57:08.230,-60,-59,100,10,1,8,25,-67,100,10,15.0,0.0,0,0,53.759334 -1.544655,49.2,216.84,199,11,115,-381,607,34,11,-1024,-93,-1024,1024,0,-1,-1,-1,-1,1,-1,-1,-1,0x0000000000000002,1387,1542,1803,1532,1500,1410,1500,1500,1500,1500,1500,1500,1500,1500,1500,1500,1500,1500,1500,1500,1500,1500,1500,1500,1500,1500,1500,1500,1500,1500,1500,1500,8.0
2026-05-04,12:57:09.230,-65,-53,100,10,1,8,25,-54,100,10,15.0,0.0,0,0,53.759334 -1.544655,49.2,216.84,199,11,2,-29,685,-717,11,-1024,-93,-1024,1024,0,-1,-1,-1,-1,1,-1,-1,-1,0x0000000000000002,1639,1477,1842,1500,1500,1660,1500,1500,1500,1500,1500,1500,1500,1500,1500,1500,1500,1500,1500,1500,1500,1500,1500,1500,1500,1500,1500,1500,1500,1500,1500,1500,8.0
2026-05-04,12:57:10.230,-61,-61,100,11,1,8,25,-57,100,11,15.0,0.0,0,0,53.759225 -1.544946,45.4,278.81,202,11,4,-105,689,2,11,-1024,-93,-1024,1024,0,-1,-1,-1,-1,1,-1,-1,-1,0x0000000000000002,1396,1491,1844,1501,1500,1419,1500,1500,1500,1500,1500,1500,1500,1500,1500,1500,1500,1500,1500,1500,1500,1500,1500,1500,1500,1500,1500,1500,1500,1500,1500,1500,8.0
2026-05-04,12:57:11.230,-61,-55,100,10,1,8,25,-54,100,11,15.0,0.0,0,0,53.759225 -1.544946,45.4,278.81,202,11,121,-156,554,495,11,-1024,-93,-1024,1024,0,-1,-1,-1,-1,1,-1,-1,-1,0x0000000000000002,1244,1500,1777,1534,1500,1258,1500,1500,1500,1500,1500,1500,1500,1500,1500,1500,1500,1500,1500,1500,1500,1500,1500,1500,1500,1500,1500,1500,1500,1500,1500,1500,8.0
2026-05-04,12:57:12.230,-66,-60,100,10,1,8,25,-59,100,11,15.0,0.0,0,0,53.759347 -1.545316,58.6,307.10,203,11,97,-119,568,213,11,-1024,-93,-1024,1024,0,-1,-1,-1,-1,1,-1,-1,-1,0x0000000000000002,1335,1496,1784,1527,1500,1355,1500,1500,1500,1500,1500,1500,1500,1500,1500,1500,1500,1500,1500,1500,1500,1500,1500,1500,1500,1500,1500,1500,1500,1500,1500,1500,8.0
2026-05-04,12:57:13.230,-71,-64,100,10,1,8,25,-64,100,10,15.0,0.0,0,0,53.759347 -1.545316,58.6,307.10,203,11,6,-5,589,119,11,-1024,-93,-1024,1024,0,-1,-1,-1,-1,1,-1,-1,-1,0x0000000000000002,1363,1473,1794,1501,1500,1384,1500,1500,1500,1500,1500,1500,1500,1500,1500,1500,1500,1500,1500,1500,1500,1500,1500,1500,1500,1500,1500,1500,1500,1500,1500,1500,8.0
2026-05-04,12:57:14.230,-66,-69,100,10,0,8,25,-62,100,10,15.0,0.0,0,0,53.759571 -1.545583,56.1,-304.15,206,11,4,-1,509,-7,11,-1024,-93,-1024,1024,0,-1,-1,-1,-1,1,-1,-1,-1,0x0000000000000002,1398,1473,1754,1501,1500,1422,1500,1500,1500,1500,1500,1500,1500,1500,1500,1500,1500,1500,1500,1500,1500,1500,1500,1500,1500,1500,1500,1500,1500,1500,1500,1500,8.0
2026-05-04,12:57:15.230,-70,-58,100,10,1,8,25,-62,100,10,15.0,0.0,0,0,53.759571 -1.545583,56.1,-304.15,206,11,4,-2,485,-1,11,-1024,-93,-1024,1024,0,-1,-1,-1,-1,1,-1,-1,-1,0x0000000000000002,1397,1473,1742,1501,1500,1420,1500,1500,1500,1500,1500,1500,1500,1500,1500,1500,1500,1500,1500,1500,1500,1500,1500,1500,1500,1500,1500,1500,1500,1500,1500,1500,8.0
2026-05-04,12:57:16.230,-70,-52,100,10,1,8,25,-49,100,12,15.0,0.0,0,0,53.759833 -1.545505,59.9,26.00,208,9,3,-7,525,-78,11,-1024,-93,-1024,1024,0,-1,-1,-1,-1,1,-1,-1,-1,0x0000000000000002,1415,1474,1762,1501,1500,1440,1500,1500,1500,1500,1500,1500,1500,1500,1500,1500,1500,1500,1500,1500,1500,1500,1500,1500,1500,1500,1500,1500,1500,1500,1500,1500,8.0
2026-05-04,12:57:17.230,-70,-54,100,11,1,8,25,-54,100,11,15.0,0.0,0,0,53.759833 -1.545505,59.9,26.00,208,9,6,0,505,371,11,-1024,-93,-1024,1024,0,-1,-1,-1,-1,1,-1,-1,-1,0x0000000000000002,1282,1472,1752,1501,1500,1299,1500,1500,1500,1500,1500,1500,1500,1500,1500,1500,1500,1500,1500,1500,1500,1500,1500,1500,1500,1500,1500,1500,1500,1500,1500,1500,8.0
2026-05-04,12:57:18.230,-58,-56,100,11,0,8,25,-59,100,11,15.0,0.0,0,0,53.760044 -1.545210,73.0,45.26,206,10,2,3,579,-2,11,-1024,-93,-1024,1024,0,-1,-1,-1,-1,1,-1,-1,-1,0x0000000000000002,1397,1472,1789,1500,1500,1420,1500,1500,1500,1500,1500,1500,1500,1500,1500,1500,1500,1500,1500,1500,1500,1500,1500,1500,1500,1500,1500,1500,1500,1500,1500,1500,8.0
2026-05-04,12:57:19.230,-67,-67,100,11,0,8,25,-61,100,11,15.1,0.0,0,0,53.760044 -1.545210,73.0,45.26,206,10,3,7,84,-76,11,-1024,-93,-1024,1024,0,-1,-1,-1,-1,1,-1,-1,-1,0x0000000000000002,1418,1471,1542,1501,1500,1442,1500,1500,1500,1500,1500,1500,1500,1500,1500,1500,1500,1500,1500,1500,1500,1500,1500,1500,1500,1500,1500,1500,1500,1500,1500,1500,8.0
2026-05-04,12:57:20.230,-60,-67,100,11,0,8,25,-60,100,11,15.1,0.0,0,0,53.760268 -1.544770,70.2,54.98,206,11,3,0,194,64,11,-1024,-93,-1024,1024,0,-1,-1,-1,-1,1,-1,-1,-1,0x0000000000000002,1378,1472,1602,1501,1500,1401,1500,1500,1500,1500,1500,1500,1500,1500,1500,1500,1500,1500,1500,1500,1500,1500,1500,1500,1500,1500,1500,1500,1500,1500,1500,1500,8.0
2026-05-04,12:57:21.230,-65,-66,100,10,1,8,25,-71,100,10,15.2,0.0,0,0,53.760268 -1.544770,70.2,54.98,206,11,3,58,220,-10,11,-1024,-93,-1024,1024,0,-1,-1,-1,-1,1,-1,-1,-1,0x0000000000000002,1399,1462,1610,1501,1500,1422,1500,1500,1500,1500,1500,1500,1500,1500,1500,1500,1500,1500,1500,1500,1500,1500,1500,1500,1500,1500,1500,1500,1500,1500,1500,1500,8.0
2026-05-04,12:57:22.230,-61,-71,99,10,0,8,25,-57,100,9,15.2,0.0,0,0,53.760454 -1.544349,63.8,52.46,205,10,4,-32,219,212,11,-1024,-93,-1024,1024,0,-1,-1,-1,-1,1,-1,-1,-1,0x0000000000000002,1336,1478,1609,1501,1500,1356,1500,1500,1500,1500,1500,1500,1500,1500,1500,1500,1500,1500,1500,1500,1500,1500,1500,1500,1500,1500,1500,1500,1500,1500,1500,1500,8.0
2026-05-04,12:57:23.230,-70,-76,100,10,0,8,25,-68,100,11,15.1,0.0,0,0,53.760454 -1.544349,63.8,52.46,205,10,197,-368,198,223,11,-1024,-93,-1024,1024,0,-1,-1,-1,-1,1,-1,-1,-1,0x0000000000000002,1333,1540,1599,1556,1500,1353,1500,1500,1500,1500,1500,1500,1500,1500,1500,1500,1500,1500,1500,1500,1500,1500,1500,1500,1500,1500,1500,1500,1500,1500,1500,1500,8.0
2026-05-04,12:57:24.230,-61,-76,100,10,0,8,25,-63,100,9,15.1,0.0,0,0,53.760652 -1.543976,66.4,47.30,200,11,4,-141,228,-2,11,-1024,-93,-1024,1024,0,-1,-1,-1,-1,1,-1,-1,-1,0x0000000000000002,1397,1497,1614,1501,1500,1420,1500,1500,1500,1500,1500,1500,1500,1500,1500,1500,1500,1500,1500,1500,1500,1500,1500,1500,1500,1500,1500,1500,1500,1500,1500,1500,8.0
2026-05-04,12:57:25.230,-66,-61,100,10,1,8,25,-64,100,10,15.1,0.0,0,0,53.760652 -1.543976,66.4,47.30,200,11,7,-2,-94,-4,11,-1024,-93,-1024,1024,0,-1,-1,-1,-1,1,-1,-1,-1,0x0000000000000002,1397,1473,1453,1502,1500,1421,1500,1500,1500,1500,1500,1500,1500,1500,1500,1500,1500,1500,1500,1500,1500,1500,1500,1500,1500,1500,1500,1500,1500,1500,1500,1500,8.0
2026-05-04,12:57:26.230,-71,-71,100,10,1,8,25,-72,100,10,15.1,0.0,0,0,53.760819 -1.543563,62.7,79.94,198,11,7,-116,-39,1,11,-1024,-93,-1024,1024,0,-1,-1,-1,-1,1,-1,-1,-1,0x0000000000000002,1396,1493,1480,1502,1500,1419,1500,1500,1500,1500,1500,1500,1500,1500,1500,1500,1500,1500,1500,1500,1500,1500,1500,1500,1500,1500,1500,1500,1500,1500,1500,1500,8.0
2026-05-04,12:57:27.230,-86,-71,100,9,1,8,25,-78,100,10,15.2,0.0,0,0,53.760819 -1.543563,62.7,79.94,198,11,7,4,-168,37,11,-1024,-93,-1024,1024,0,-1,-1,-1,-1,1,-1,-1,-1,0x0000000000000002,1389,1471,1416,1502,1500,1412,1500,1500,1500,1500,1500,1500,1500,1500,1500,1500,1500,1500,1500,1500,1500,1500,1500,1500,1500,1500,1500,1500,1500,1500,1500,1500,8.0
2026-05-04,12:57:28.230,-77,-86,100,8,0,8,25,-70,100,10,15.2,0.0,0,0,53.760729 -1.543160,49.9,133.96,197,10,9,-162,-513,216,11,-1024,-93,-1024,1024,0,-1,-1,-1,-1,1,-1,-1,-1,0x0000000000000002,1331,1500,1244,1502,1500,1351,1500,1500,1500,1500,1500,1500,1500,1500,1500,1500,1500,1500,1500,1500,1500,1500,1500,1500,1500,1500,1500,1500,1500,1500,1500,1500,8.0
2026-05-04,12:57:29.230,-80,-72,99,8,1,8,25,-67,100,11,15.2,0.0,0,0,53.760729 -1.543160,49.9,133.96,197,10,6,2,-497,-351,11,-1024,-93,-1024,1024,0,-1,-1,-1,-1,1,-1,-1,-1,0x0000000000000002,1493,1472,1252,1501,1500,1519,1500,1500,1500,1500,1500,1500,1500,1500,1500,1500,1500,1500,1500,1500,1500,1500,1500,1500,1500,1500,1500,1500,1500,1500,1500,1500,8.0
2026-05-04,12:57:30.230,-80,-70,100,10,1,8,25,-68,100,10,15.3,0.0,0,0,53.760505 -1.543021,55.5,189.09,189,10,4,-91,-433,-257,11,-1024,-93,-1024,1024,0,-1,-1,-1,-1,1,-1,-1,-1,0x0000000000000002,1470,1488,1284,1501,1500,1498,1500,1500,1500,1500,1500,1500,1500,1500,1500,1500,1500,1500,1500,1500,1500,1500,1500,1500,1500,1500,1500,1500,1500,1500,1500,1500,8.0
2026-05-04,12:57:31.230,-80,-70,100,10,1,8,25,-69,100,10,15.3,0.0,0,0,53.760505 -1.543021,55.5,189.09,189,10,9,-4,-699,-134,11,-1024,-93,-1024,1024,0,-1,-1,-1,-1,1,-1,-1,-1,0x0000000000000002,1434,1473,1151,1502,1500,1459,1500,1500,1500,1500,1500,1500,1500,1500,1500,1500,1500,1500,1500,1500,1500,1500,1500,1500,1500,1500,1500,1500,1500,1500,1500,1500,8.0
2026-05-04,12:57:32.230,-78,-84,100,9,0,8,25,-78,100,10,15.3,0.0,0,0,53.760288 -1.543259,57.0,226.72,183,11,6,-207,-1024,3,11,-1024,-93,-1024,1024,0,-1,-1,-1,-1,1,-1,-1,-1,0x0000000000000002,1395,1509,988,1501,1500,1419,1500,1500,1500,1500,1500,1500,1500,1500,1500,1500,1500,1500,1500,1500,1500,1500,1500,1500,1500,1500,1500,1500,1500,1500,1500,1500,8.0
2026-05-04,12:57:33.230,-78,-58,100,10,1,8,25,-56,100,11,15.3,0.0,0,0,53.760108 -1.543624,51.7,227.92,179,11,4,-395,-1022,0,11,-1024,-93,-1024,1024,0,-1,-1,-1,-1,1,-1,-1,-1,0x0000000000000007,1396,1545,989,1501,1500,1420,1500,1500,1500,1500,1500,1500,1500,1500,1500,1500,1500,1500,1500,1500,1500,1500,1500,1500,1500,1500,1500,1500,1500,1500,1500,1500,8.0
2026-05-04,12:57:34.230,-83,-65,100,10,1,8,25,-71,100,10,15.4,0.0,0,0,53.760108 -1.543624,51.7,227.92,179,11,4,-290,-1021,-3,11,-1024,-93,-1024,1024,0,-1,-1,-1,-1,1,-1,-1,-1,0x0000000000000007,1397,1524,990,1501,1500,1421,1500,1500,1500,1500,1500,1500,1500,1500,1500,1500,1500,1500,1500,1500,1500,1500,1500,1500,1500,1500,1500,1500,1500,1500,1500,1500,8.0
2026-05-04,12:57:35.230,-85,-53,100,11,1,8,25,-54,100,11,15.4,0.0,0,0,53.759942 -1.543904,45.2,223.32,177,11,4,-323,-1021,-21,11,-1024,-93,-1024,1024,0,-1,-1,-1,-1,1,-1,-1,-1,0x0000000000000007,1402,1529,990,1501,1500,1426,1500,1500,1500,1500,1500,1500,1500,1500,1500,1500,1500,1500,1500,1500,1500,1500,1500,1500,1500,1500,1500,1500,1500,1500,1500,1500,8.0
2026-05-04,12:57:36.230,-61,-53,100,11,1,8,25,-57,100,10,15.4,0.0,0,0,53.759942 -1.543904,45.2,223.32,177,11,1,-619,-295,-140,11,-1024,-93,-1024,1024,0,-1,-1,-1,-1,1,-1,-1,-1,0x0000000000000002,1436,1597,1353,1500,1500,1462,1500,1500,1500,1500,1500,1500,1500,1500,1500,1500,1500,1500,1500,1500,1500,1500,1500,1500,1500,1500,1500,1500,1500,1500,1500,1500,8.0
2026-05-04,12:57:37.230,-61,-44,100,11,1,8,25,-55,100,11,15.4,0.0,0,0,53.759814 -1.544140,36.5,228.08,176,10,1,-439,1024,-2,11,-1024,-93,-1024,1024,0,-1,-1,-1,-1,1,-1,-1,-1,0x0000000000000002,1397,1555,2012,1500,1500,1420,1500,1500,1500,1500,1500,1500,1500,1500,1500,1500,1500,1500,1500,1500,1500,1500,1500,1500,1500,1500,1500,1500,1500,1500,1500,1500,8.0
2026-05-04,12:57:38.230,-46,-58,100,11,0,8,25,-51,100,11,15.2,0.0,0,0,53.759814 -1.544140,36.5,228.08,176,10,7,-418,1024,369,11,-1024,-93,-1024,1024,0,-1,-1,-1,-1,1,-1,-1,-1,0x0000000000000002,1287,1550,2012,1502,1500,1304,1500,1500,1500,1500,1500,1500,1500,1500,1500,1500,1500,1500,1500,1500,1500,1500,1500,1500,1500,1500,1500,1500,1500,1500,1500,1500,8.0
2026-05-04,12:57:39.230,-51,-59,100,11,0,8,25,-50,100,10,15.2,0.0,0,0,53.759692 -1.544355,42.0,219.71,175,10,6,-191,1024,50,11,-1024,-93,-1024,1024,0,-1,-1,-1,-1,1,-1,-1,-1,0x0000000000000002,1382,1506,2012,1501,1500,1405,1500,1500,1500,1500,1500,1500,1500,1500,1500,1500,1500,1500,1500,1500,1500,1500,1500,1500,1500,1500,1500,1500,1500,1500,1500,1500,8.0
2026-05-04,12:57:40.230,-49,-59,100,10,0,8,25,-61,100,10,14.9,0.0,0,0,53.759692 -1.544355,42.0,219.71,175,10,7,2,1024,320,11,-1024,-93,-1024,1024,0,-1,-1,-1,-1,1,-1,-1,-1,0x0000000000000002,1303,1472,2012,1502,1500,1321,1500,1500,1500,1500,1500,1500,1500,1500,1500,1500,1500,1500,1500,1500,1500,1500,1500,1500,1500,1500,1500,1500,1500,1500,1500,1500,8.0
2026-05-04,12:57:41.230,-55,-63,100,11,0,8,25,-58,100,11,14.9,0.0,0,0,53.759520 -1.544508,51.4,213.33,176,10,24,-215,895,713,11,-1024,-93,-1024,1024,0,-1,-1,-1,-1,1,-1,-1,-1,0x0000000000000002,1155,1510,1947,1507,1500,1165,1500,1500,1500,1500,1500,1500,1500,1500,1500,1500,1500,1500,1500,1500,1500,1500,1500,1500,1500,1500,1500,1500,1500,1500,1500,1500,8.0
2026-05-04,12:57:42.230,-61,-56,100,11,0,8,25,-61,100,10,14.8,0.0,0,0,53.759520 -1.544508,51.4,213.33,176,10,8,-315,1023,-626,11,-1024,-93,-1024,1024,0,-1,-1,-1,-1,1,-1,-1,-1,0x0000000000000002,1599,1529,2011,1502,1500,1623,1500,1500,1500,1500,1500,1500,1500,1500,1500,1500,1500,1500,1500,1500,1500,1500,1500,1500,1500,1500,1500,1500,1500,1500,1500,1500,8.0
2026-05-04,12:57:43.230,-66,-54,100,11,1,8,25,-51,100,10,14.8,0.0,0,0,53.759328 -1.544728,55.8,218.05,178,10,9,-202,948,290,11,-1024,-93,-1024,1024,0,-1,-1,-1,-1,1,-1,-1,-1,0x0000000000000002,1312,1508,1974,1502,1500,1331,1500,1500,1500,1500,1500,1500,1500,1500,1500,1500,1500,1500,1500,1500,1500,1500,1500,1500,1500,1500,1500,1500,1500,1500,1500,1500,8.0
2026-05-04,12:57:44.230,-72,-67,100,11,1,8,25,-55,100,11,14.8,0.0,0,0,53.759328 -1.544728,55.8,218.05,178,10,7,-47,1023,517,11,-1024,-93,-1024,1024,0,-1,-1,-1,-1,1,-1,-1,-1,0x0000000000000002,1236,1481,2011,1502,1500,1250,1500,1500,1500,1500,1500,1500,1500,1500,1500,1500,1500,1500,1500,1500,1500,1500,1500,1500,1500,1500,1500,1500,1500,1500,1500,1500,8.0
2026-05-04,12:57:45.230,-79,-52,100,10,1,8,25,-55,100,10,14.8,0.0,0,0,53.759257 -1.545133,53.4,278.79,183,11,5,-533,936,-112,11,-1024,-93,-1024,1024,0,-1,-1,-1,-1,1,-1,-1,-1,0x0000000000000002,1428,1576,1968,1501,1500,1453,1500,1500,1500,1500,1500,1500,1500,1500,1500,1500,1500,1500,1500,1500,1500,1500,1500,1500,1500,1500,1500,1500,1500,1500,1500,1500,8.0
2026-05-04,12:57:46.230,-67,-60,100,10,1,8,25,-65,100,10,14.7,0.0,0,0,53.759257 -1.545133,53.4,278.79,183,11,4,9,744,-2,11,-1024,-93,-1024,1024,0,-1,-1,-1,-1,1,-1,-1,-1,0x0000000000000002,1397,1471,1872,1501,1500,1420,1500,1500,1500,1500,1500,1500,1500,1500,1500,1500,1500,1500,1500,1500,1500,1500,1500,1500,1500,1500,1500,1500,1500,1500,1500,1500,8.0
2026-05-04,12:57:47.230,-61,-73,100,10,0,8,25,-56,100,11,14.7,0.0,0,0,53.759334 -1.545525,55.3,322.85,189,11,5,-325,666,2,11,-1024,-93,-1024,1024,0,-1,-1,-1,-1,1,-1,-1,-1,0x0000000000000002,1396,1531,1833,1501,1500,1419,1500,1500,1500,1500,1500,1500,1500,1500,1500,1500,1500,1500,1500,1500,1500,1500,1500,1500,1500,1500,1500,1500,1500,1500,1500,1500,8.0
2026-05-04,12:57:48.230,-64,-73,100,10,0,8,25,-51,100,11,14.8,0.0,0,0,53.759334 -1.545525,55.3,322.85,189,11,5,136,694,-3,11,-1024,-93,-1024,1024,0,-1,-1,-1,-1,1,-1,-1,-1,0x0000000000000002,1397,1448,1847,1501,1500,1421,1500,1500,1500,1500,1500,1500,1500,1500,1500,1500,1500,1500,1500,1500,1500,1500,1500,1500,1500,1500,1500,1500,1500,1500,1500,1500,8.0
2026-05-04,12:57:49.230,-70,-52,100,11,1,8,25,-50,100,10,14.8,0.0,0,0,53.759603 -1.545580,61.7,11.95,192,11,4,-1,652,10,11,-1024,-93,-1024,1024,0,-1,-1,-1,-1,1,-1,-1,-1,0x0000000000000002,1393,1473,1826,1501,1500,1417,1500,1500,1500,1500,1500,1500,1500,1500,1500,1500,1500,1500,1500,1500,1500,1500,1500,1500,1500,1500,1500,1500,1500,1500,1500,1500,8.0
2026-05-04,12:57:50.230,-60,-81,100,11,0,8,25,-71,100,11,14.8,0.0,0,0,53.759603 -1.545580,61.7,11.95,192,11,1,0,657,-1,11,-1024,-93,-1024,1024,0,-1,-1,-1,-1,1,-1,-1,-1,0x0000000000000002,1397,1472,1828,1500,1500,1420,1500,1500,1500,1500,1500,1500,1500,1500,1500,1500,1500,1500,1500,1500,1500,1500,1500,1500,1500,1500,1500,1500,1500,1500,1500,1500,8.0
2026-05-04,12:57:51.230,-53,-78,100,11,0,8,25,-49,100,10,14.8,0.0,0,0,53.759801 -1.545363,60.0,41.24,195,10,0,-8,769,-210,11,-1024,-93,-1024,1024,0,-1,-1,-1,-1,1,-1,-1,-1,0x0000000000000002,1456,1474,1884,1500,1500,1483,1500,1500,1500,1500,1500,1500,1500,1500,1500,1500,1500,1500,1500,1500,1500,1500,1500,1500,1500,1500,1500,1500,1500,1500,1500,1500,8.0
2026-05-04,12:57:52.230,-62,-66,99,10,0,8,25,-61,100,12,14.9,0.0,0,0,53.759801 -1.545363,60.0,41.24,195,10,1,3,802,343,11,-1024,-93,-1024,1024,0,-1,-1,-1,-1,1,-1,-1,-1,0x0000000000000002,1296,1472,1901,1500,1500,1313,1500,1500,1500,1500,1500,1500,1500,1500,1500,1500,1500,1500,1500,1500,1500,1500,1500,1500,1500,1500,1500,1500,1500,1500,1500,1500,8.0
2026-05-04,12:57:53.230,-65,-66,100,11,0,8,25,-66,100,10,14.7,0.0,0,0,53.760000 -1.545050,61.1,50.12,197,11,4,2,580,-2,11,-1024,-93,-1024,1024,0,-1,-1,-1,-1,1,-1,-1,-1,0x0000000000000002,1397,1472,1790,1501,1500,1420,1500,1500,1500,1500,1500,1500,1500,1500,1500,1500,1500,1500,1500,1500,1500,1500,1500,1500,1500,1500,1500,1500,1500,1500,1500,1500,8.0
2026-05-04,12:57:54.230,-68,-58,100,10,1,8,25,-50,100,11,14.7,0.0,0,0,53.760000 -1.545050,61.1,50.12,197,11,2,4,575,-2,11,-1024,-93,-1024,1024,0,-1,-1,-1,-1,1,-1,-1,-1,0x0000000000000002,1397,1471,1787,1500,1500,1420,1500,1500,1500,1500,1500,1500,1500,1500,1500,1500,1500,1500,1500,1500,1500,1500,1500,1500,1500,1500,1500,1500,1500,1500,1500,1500,8.0
2026-05-04,12:57:55.230,-68,-56,100,11,1,8,25,-53,100,10,14.9,0.0,0,0,53.760204 -1.544668,56.1,48.25,200,11,3,-1,371,-1,11,-1024,-93,-1024,1024,0,-1,-1,-1,-1,1,-1,-1,-1,0x0000000000000002,1397,1473,1685,1501,1500,1420,1500,1500,1500,1500,1500,1500,1500,1500,1500,1500,1500,1500,1500,1500,1500,1500,1500,1500,1500,1500,1500,1500,1500,1500,1500,1500,8.0
2026-05-04,12:57:56.230,-63,-62,100,10,0,8,25,-59,100,11,14.9,0.0,0,0,53.760204 -1.544668,56.1,48.25,200,11,2,-3,540,-406,11,-1024,-93,-1024,1024,0,-1,-1,-1,-1,1,-1,-1,-1,0x0000000000000002,1517,1473,1770,1500,1500,1545,1500,1500,1500,1500,1500,1500,1500,1500,1500,1500,1500,1500,1500,1500,1500,1500,1500,1500,1500,1500,1500,1500,1500,1500,1500,1500,8.0
2026-05-04,12:57:57.230,-57,-71,100,10,0,8,25,-68,100,11,14.9,0.0,0,0,53.760371 -1.544361,50.8,49.19,203,11,2,-2,501,50,11,-1024,-93,-1024,1024,0,-1,-1,-1,-1,1,-1,-1,-1,0x0000000000000002,1382,1473,1750,1500,1500,1405,1500,1500,1500,1500,1500,1500,1500,1500,1500,1500,1500,1500,1500,1500,1500,1500,1500,1500,1500,1500,1500,1500,1500,1500,1500,1500,8.0
2026-05-04,12:57:58.230,-67,-57,100,10,1,8,25,-54,100,11,14.9,0.0,0,0,53.760556 -1.544053,60.6,39.91,200,11,7,-2,484,539,11,-1024,-93,-1024,1024,0,-1,-1,-1,-1,1,-1,-1,-1,0x0000000000000002,1227,1473,1742,1502,1500,1241,1500,1500,1500,1500,1500,1500,1500,1500,1500,1500,1500,1500,1500,1500,1500,1500,1500,1500,1500,1500,1500,1500,1500,1500,1500,1500,8.0
2026-05-04,12:57:59.230,-76,-66,100,10,1,8,25,-60,100,10,14.9,0.0,0,0,53.760556 -1.544053,60.6,39.91,200,11,58,-126,563,420,11,-1024,-93,-1024,1024,0,-1,-1,-1,-1,1,-1,-1,-1,0x0000000000000002,1270,1495,1781,1516,1500,1286,1500,1500,1500,1500,1500,1500,1500,1500,1500,1500,1500,1500,1500,1500,1500,1500,1500,1500,1500,1500,1500,1500,1500,1500,1500,1500,8.0
2026-05-04,12:58:00.230,-76,-61,100,10,1,8,25,-63,100,11,14.9,0.0,0,0,53.760864 -1.543798,71.6,18.20,195,11,59,-255,563,1,11,-1024,-93,-1024,1024,0,-1,-1,-1,-1,1,-1,-1,-1,0x0000000000000002,1396,1518,1781,1516,1500,1419,1500,1500,1500,1500,1500,1500,1500,1500,1500,1500,1500,1500,1500,1500,1500,1500,1500,1500,1500,1500,1500,1500,1500,1500,1500,1500,8.0
2026-05-04,12:58:01.230,-87,-63,99,10,1,8,25,-55,100,10,14.9,0.0,0,0,53.760864 -1.543798,71.6,18.20,195,11,79,-186,541,-1,11,-1024,-93,-1024,1024,0,-1,-1,-1,-1,1,-1,-1,-1,0x0000000000000002,1397,1505,1770,1522,1500,1420,1500,1500,1500,1500,1500,1500,1500,1500,1500,1500,1500,1500,1500,1500,1500,1500,1500,1500,1500,1500,1500,1500,1500,1500,1500,1500,8.0
2026-05-04,12:58:02.230,-64,-61,100,11,0,8,25,-75,100,10,14.9,0.0,0,0,53.761113 -1.543493,61.6,55.07,196,11,15,-119,527,-2,11,-1024,-93,-1024,1024,0,-1,-1,-1,-1,1,-1,-1,-1,0x0000000000000002,1397,1493,1763,1504,1500,1420,1500,1500,1500,1500,1500,1500,1500,1500,1500,1500,1500,1500,1500,1500,1500,1500,1500,1500,1500,1500,1500,1500,1500,1500,1500,1500,8.0
2026-05-04,12:58:03.230,-65,-68,100,11,0,8,25,-64,100,12,14.9,0.0,0,0,53.761113 -1.543493,61.6,55.07,196,11,4,-71,526,-144,11,-1024,-93,-1024,1024,0,-1,-1,-1,-1,1,-1,-1,-1,0x0000000000000002,1437,1485,1763,1501,1500,1463,1500,1500,1500,1500,1500,1500,1500,1500,1500,1500,1500,1500,1500,1500,1500,1500,1500,1500,1500,1500,1500,1500,1500,1500,1500,1500,8.0
2026-05-04,12:58:04.230,-69,-62,100,10,1,8,25,-60,100,11,14.9,0.0,0,0,53.761164 -1.543063,56.4,104.86,197,11,20,2,481,392,11,-1024,-93,-1024,1024,0,-1,-1,-1,-1,1,-1,-1,-1,0x0000000000000002,1280,1472,1740,1505,1500,1297,1500,1500,1500,1500,1500,1500,1500,1500,1500,1500,1500,1500,1500,1500,1500,1500,1500,1500,1500,1500,1500,1500,1500,1500,1500,1500,8.0
2026-05-04,12:58:05.230,-69,-63,100,10,1,8,25,-66,100,10,14.9,0.0,0,0,53.761164 -1.543063,56.4,104.86,197,11,126,-364,439,1,11,-1024,-93,-1024,1024,0,-1,-1,-1,-1,1,-1,-1,-1,0x0000000000000002,1396,1539,1719,1535,1500,1419,1500,1500,1500,1500,1500,1500,1500,1500,1500,1500,1500,1500,1500,1500,1500,1500,1500,1500,1500,1500,1500,1500,1500,1500,1500,1500,8.0
2026-05-04,12:58:06.230,-67,-66,100,10,0,8,25,-65,100,11,14.9,0.0,0,0,53.760998 -1.542671,58.4,138.37,196,11,4,-4,333,-179,11,-1024,-93,-1024,1024,0,-1,-1,-1,-1,1,-1,-1,-1,0x0000000000000002,1447,1473,1666,1501,1500,1474,1500,1500,1500,1500,1500,1500,1500,1500,1500,1500,1500,1500,1500,1500,1500,1500,1500,1500,1500,1500,1500,1500,1500,1500,1500,1500,8.0
2026-05-04,12:58:07.230,-81,-68,99,9,1,8,25,-62,100,10,14.9,0.0,0,0,53.760998 -1.542671,58.4,138.37,196,11,4,-1,397,-9,11,-1024,-93,-1024,1024,0,-1,-1,-1,-1,1,-1,-1,-1,0x0000000000000002,1399,1473,1698,1501,1500,1422,1500,1500,1500,1500,1500,1500,1500,1500,1500,1500,1500,1500,1500,1500,1500,1500,1500,1500,1500,1500,1500,1500,1500,1500,1500,1500,8.0
2026-05-04,12:58:08.230,-76,-61,99,10,0,8,25,-58,100,10,14.9,0.0,0,0,53.760774 -1.542593,52.7,202.01,195,11,6,-3,719,3,11,-1024,-93,-1024,1024,0,-1,-1,-1,-1,1,-1,-1,-1,0x0000000000000002,1395,1473,1859,1501,1500,1419,1500,1500,1500,1500,1500,1500,1500,1500,1500,1500,1500,1500,1500,1500,1500,1500,1500,1500,1500,1500,1500,1500,1500,1500,1500,1500,8.0
2026-05-04,12:58:09.230,-77,-78,100,9,0,8,25,-79,100,9,15.0,0.0,0,0,53.760774 -1.542593,52.7,202.01,195,11,6,-382,1024,1,11,-1024,-93,-1024,1024,0,-1,-1,-1,-1,1,-1,-1,-1,0x0000000000000002,1396,1543,2012,1501,1500,1419,1500,1500,1500,1500,1500,1500,1500,1500,1500,1500,1500,1500,1500,1500,1500,1500,1500,1500,1500,1500,1500,1500,1500,1500,1500,1500,8.0
2026-05-04,12:58:10.230,-83,-89,97,8,0,8,25,-85,100,6,15.0,0.0,0,0,53.760588 -1.542835,54.3,229.91,195,11,3,263,1021,-91,11,-1024,-93,-1024,1024,0,-1,-1,-1,-1,1,-1,-1,-1,0x0000000000000002,1422,1425,2010,1501,1500,1447,1500,1500,1500,1500,1500,1500,1500,1500,1500,1500,1500,1500,1500,1500,1500,1500,1500,1500,1500,1500,1500,1500,1500,1500,1500,1500,8.0
2026-05-04,12:58:11.230,-73,-75,98,7,0,8,25,-73,100,11,14.7,0.0,0,0,53.760588 -1.542835,54.3,229.91,195,11,4,2,913,-2,11,-1024,-93,-1024,1024,0,-1,0,-1,-1,1,-1,-1,-1,0x0000000000000002,1397,1472,1956,1501,1500,1420,1500,1500,1500,1500,1500,1500,1500,1500,1500,1500,1500,1500,1500,1500,1500,1500,1500,1500,1500,1500,1500,1500,1500,1500,1500,1500,8.0
2026-05-04,12:58:12.230,-74,-75,100,9,0,8,25,-76,100,10,14.7,0.0,0,0,53.760454 -1.543206,48.2,249.97,198,11,2,2,366,0,11,-1024,-93,-1024,1024,0,-1,-1,-1,-1,1,-1,-1,-1,0x0000000000000002,1396,1472,1683,1500,1500,1420,1500,1500,1500,1500,1500,1500,1500,1500,1500,1500,1500,1500,1500,1500,1500,1500,1500,1500,1500,1500,1500,1500,1500,1500,1500,1500,8.0
2026-05-04,12:58:13.230,-74,-67,100,10,1,8,25,-65,100,10,14.7,0.0,0,0,53.760454 -1.543206,48.2,249.97,198,11,4,-101,1024,292,11,-1024,-93,-1024,1024,0,-1,-1,-1,-1,1,-1,-1,-1,0x0000000000000002,1312,1490,2012,1501,1500,1330,1500,1500,1500,1500,1500,1500,1500,1500,1500,1500,1500,1500,1500,1500,1500,1500,1500,1500,1500,1500,1500,1500,1500,1500,1500,1500,8.0
2026-05-04,12:58:14.230,-77,-76,98,8,0,8,25,-66,100,11,14.7,0.0,0,0,53.760371 -1.543605,53.4,246.53,201,11,3,0,752,0,11,-1024,-93,-1024,1024,0,-1,-1,-1,-1,1,-1,-1,-1,0x0000000000000002,1397,1472,1875,1501,1500,1420,1500,1500,1500,1500,1500,1500,1500,1500,1500,1500,1500,1500,1500,1500,1500,1500,1500,1500,1500,1500,1500,1500,1500,1500,1500,1500,8.0
2026-05-04,12:58:15.230,-66,-69,100,10,0,8,25,-72,100,11,14.7,0.0,0,0,53.760371 -1.543605,53.4,246.53,201,11,3,1,558,-2,11,-1024,-93,-1024,1024,0,-1,-1,-1,-1,1,-1,-1,-1,0x0000000000000002,1397,1472,1779,1501,1500,1420,1500,1500,1500,1500,1500,1500,1500,1500,1500,1500,1500,1500,1500,1500,1500,1500,1500,1500,1500,1500,1500,1500,1500,1500,1500,1500,8.0
2026-05-04,12:58:16.230,-64,-62,95,10,1,8,25,-62,100,10,14.8,0.0,0,0,53.760256 -1.543970,52.1,245.35,201,11,5,-155,1024,139,11,-1024,-93,-1024,1024,0,-1,-1,-1,-1,1,-1,-1,-1,0x0000000000000002,1357,1500,2012,1501,1500,1379,1500,1500,1500,1500,1500,1500,1500,1500,1500,1500,1500,1500,1500,1500,1500,1500,1500,1500,1500,1500,1500,1500,1500,1500,1500,1500,8.0
2026-05-04,12:58:17.230,-64,-63,100,10,1,8,25,-60,100,12,14.8,0.0,0,0,53.760256 -1.543970,52.1,245.35,201,11,3,-31,417,126,11,-1024,-93,-1024,1024,0,-1,-1,-1,-1,1,-1,-1,-1,0x0000000000000002,1361,1478,1708,1501,1500,1382,1500,1500,1500,1500,1500,1500,1500,1500,1500,1500,1500,1500,1500,1500,1500,1500,1500,1500,1500,1500,1500,1500,1500,1500,1500,1500,8.0
2026-05-04,12:58:18.230,-64,-59,100,10,1,8,25,-53,100,9,14.6,0.0,0,0,53.760153 -1.544333,48.7,244.78,204,11,5,2,428,-2,11,-1024,-93,-1024,1024,0,-1,0,-1,-1,1,-1,-1,-1,0x0000000000000002,1397,1472,1714,1501,1500,1420,1500,1500,1500,1500,1500,1500,1500,1500,1500,1500,1500,1500,1500,1500,1500,1500,1500,1500,1500,1500,1500,1500,1500,1500,1500,1500,8.0
2026-05-04,12:58:19.230,-56,-60,100,10,0,8,25,-61,100,11,14.6,0.0,0,0,53.760153 -1.544333,48.7,244.78,204,11,3,1,439,637,11,-1024,-93,-1024,1024,0,-1,-1,-1,-1,1,-1,-1,-1,0x0000000000000002,1188,1472,1719,1501,1500,1200,1500,1500,1500,1500,1500,1500,1500,1500,1500,1500,1500,1500,1500,1500,1500,1500,1500,1500,1500,1500,1500,1500,1500,1500,1500,1500,8.0
2026-05-04,12:58:20.230,-60,-60,100,11,0,8,25,-58,100,10,14.8,0.0,0,0,53.760000 -1.544676,52.2,222.14,204,11,3,-1,431,-617,12,-1024,-93,-1024,1024,0,-1,-1,-1,-1,1,-1,-1,-1,0x0000000000000002,1595,1473,1715,1501,1500,1619,1500,1500,1500,1500,1500,1500,1500,1500,1500,1500,1500,1500,1500,1500,1500,1500,1500,1500,1500,1500,1500,1500,1500,1500,1500,1500,8.0
2026-05-04,12:58:21.230,-61,-51,100,11,1,8,25,-50,100,11,14.8,0.0,0,0,53.759801 -1.544898,50.0,213.06,205,11,4,1,407,-4,11,-1024,-93,-1024,1024,0,-1,-1,-1,-1,1,-1,-1,-1,0x0000000000000002,1397,1472,1703,1501,1500,1421,1500,1500,1500,1500,1500,1500,1500,1500,1500,1500,1500,1500,1500,1500,1500,1500,1500,1500,1500,1500,1500,1500,1500,1500,1500,1500,8.0
2026-05-04,12:58:22.230,-65,-57,100,10,1,8,25,-56,100,10,14.8,0.0,0,0,53.759801 -1.544898,50.0,213.06,205,11,3,-30,425,469,11,-1024,-93,-1024,1024,0,-1,-1,-1,-1,1,-1,-1,-1,0x0000000000000002,1253,1478,1712,1501,1500,1269,1500,1500,1500,1500,1500,1500,1500,1500,1500,1500,1500,1500,1500,1500,1500,1500,1500,1500,1500,1500,1500,1500,1500,1500,1500,1500,8.0
2026-05-04,12:58:23.230,-63,-67,100,11,0,8,25,-61,100,12,14.8,0.0,0,0,53.759596 -1.545080,50.0,189.43,207,11,3,-8,390,424,11,-1024,-93,-1024,1024,0,-1,-1,-1,-1,1,-1,-1,-1,0x0000000000000002,1269,1474,1695,1501,1500,1285,1500,1500,1500,1500,1500,1500,1500,1500,1500,1500,1500,1500,1500,1500,1500,1500,1500,1500,1500,1500,1500,1500,1500,1500,1500,1500,8.0
2026-05-04,12:58:24.230,-62,-65,100,10,1,8,25,-64,100,11,14.9,0.0,0,0,53.759596 -1.545080,50.0,189.43,207,11,6,-186,422,-1,11,-1024,-93,-1024,1024,0,-1,-1,-1,-1,1,-1,-1,-1,0x0000000000000002,1397,1505,1711,1501,1500,1420,1500,1500,1500,1500,1500,1500,1500,1500,1500,1500,1500,1500,1500,1500,1500,1500,1500,1500,1500,1500,1500,1500,1500,1500,1500,1500,8.0
2026-05-04,12:58:25.230,-62,-65,100,10,0,8,25,-65,100,11,14.9,0.0,0,0,53.759321 -1.544978,61.4,163.75,204,11,7,-89,1024,-1,11,-1024,-93,-1024,1024,0,-1,-1,-1,-1,1,-1,-1,-1,0x0000000000000002,1397,1488,2012,1502,1500,1420,1500,1500,1500,1500,1500,1500,1500,1500,1500,1500,1500,1500,1500,1500,1500,1500,1500,1500,1500,1500,1500,1500,1500,1500,1500,1500,8.0
2026-05-04,12:58:26.230,-69,-52,100,10,1,8,25,-51,100,10,14.6,0.0,0,0,53.759321 -1.544978,61.4,163.75,204,11,8,-112,461,244,11,-1024,-93,-1024,1024,0,-1,-1,-1,-1,1,-1,-1,-1,0x0000000000000002,1326,1492,1730,1502,1500,1346,1500,1500,1500,1500,1500,1500,1500,1500,1500,1500,1500,1500,1500,1500,1500,1500,1500,1500,1500,1500,1500,1500,1500,1500,1500,1500,8.0
2026-05-04,12:58:27.230,-64,-78,100,10,0,8,25,-59,100,11,14.6,0.0,0,0,53.759020 -1.544998,64.7,197.03,207,11,59,-66,404,175,11,-1024,-93,-1024,1024,0,-1,-1,-1,-1,1,-1,-1,-1,0x0000000000000002,1347,1484,1701,1516,1500,1367,1500,1500,1500,1500,1500,1500,1500,1500,1500,1500,1500,1500,1500,1500,1500,1500,1500,1500,1500,1500,1500,1500,1500,1500,1500,1500,8.0
2026-05-04,12:58:28.230,-77,-67,100,9,1,8,25,-61,100,11,14.8,0.0,0,0,53.759020 -1.544998,64.7,197.03,207,11,61,-194,416,176,11,-1024,-93,-1024,1024,0,-1,-1,-1,-1,1,-1,-1,-1,0x0000000000000002,1346,1506,1708,1517,1500,1367,1500,1500,1500,1500,1500,1500,1500,1500,1500,1500,1500,1500,1500,1500,1500,1500,1500,1500,1500,1500,1500,1500,1500,1500,1500,1500,8.0
2026-05-04,12:58:29.230,-77,-57,100,10,1,8,25,-55,100,11,14.8,0.0,0,0,53.758796 -1.545303,57.7,242.98,211,11,22,-13,420,454,11,-1024,-93,-1024,1024,0,-1,-1,-1,-1,1,-1,-1,-1,0x0000000000000002,1259,1475,1710,1506,1500,1274,1500,1500,1500,1500,1500,1500,1500,1500,1500,1500,1500,1500,1500,1500,1500,1500,1500,1500,1500,1500,1500,1500,1500,1500,1500,1500,8.0
2026-05-04,12:58:30.230,-70,-67,100,10,0,8,25,-78,100,9,14.8,0.0,0,0,53.758796 -1.545303,57.7,242.98,211,11,3,-3,438,-486,11,-1024,-93,-1024,1024,0,-1,-1,-1,-1,1,-1,-1,-1,0x0000000000000002,1545,1473,1719,1501,1500,1572,1500,1500,1500,1500,1500,1500,1500,1500,1500,1500,1500,1500,1500,1500,1500,1500,1500,1500,1500,1500,1500,1500,1500,1500,1500,1500,8.0
2026-05-04,12:58:31.230,-72,-81,92,7,0,8,25,-58,100,11,14.8,0.0,0,0,53.758809 -1.545746,58.9,301.54,214,11,5,-122,307,174,11,-1024,-93,-1024,1024,0,-1,-1,-1,-1,1,-1,-1,-1,0x0000000000000002,1347,1494,1653,1501,1500,1368,1500,1500,1500,1500,1500,1500,1500,1500,1500,1500,1500,1500,1500,1500,1500,1500,1500,1500,1500,1500,1500,1500,1500,1500,1500,1500,8.0
2026-05-04,12:58:32.230,-72,-65,100,10,1,8,25,-67,100,12,14.8,0.0,0,0,53.758809 -1.545746,58.9,301.54,214,11,5,-4,114,303,11,-1024,-93,-1024,1024,0,-1,-1,-1,-1,1,-1,-1,-1,0x0000000000000002,1308,1473,1557,1501,1500,1327,1500,1500,1500,1500,1500,1500,1500,1500,1500,1500,1500,1500,1500,1500,1500,1500,1500,1500,1500,1500,1500,1500,1500,1500,1500,1500,8.0
2026-05-04,12:58:33.230,-72,-65,100,10,1,8,25,-62,100,11,14.8,0.0,0,0,53.759059 -1.546010,67.2,-314.49,212,11,6,-183,151,3,11,-1024,-93,-1024,1024,0,-1,-1,-1,-1,1,-1,-1,-1,0x0000000000000002,1395,1504,1575,1501,1500,1419,1500,1500,1500,1500,1500,1500,1500,1500,1500,1500,1500,1500,1500,1500,1500,1500,1500,1500,1500,1500,1500,1500,1500,1500,1500,1500,8.0
2026-05-04,12:58:34.230,-72,-57,100,10,1,8,25,-62,100,11,15.0,0.0,0,0,53.759059 -1.546010,67.2,-314.49,212,11,6,-123,178,182,11,-1024,-93,-1024,1024,0,-1,-1,-1,-1,1,-1,-1,-1,0x0000000000000002,1345,1494,1589,1501,1500,1365,1500,1500,1500,1500,1500,1500,1500,1500,1500,1500,1500,1500,1500,1500,1500,1500,1500,1500,1500,1500,1500,1500,1500,1500,1500,1500,8.0
2026-05-04,12:58:35.230,-73,-60,100,10,1,8,25,-55,100,10,15.0,0.0,0,0,53.759360 -1.546088,68.6,5.28,210,11,4,-2,221,253,11,-1024,-93,-1024,1024,0,-1,-1,-1,-1,1,-1,-1,-1,0x0000000000000002,1323,1473,1610,1501,1500,1343,1500,1500,1500,1500,1500,1500,1500,1500,1500,1500,1500,1500,1500,1500,1500,1500,1500,1500,1500,1500,1500,1500,1500,1500,1500,1500,8.0
2026-05-04,12:58:36.230,-73,-58,100,10,1,8,25,-60,100,10,14.9,0.0,0,0,53.759360 -1.546088,68.6,5.28,210,11,4,1,222,1,11,-1024,-93,-1024,1024,0,-1,-1,-1,-1,1,-1,-1,-1,0x0000000000000002,1396,1472,1611,1501,1500,1419,1500,1500,1500,1500,1500,1500,1500,1500,1500,1500,1500,1500,1500,1500,1500,1500,1500,1500,1500,1500,1500,1500,1500,1500,1500,1500,8.0
2026-05-04,12:58:37.230,-72,-57,100,10,1,8,25,-61,100,9,14.9,0.0,0,0,53.759628 -1.545818,68.6,49.47,206,10,4,121,221,-8,11,-1024,-93,-1024,1024,0,-1,-1,-1,-1,1,-1,-1,-1,0x0000000000000002,1399,1449,1611,1501,1500,1422,1500,1500,1500,1500,1500,1500,1500,1500,1500,1500,1500,1500,1500,1500,1500,1500,1500,1500,1500,1500,1500,1500,1500,1500,1500,1500,8.0
2026-05-04,12:58:38.230,-68,-59,100,10,1,8,25,-73,100,10,14.9,0.0,0,0,53.759628 -1.545818,68.6,49.47,206,10,4,21,248,-215,11,-1024,-93,-1024,1024,0,-1,-1,-1,-1,1,-1,-1,-1,0x0000000000000002,1457,1468,1624,1501,1500,1484,1500,1500,1500,1500,1500,1500,1500,1500,1500,1500,1500,1500,1500,1500,1500,1500,1500,1500,1500,1500,1500,1500,1500,1500,1500,1500,8.0
2026-05-04,12:58:39.230,-64,-52,100,11,1,8,25,-47,100,11,14.9,0.0,0,0,53.759750 -1.545266,73.4,84.91,201,11,3,-2,251,1,11,-1024,-93,-1024,1024,0,-1,-1,-1,-1,1,-1,-1,-1,0x0000000000000002,1396,1473,1625,1501,1500,1419,1500,1500,1500,1500,1500,1500,1500,1500,1500,1500,1500,1500,1500,1500,1500,1500,1500,1500,1500,1500,1500,1500,1500,1500,1500,1500,8.0
2026-05-04,12:58:40.230,-66,-59,100,10,1,8,25,-50,100,12,15.0,0.0,0,0,53.759750 -1.545266,73.4,84.91,201,11,3,3,187,-3,11,-1024,-93,-1024,1024,0,-1,-1,-1,-1,1,-1,-1,-1,0x0000000000000002,1397,1472,1593,1501,1500,1421,1500,1500,1500,1500,1500,1500,1500,1500,1500,1500,1500,1500,1500,1500,1500,1500,1500,1500,1500,1500,1500,1500,1500,1500,1500,1500,8.0
2026-05-04,12:58:41.230,-61,-49,100,10,1,8,25,-54,100,11,15.0,0.0,0,0,53.759763 -1.544726,76.7,90.64,195,11,4,0,186,-536,11,-1024,-93,-1024,1024,0,-1,-1,-1,-1,1,-1,-1,-1,0x0000000000000002,1563,1472,1593,1501,1500,1589,1500,1500,1500,1500,1500,1500,1500,1500,1500,1500,1500,1500,1500,1500,1500,1500,1500,1500,1500,1500,1500,1500,1500,1500,1500,1500,8.0
2026-05-04,12:58:42.230,-64,-62,100,10,1,8,25,-55,100,12,15.0,0.0,0,0,53.759763 -1.544726,76.7,90.64,195,11,4,2,185,-2,11,-1024,-93,-1024,1024,0,-1,-1,-1,-1,1,-1,-1,-1,0x0000000000000002,1397,1472,1592,1501,1500,1420,1500,1500,1500,1500,1500,1500,1500,1500,1500,1500,1500,1500,1500,1500,1500,1500,1500,1500,1500,1500,1500,1500,1500,1500,1500,1500,8.0
2026-05-04,12:58:43.230,-69,-59,100,10,1,8,25,-51,100,11,14.9,0.0,0,0,53.759776 -1.544138,63.3,96.43,193,10,3,-241,186,112,11,-1024,-93,-1024,1024,0,-1,-1,-1,-1,1,-1,-1,-1,0x0000000000000002,1365,1515,1593,1501,1500,1386,1500,1500,1500,1500,1500,1500,1500,1500,1500,1500,1500,1500,1500,1500,1500,1500,1500,1500,1500,1500,1500,1500,1500,1500,1500,1500,8.0
2026-05-04,12:58:44.230,-69,-55,100,10,1,8,25,-58,100,11,14.9,0.0,0,0,53.759776 -1.544138,63.3,96.43,193,10,-22,-295,221,4,11,-1024,-93,-1024,1024,0,-1,-1,-1,-1,1,-1,-1,-1,0x0000000000000002,1395,1525,1610,1495,1500,1419,1500,1500,1500,1500,1500,1500,1500,1500,1500,1500,1500,1500,1500,1500,1500,1500,1500,1500,1500,1500,1500,1500,1500,1500,1500,1500,8.0
2026-05-04,12:58:45.230,-69,-65,100,10,0,8,25,-71,100,11,15.0,0.0,0,0,53.759808 -1.543671,59.7,70.44,191,10,2,-316,123,192,11,-1024,-93,-1024,1024,0,-1,-1,-1,-1,1,-1,-1,-1,0x0000000000000002,1342,1529,1561,1500,1500,1362,1500,1500,1500,1500,1500,1500,1500,1500,1500,1500,1500,1500,1500,1500,1500,1500,1500,1500,1500,1500,1500,1500,1500,1500,1500,1500,8.0
2026-05-04,12:58:46.230,-75,-64,100,10,1,8,25,-63,100,11,15.0,0.0,0,0,53.760019 -1.543318,54.6,21.05,191,11,4,1,122,479,11,-1024,-93,-1024,1024,0,-1,-1,-1,-1,1,-1,-1,-1,0x0000000000000002,1250,1472,1561,1501,1500,1265,1500,1500,1500,1500,1500,1500,1500,1500,1500,1500,1500,1500,1500,1500,1500,1500,1500,1500,1500,1500,1500,1500,1500,1500,1500,1500,8.0
2026-05-04,12:58:47.230,-76,-71,100,10,0,8,25,-62,100,11,15.0,0.0,0,0,53.760019 -1.543318,54.6,21.05,191,11,4,-126,122,-2,11,-1024,-93,-1024,1024,0,-1,-1,-1,-1,1,-1,-1,-1,0x0000000000000002,1397,1495,1561,1501,1500,1420,1500,1500,1500,1500,1500,1500,1500,1500,1500,1500,1500,1500,1500,1500,1500,1500,1500,1500,1500,1500,1500,1500,1500,1500,1500,1500,8.0
2026-05-04,12:58:48.230,-84,-69,100,9,1,8,25,-75,100,11,15.0,0.0,0,0,53.760236 -1.543373,45.2,-324.89,192,11,-75,-184,205,-121,11,-1024,-93,-1024,1024,0,-1,-1,-1,-1,1,-1,-1,-1,0x0000000000000002,1430,1504,1602,1480,1500,1456,1500,1500,1500,1500,1500,1500,1500,1500,1500,1500,1500,1500,1500,1500,1500,1500,1500,1500,1500,1500,1500,1500,1500,1500,1500,1500,8.0
2026-05-04,12:58:49.230,-66,-72,100,9,0,8,25,-67,100,10,15.0,0.0,0,0,53.760236 -1.543373,45.2,-324.89,192,11,-75,-223,277,-2,11,-1024,-93,-1024,1024,0,-1,-1,-1,-1,1,-1,-1,-1,0x0000000000000002,1397,1512,1638,1480,1500,1420,1500,1500,1500,1500,1500,1500,1500,1500,1500,1500,1500,1500,1500,1500,1500,1500,1500,1500,1500,1500,1500,1500,1500,1500,1500,1500,8.0
2026-05-04,12:58:50.230,-70,-62,100,10,1,8,25,-63,100,11,15.0,0.0,0,0,53.760409 -1.543618,54.5,307.51,188,11,4,-34,235,-10,11,-1024,-93,-1024,1024,0,-1,-1,-1,-1,1,-1,-1,-1,0x0000000000000002,1399,1478,1617,1501,1500,1422,1500,1500,1500,1500,1500,1500,1500,1500,1500,1500,1500,1500,1500,1500,1500,1500,1500,1500,1500,1500,1500,1500,1500,1500,1500,1500,8.0
2026-05-04,12:58:51.230,-69,-70,100,10,0,8,25,-69,100,10,14.9,0.0,0,0,53.760409 -1.543618,54.5,307.51,188,11,5,-9,234,511,11,-1024,-93,-1024,1024,0,-1,-1,-1,-1,1,-1,-1,-1,0x0000000000000002,1238,1474,1617,1501,1500,1252,1500,1500,1500,1500,1500,1500,1500,1500,1500,1500,1500,1500,1500,1500,1500,1500,1500,1500,1500,1500,1500,1500,1500,1500,1500,1500,8.0
2026-05-04,12:58:52.230,-75,-54,100,10,1,8,25,-52,100,11,14.9,0.0,0,0,53.760422 -1.544031,54.8,241.96,185,11,4,-138,278,567,11,-1024,-93,-1024,1024,0,-1,-1,-1,-1,1,-1,-1,-1,0x0000000000000002,1217,1497,1639,1501,1500,1230,1500,1500,1500,1500,1500,1500,1500,1500,1500,1500,1500,1500,1500,1500,1500,1500,1500,1500,1500,1500,1500,1500,1500,1500,1500,1500,8.0
2026-05-04,12:58:53.230,-73,-81,98,10,0,8,25,-63,100,9,14.9,0.0,0,0,53.760422 -1.544031,54.8,241.96,185,11,5,-3,501,486,11,-1024,-93,-1024,1024,0,-1,-1,-1,-1,1,-1,-1,-1,0x0000000000000002,1247,1473,1757,1501,1500,1262,1500,1500,1500,1500,1500,1500,1500,1500,1500,1500,1500,1500,1500,1500,1500,1500,1500,1500,1500,1500,1500,1500,1500,1500,1500,1500,8.0
2026-05-04,12:58:54.230,-68,-81,100,10,0,8,25,-58,100,10,14.9,0.0,0,0,53.760217 -1.544289,52.5,210.55,183,11,3,-3,557,-291,11,-1024,-93,-1024,1024,0,-1,-1,-1,-1,1,-1,-1,-1,0x0000000000000002,1481,1473,1778,1501,1500,1509,1500,1500,1500,1500,1500,1500,1500,1500,1500,1500,1500,1500,1500,1500,1500,1500,1500,1500,1500,1500,1500,1500,1500,1500,1500,1500,8.0
2026-05-04,12:58:55.230,-62,-71,100,11,0,8,25,-72,100,11,14.6,0.0,0,0,53.760217 -1.544289,52.5,210.55,183,11,4,3,1024,-2,11,-1024,-93,-1024,1024,0,-1,-1,-1,-1,1,-1,-1,-1,0x0000000000000002,1397,1472,2012,1501,1500,1420,1500,1500,1500,1500,1500,1500,1500,1500,1500,1500,1500,1500,1500,1500,1500,1500,1500,1500,1500,1500,1500,1500,1500,1500,1500,1500,8.0
2026-05-04,12:58:56.230,-62,-71,100,10,0,8,25,-61,100,11,14.6,0.0,0,0,53.760051 -1.544578,42.8,239.90,188,11,1,0,979,208,11,-1024,-93,-1024,1024,0,-1,-1,-1,-1,1,-1,-1,-1,0x0000000000000002,1337,1472,1989,1500,1500,1357,1500,1500,1500,1500,1500,1500,1500,1500,1500,1500,1500,1500,1500,1500,1500,1500,1500,1500,1500,1500,1500,1500,1500,1500,1500,1500,8.0
2026-05-04,12:58:57.230,-64,-71,100,10,0,8,25,-54,100,11,14.6,0.0,0,0,53.760051 -1.544578,42.8,239.90,188,11,4,-3,318,0,11,-1024,-93,-1024,1024,0,-1,-1,-1,-1,1,-1,-1,-1,0x0000000000000002,1396,1473,1659,1501,1500,1420,1500,1500,1500,1500,1500,1500,1500,1500,1500,1500,1500,1500,1500,1500,1500,1500,1500,1500,1500,1500,1500,1500,1500,1500,1500,1500,8.0
2026-05-04,12:58:58.230,-64,-61,100,10,1,8,25,-52,100,10,14.6,0.0,0,0,53.759968 -1.544901,49.6,244.32,191,11,-28,-53,327,-3,11,-1024,-93,-1024,1024,0,-1,-1,-1,-1,1,-1,-1,-1,0x0000000000000002,1397,1482,1663,1493,1500,1421,1500,1500,1500,1500,1500,1500,1500,1500,1500,1500,1500,1500,1500,1500,1500,1500,1500,1500,1500,1500,1500,1500,1500,1500,1500,1500,8.0
2026-05-04,12:58:59.230,-68,-67,100,10,1,8,25,-64,100,10,14.8,0.0,0,0,53.759968 -1.544901,49.6,244.32,191,11,-107,-27,307,-343,11,-1024,-93,-1024,1024,0,-1,-1,-1,-1,1,-1,-1,-1,0x0000000000000002,1497,1477,1653,1472,1500,1526,1500,1500,1500,1500,1500,1500,1500,1500,1500,1500,1500,1500,1500,1500,1500,1500,1500,1500,1500,1500,1500,1500,1500,1500,1500,1500,8.0
2026-05-04,12:59:00.230,-68,-57,100,11,1,8,25,-77,100,9,14.8,0.0,0,0,53.759872 -1.545263,56.4,253.90,191,11,0,2,200,-2,11,-1024,-93,-1024,1024,0,-1,-1,-1,-1,1,-1,-1,-1,0x0000000000000002,1397,1472,1600,1500,1500,1420,1500,1500,1500,1500,1500,1500,1500,1500,1500,1500,1500,1500,1500,1500,1500,1500,1500,1500,1500,1500,1500,1500,1500,1500,1500,1500,8.0
2026-05-04,12:59:01.230,-64,-79,100,10,0,8,25,-58,100,11,14.8,0.0,0,0,53.759872 -1.545263,56.4,253.90,191,11,0,-173,141,22,11,-1024,-93,-1024,1024,0,-1,-1,-1,-1,1,-1,-1,-1,0x0000000000000002,1390,1502,1570,1500,1500,1413,1500,1500,1500,1500,1500,1500,1500,1500,1500,1500,1500,1500,1500,1500,1500,1500,1500,1500,1500,1500,1500,1500,1500,1500,1500,1500,8.0
2026-05-04,12:59:02.230,-74,-73,100,10,0,8,25,-70,100,11,14.8,0.0,0,0,53.759788 -1.545701,56.3,241.72,191,11,4,-234,46,168,11,-1024,-93,-1024,1024,0,-1,-1,-1,-1,1,-1,-1,-1,0x0000000000000002,1349,1514,1523,1501,1500,1370,1500,1500,1500,1500,1500,1500,1500,1500,1500,1500,1500,1500,1500,1500,1500,1500,1500,1500,1500,1500,1500,1500,1500,1500,1500,1500,8.0
2026-05-04,12:59:03.230,-74,-74,95,8,0,8,25,-69,100,12,14.9,0.0,0,0,53.759788 -1.545701,56.3,241.72,191,11,4,-4,45,77,11,-1024,-93,-1024,1024,0,-1,-1,-1,-1,1,-1,-1,-1,0x0000000000000002,1375,1473,1522,1501,1500,1396,1500,1500,1500,1500,1500,1500,1500,1500,1500,1500,1500,1500,1500,1500,1500,1500,1500,1500,1500,1500,1500,1500,1500,1500,1500,1500,8.0
2026-05-04,12:59:04.230,-69,-74,100,10,0,8,25,-71,100,9,14.9,0.0,0,0,53.759596 -1.546008,49.8,196.37,191,11,4,-66,44,19,11,-1024,-93,-1024,1024,0,-1,-1,-1,-1,1,-1,-1,-1,0x0000000000000002,1391,1484,1522,1501,1500,1414,1500,1500,1500,1500,1500,1500,1500,1500,1500,1500,1500,1500,1500,1500,1500,1500,1500,1500,1500,1500,1500,1500,1500,1500,1500,1500,8.0
2026-05-04,12:59:05.230,-89,-53,100,11,1,8,25,-55,100,11,14.9,0.0,0,0,53.759596 -1.546008,49.8,196.37,191,11,1,-44,-126,-7,11,-1024,-93,-1024,1024,0,-1,-1,-1,-1,1,-1,-1,-1,0x0000000000000002,1398,1480,1437,1500,1500,1421,1500,1500,1500,1500,1500,1500,1500,1500,1500,1500,1500,1500,1500,1500,1500,1500,1500,1500,1500,1500,1500,1500,1500,1500,1500,1500,8.0
2026-05-04,12:59:06.230,-89,-54,100,11,1,8,25,-59,100,10,14.9,0.0,0,0,53.759392 -1.545958,49.2,150.80,190,11,2,-84,-363,-137,11,-1024,-93,-1024,1024,0,-1,-1,-1,-1,1,-1,-1,-1,0x0000000000000002,1435,1487,1319,1500,1500,1461,1500,1500,1500,1500,1500,1500,1500,1500,1500,1500,1500,1500,1500,1500,1500,1500,1500,1500,1500,1500,1500,1500,1500,1500,1500,1500,8.0
2026-05-04,12:59:07.230,-72,-65,100,10,1,8,25,-66,100,11,14.9,0.0,0,0,53.759392 -1.545958,49.2,150.80,190,11,4,-152,-17,-14,11,-1024,-93,-1024,1024,0,-1,-1,-1,-1,1,-1,-1,-1,0x0000000000000002,1400,1499,1492,1501,1500,1424,1500,1500,1500,1500,1500,1500,1500,1500,1500,1500,1500,1500,1500,1500,1500,1500,1500,1500,1500,1500,1500,1500,1500,1500,1500,1500,8.0
2026-05-04,12:59:08.230,-78,-74,100,10,1,8,25,-62,100,11,15.0,0.0,0,0,53.759200 -1.545670,60.6,120.10,185,11,2,-107,151,1,11,-1024,-93,-1024,1024,0,-1,-1,-1,-1,1,-1,-1,-1,0x0000000000000002,1396,1491,1575,1500,1500,1419,1500,1500,1500,1500,1500,1500,1500,1500,1500,1500,1500,1500,1500,1500,1500,1500,1500,1500,1500,1500,1500,1500,1500,1500,1500,1500,8.0
2026-05-04,12:59:09.230,-76,-53,100,11,1,8,25,-52,100,11,15.0,0.0,0,0,53.759200 -1.545670,60.6,120.10,185,11,3,6,-157,248,11,-1024,-93,-1024,1024,0,-1,-1,-1,-1,1,-1,-1,-1,0x0000000000000002,1325,1471,1421,1501,1500,1345,1500,1500,1500,1500,1500,1500,1500,1500,1500,1500,1500,1500,1500,1500,1500,1500,1500,1500,1500,1500,1500,1500,1500,1500,1500,1500,8.0
2026-05-04,12:59:10.230,-76,-56,100,10,1,8,25,-59,100,11,14.9,0.0,0,0,53.759148 -1.545196,63.6,83.66,181,11,5,155,-314,173,11,-1024,-93,-1024,1024,0,-1,-1,-1,-1,1,-1,-1,-1,0x0000000000000002,1347,1445,1343,1501,1500,1368,1500,1500,1500,1500,1500,1500,1500,1500,1500,1500,1500,1500,1500,1500,1500,1500,1500,1500,1500,1500,1500,1500,1500,1500,1500,1500,8.0
2026-05-04,12:59:11.230,-57,-57,100,11,0,8,25,-50,100,13,14.9,0.0,0,0,53.759308 -1.544740,67.3,38.41,177,11,4,7,-256,259,11,-1024,-93,-1024,1024,0,-1,-1,-1,-1,1,-1,-1,-1,0x0000000000000002,1322,1471,1372,1501,1500,1341,1500,1500,1500,1500,1500,1500,1500,1500,1500,1500,1500,1500,1500,1500,1500,1500,1500,1500,1500,1500,1500,1500,1500,1500,1500,1500,8.0
2026-05-04,12:59:12.230,-52,-66,100,11,0,8,25,-53,100,10,15.0,0.0,0,0,53.759308 -1.544740,67.3,38.41,177,11,5,1,-266,259,11,-1024,-93,-1024,1024,0,-1,-1,-1,-1,1,-1,-1,-1,0x0000000000000002,1322,1472,1367,1501,1500,1341,1500,1500,1500,1500,1500,1500,1500,1500,1500,1500,1500,1500,1500,1500,1500,1500,1500,1500,1500,1500,1500,1500,1500,1500,1500,1500,8.0
2026-05-04,12:59:13.230,-50,-49,100,10,1,8,25,-49,100,13,15.0,0.0,0,0,53.759571 -1.544446,66.5,30.02,173,11,8,0,1024,-517,11,-1024,-93,-1024,1024,0,-1,-1,-1,-1,1,-1,-1,-1,0x0000000000000002,1556,1472,2012,1502,1500,1582,1500,1500,1500,1500,1500,1500,1500,1500,1500,1500,1500,1500,1500,1500,1500,1500,1500,1500,1500,1500,1500,1500,1500,1500,1500,1500,8.0
2026-05-04,12:59:14.230,-50,-41,100,11,1,8,25,-51,100,11,15.0,0.0,0,0,53.759571 -1.544446,66.5,30.02,173,11,2,4,1024,529,11,-1024,-93,-1024,1024,0,-1,-1,-1,-1,1,-1,-1,-1,0x0000000000000002,1231,1471,2012,1500,1500,1245,1500,1500,1500,1500,1500,1500,1500,1500,1500,1500,1500,1500,1500,1500,1500,1500,1500,1500,1500,1500,1500,1500,1500,1500,1500,1500,8.0
2026-05-04,12:59:15.230,-77,-64,100,10,1,8,25,-62,100,10,15.0,0.0,0,0,53.759763 -1.544110,57.4,59.22,172,10,2,-1,1024,337,11,-1024,-93,-1024,1024,0,-1,-1,-1,-1,1,-1,-1,-1,0x0000000000000002,1297,1473,2012,1500,1500,1315,1500,1500,1500,1500,1500,1500,1500,1500,1500,1500,1500,1500,1500,1500,1500,1500,1500,1500,1500,1500,1500,1500,1500,1500,1500,1500,8.0
2026-05-04,12:59:16.230,-79,-75,100,10,1,8,25,-66,100,10,14.6,0.0,0,0,53.759763 -1.544110,57.4,59.22,172,10,2,2,1024,-2,11,-1024,-93,-1024,1024,0,-1,-1,-1,-1,1,-1,-1,-1,0x0000000000000002,1397,1472,2012,1500,1500,1420,1500,1500,1500,1500,1500,1500,1500,1500,1500,1500,1500,1500,1500,1500,1500,1500,1500,1500,1500,1500,1500,1500,1500,1500,1500,1500,8.0
2026-05-04,12:59:17.230,-71,-66,100,10,1,8,25,-66,100,11,14.6,0.0,0,0,53.759923 -1.543763,50.8,57.00,176,11,0,-72,379,-165,11,-1024,-93,-1024,1024,0,-1,-1,-1,-1,1,-1,-1,-1,0x0000000000000002,1443,1485,1689,1500,1500,1469,1500,1500,1500,1500,1500,1500,1500,1500,1500,1500,1500,1500,1500,1500,1500,1500,1500,1500,1500,1500,1500,1500,1500,1500,1500,1500,8.0
2026-05-04,12:59:18.230,-68,-69,99,10,0,8,25,-67,100,10,14.5,0.0,0,0,53.759923 -1.543763,50.8,57.00,176,11,4,-309,228,1,11,-1024,-93,-1024,1024,0,-1,-1,-1,-1,1,-1,-1,-1,0x0000000000000002,1396,1528,1614,1501,1500,1419,1500,1500,1500,1500,1500,1500,1500,1500,1500,1500,1500,1500,1500,1500,1500,1500,1500,1500,1500,1500,1500,1500,1500,1500,1500,1500,8.0
2026-05-04,12:59:19.230,-69,-69,100,10,0,8,25,-66,100,11,14.5,0.0,0,0,53.760051 -1.543421,45.3,54.55,180,11,2,-414,404,139,11,-1024,-93,-1024,1024,0,-1,-1,-1,-1,1,-1,-1,-1,0x0000000000000002,1357,1549,1702,1500,1500,1379,1500,1500,1500,1500,1500,1500,1500,1500,1500,1500,1500,1500,1500,1500,1500,1500,1500,1500,1500,1500,1500,1500,1500,1500,1500,1500,8.0
2026-05-04,12:59:20.230,-72,-58,100,10,1,8,25,-54,100,10,14.8,0.0,0,0,53.760051 -1.543421,45.3,54.55,180,11,4,-444,499,245,11,-1024,-93,-1024,1024,0,-1,-1,-1,-1,1,-1,-1,-1,0x0000000000000002,1326,1556,1749,1501,1500,1345,1500,1500,1500,1500,1500,1500,1500,1500,1500,1500,1500,1500,1500,1500,1500,1500,1500,1500,1500,1500,1500,1500,1500,1500,1500,1500,8.0
2026-05-04,12:59:21.230,-86,-64,99,10,1,8,25,-67,100,11,14.8,0.0,0,0,53.760211 -1.543235,40.1,10.37,181,11,4,-434,500,241,11,-1024,-93,-1024,1024,0,-1,-1,-1,-1,1,-1,-1,-1,0x0000000000000002,1327,1554,1750,1501,1500,1347,1500,1500,1500,1500,1500,1500,1500,1500,1500,1500,1500,1500,1500,1500,1500,1500,1500,1500,1500,1500,1500,1500,1500,1500,1500,1500,8.0
2026-05-04,12:59:22.230,-76,-69,99,8,1,8,25,-70,100,9,14.7,0.0,0,0,53.760211 -1.543235,40.1,10.37,181,11,5,-401,776,183,11,-1024,-93,-1024,1024,0,-1,-1,-1,-1,1,-1,-1,-1,0x0000000000000002,1344,1544,1888,1501,1500,1365,1500,1500,1500,1500,1500,1500,1500,1500,1500,1500,1500,1500,1500,1500,1500,1500,1500,1500,1500,1500,1500,1500,1500,1500,1500,1500,8.0
2026-05-04,12:59:23.230,-79,-72,99,9,1,8,25,-60,100,9,14.7,0.0,0,0,53.760371 -1.543445,43.8,281.01,179,11,5,3,727,678,11,-1024,-93,-1024,1024,0,-1,-1,-1,-1,1,-1,-1,-1,0x0000000000000002,1171,1472,1863,1501,1500,1182,1500,1500,1500,1500,1500,1500,1500,1500,1500,1500,1500,1500,1500,1500,1500,1500,1500,1500,1500,1500,1500,1500,1500,1500,1500,1500,8.0
2026-05-04,12:59:24.230,-79,-60,100,10,1,8,25,-63,100,10,14.6,0.0,0,0,53.760371 -1.543445,43.8,281.01,179,11,5,1,322,585,11,-1024,-93,-1024,1024,0,-1,-1,-1,-1,1,-1,-1,-1,0x0000000000000002,1210,1472,1661,1501,1500,1223,1500,1500,1500,1500,1500,1500,1500,1500,1500,1500,1500,1500,1500,1500,1500,1500,1500,1500,1500,1500,1500,1500,1500,1500,1500,1500,8.0
2026-05-04,12:59:25.230,-79,-58,100,10,1,8,25,-56,100,12,14.6,0.0,0,0,53.760236 -1.543700,48.3,207.43,178,11,7,-6,601,512,11,-1024,-93,-1024,1024,0,-1,-1,-1,-1,1,-1,-1,-1,0x0000000000000002,1237,1473,1800,1502,1500,1252,1500,1500,1500,1500,1500,1500,1500,1500,1500,1500,1500,1500,1500,1500,1500,1500,1500,1500,1500,1500,1500,1500,1500,1500,1500,1500,8.0
2026-05-04,12:59:26.230,-79,-56,100,11,1,8,25,-53,100,11,14.6,0.0,0,0,53.760236 -1.543700,48.3,207.43,178,11,7,2,500,-2,11,-1024,-93,-1024,1024,0,-1,0,-1,-1,1,-1,-1,-1,0x0000000000000002,1397,1472,1750,1502,1500,1420,1500,1500,1500,1500,1500,1500,1500,1500,1500,1500,1500,1500,1500,1500,1500,1500,1500,1500,1500,1500,1500,1500,1500,1500,1500,1500,8.0
2026-05-04,12:59:27.230,-64,-67,100,11,0,8,25,-59,100,9,14.6,0.0,0,0,53.760000 -1.543841,54.8,199.67,176,11,4,-4,499,-51,11,-1024,-93,-1024,1024,0,-1,-1,-1,-1,1,-1,-1,-1,0x0000000000000002,1411,1473,1749,1501,1500,1435,1500,1500,1500,1500,1500,1500,1500,1500,1500,1500,1500,1500,1500,1500,1500,1500,1500,1500,1500,1500,1500,1500,1500,1500,1500,1500,8.0
2026-05-04,12:59:28.230,-56,-67,100,11,0,8,25,-52,100,11,14.7,0.0,0,0,53.760000 -1.543841,54.8,199.67,176,11,4,0,653,-154,11,-1024,-93,-1024,1024,0,-1,-1,-1,-1,1,-1,-1,-1,0x0000000000000002,1440,1472,1826,1501,1500,1466,1500,1500,1500,1500,1500,1500,1500,1500,1500,1500,1500,1500,1500,1500,1500,1500,1500,1500,1500,1500,1500,1500,1500,1500,1500,1500,8.0
2026-05-04,12:59:29.230,-49,-67,100,11,0,8,25,-42,100,11,14.7,0.0,0,0,53.759756 -1.544075,58.8,216.13,176,11,5,64,487,35,11,-1024,-93,-1024,1024,0,-1,-1,-1,-1,1,-1,-1,-1,0x0000000000000002,1387,1461,1743,1501,1500,1410,1500,1500,1500,1500,1500,1500,1500,1500,1500,1500,1500,1500,1500,1500,1500,1500,1500,1500,1500,1500,1500,1500,1500,1500,1500,1500,8.0
2026-05-04,12:59:30.230,-51,-48,100,11,1,8,25,-60,100,10,14.6,0.0,0,0,53.759756 -1.544075,58.8,216.13,176,11,6,-6,514,-3,11,-1024,-93,-1024,1024,0,-1,-1,-1,-1,1,-1,-1,-1,0x0000000000000002,1397,1473,1757,1501,1500,1421,1500,1500,1500,1500,1500,1500,1500,1500,1500,1500,1500,1500,1500,1500,1500,1500,1500,1500,1500,1500,1500,1500,1500,1500,1500,1500,8.0
2026-05-04,12:59:31.230,-55,-64,100,11,0,8,25,-55,100,9,14.6,0.0,0,0,53.759507 -1.544306,51.8,196.39,180,11,4,2,451,273,11,-1024,-93,-1024,1024,0,-1,-1,-1,-1,1,-1,-1,-1,0x0000000000000002,1317,1472,1725,1501,1500,1336,1500,1500,1500,1500,1500,1500,1500,1500,1500,1500,1500,1500,1500,1500,1500,1500,1500,1500,1500,1500,1500,1500,1500,1500,1500,1500,8.0
2026-05-04,12:59:32.230,-63,-48,100,11,1,8,25,-49,100,10,14.7,0.0,0,0,53.759507 -1.544306,51.8,196.39,180,11,5,-2,459,160,11,-1024,-93,-1024,1024,0,-1,-1,-1,-1,1,-1,-1,-1,0x0000000000000002,1351,1473,1729,1501,1500,1372,1500,1500,1500,1500,1500,1500,1500,1500,1500,1500,1500,1500,1500,1500,1500,1500,1500,1500,1500,1500,1500,1500,1500,1500,1500,1500,8.0
2026-05-04,12:59:33.230,-69,-53,100,10,1,8,25,-68,100,11,14.7,0.0,0,0,53.759276 -1.544343,49.5,184.23,181,11,5,0,474,219,11,-1024,-93,-1024,1024,0,-1,-1,-1,-1,1,-1,-1,-1,0x0000000000000002,1334,1472,1737,1501,1500,1354,1500,1500,1500,1500,1500,1500,1500,1500,1500,1500,1500,1500,1500,1500,1500,1500,1500,1500,1500,1500,1500,1500,1500,1500,1500,1500,8.0
2026-05-04,12:59:34.230,-73,-51,100,11,1,8,25,-64,100,11,14.7,0.0,0,0,53.759276 -1.544343,49.5,184.23,181,11,111,-303,433,258,11,-1024,-93,-1024,1024,0,-1,-1,-1,-1,1,-1,-1,-1,0x0000000000000002,1322,1527,1716,1531,1500,1341,1500,1500,1500,1500,1500,1500,1500,1500,1500,1500,1500,1500,1500,1500,1500,1500,1500,1500,1500,1500,1500,1500,1500,1500,1500,1500,8.0
2026-05-04,12:59:35.230,-86,-64,98,10,1,8,25,-66,100,11,14.7,0.0,0,0,53.759027 -1.544381,53.5,189.93,180,11,4,2,364,-352,11,-1024,-93,-1024,1024,0,-1,-1,-1,-1,1,-1,-1,-1,0x0000000000000002,1500,1472,1682,1501,1500,1529,1500,1500,1500,1500,1500,1500,1500,1500,1500,1500,1500,1500,1500,1500,1500,1500,1500,1500,1500,1500,1500,1500,1500,1500,1500,1500,8.0
2026-05-04,12:59:36.230,-67,-74,100,11,0,8,25,-68,100,11,14.7,0.0,0,0,53.759027 -1.544381,53.5,189.93,180,11,3,0,389,93,11,-1024,-93,-1024,1024,0,-1,-1,-1,-1,1,-1,-1,-1,0x0000000000000002,1370,1472,1694,1501,1500,1392,1500,1500,1500,1500,1500,1500,1500,1500,1500,1500,1500,1500,1500,1500,1500,1500,1500,1500,1500,1500,1500,1500,1500,1500,1500,1500,8.0
2026-05-04,12:59:37.230,-72,-59,100,10,1,8,25,-63,100,11,14.7,0.0,0,0,53.758796 -1.544590,56.2,234.63,180,11,328,-503,181,350,11,-1024,-93,-1024,1024,0,-1,-1,-1,-1,1,-1,-1,-1,0x0000000000000002,1293,1569,1590,1595,1500,1311,1500,1500,1500,1500,1500,1500,1500,1500,1500,1500,1500,1500,1500,1500,1500,1500,1500,1500,1500,1500,1500,1500,1500,1500,1500,1500,8.0
2026-05-04,12:59:38.230,-87,-60,100,10,1,8,25,-53,100,10,14.7,0.0,0,0,53.758796 -1.544590,56.2,234.63,180,11,10,-236,-194,-322,11,-1024,-93,-1024,1024,0,-1,-1,-1,-1,1,-1,-1,-1,0x0000000000000002,1490,1514,1403,1503,1500,1519,1500,1500,1500,1500,1500,1500,1500,1500,1500,1500,1500,1500,1500,1500,1500,1500,1500,1500,1500,1500,1500,1500,1500,1500,1500,1500,8.0
2026-05-04,12:59:39.230,-60,-59,100,10,0,8,25,-58,100,12,14.7,0.0,0,0,53.758649 -1.544980,54.4,242.29,180,11,6,-337,-215,74,11,-1024,-93,-1024,1024,0,-1,-1,-1,-1,1,-1,-1,-1,0x0000000000000002,1375,1534,1393,1501,1500,1398,1500,1500,1500,1500,1500,1500,1500,1500,1500,1500,1500,1500,1500,1500,1500,1500,1500,1500,1500,1500,1500,1500,1500,1500,1500,1500,8.0
2026-05-04,12:59:40.230,-59,-75,100,10,0,8,25,-52,100,10,14.8,0.0,0,0,53.758649 -1.544980,54.4,242.29,180,11,7,-638,-169,-825,12,-1024,-93,-1024,1024,0,-1,-1,-1,-1,1,-1,-1,-1,0x0000000000000002,1691,1602,1416,1502,1500,1709,1500,1500,1500,1500,1500,1500,1500,1500,1500,1500,1500,1500,1500,1500,1500,1500,1500,1500,1500,1500,1500,1500,1500,1500,1500,1500,8.0
2026-05-04,12:59:41.230,-59,-51,100,11,1,8,25,-75,100,10,14.8,0.0,0,0,53.758732 -1.545414,49.8,-322.05,178,11,2,-5,-601,-554,11,-1024,-93,-1024,1024,0,-1,-1,-1,-1,1,-1,-1,-1,0x0000000000000002,1570,1473,1200,1500,1500,1596,1500,1500,1500,1500,1500,1500,1500,1500,1500,1500,1500,1500,1500,1500,1500,1500,1500,1500,1500,1500,1500,1500,1500,1500,1500,1500,8.0
2026-05-04,12:59:42.230,-62,-61,100,10,0,8,25,-64,100,11,14.9,0.0,0,0,53.758732 -1.545414,49.8,-322.05,178,11,5,-434,-153,-83,11,-1024,-93,-1024,1024,0,-1,-1,-1,-1,1,-1,-1,-1,0x0000000000000002,1419,1554,1424,1501,1500,1444,1500,1500,1500,1500,1500,1500,1500,1500,1500,1500,1500,1500,1500,1500,1500,1500,1500,1500,1500,1500,1500,1500,1500,1500,1500,1500,8.0
2026-05-04,12:59:43.230,-66,-62,99,10,1,8,25,-61,100,11,14.9,0.0,0,0,53.758963 -1.545339,58.3,35.09,172,10,8,-139,-559,-283,11,-1024,-93,-1024,1024,0,-1,-1,-1,-1,1,-1,-1,-1,0x0000000000000002,1478,1497,1221,1502,1500,1505,1500,1500,1500,1500,1500,1500,1500,1500,1500,1500,1500,1500,1500,1500,1500,1500,1500,1500,1500,1500,1500,1500,1500,1500,1500,1500,8.0
2026-05-04,12:59:44.230,-72,-60,100,10,1,8,25,-60,100,11,14.9,0.0,0,0,53.758963 -1.545339,58.3,35.09,172,10,6,8,-819,484,11,-1024,-93,-1024,1024,0,-1,-1,-1,-1,1,-1,-1,-1,0x0000000000000002,1248,1471,1091,1501,1500,1263,1500,1500,1500,1500,1500,1500,1500,1500,1500,1500,1500,1500,1500,1500,1500,1500,1500,1500,1500,1500,1500,1500,1500,1500,1500,1500,8.0
2026-05-04,12:59:45.230,-49,-61,100,11,0,8,25,-49,100,11,14.9,0.0,0,0,53.759180 -1.545036,58.7,47.44,168,10,6,-37,-915,131,11,-1024,-93,-1024,1024,0,-1,-1,-1,-1,1,-1,-1,-1,0x0000000000000002,1359,1479,1043,1501,1500,1381,1500,1500,1500,1500,1500,1500,1500,1500,1500,1500,1500,1500,1500,1500,1500,1500,1500,1500,1500,1500,1500,1500,1500,1500,1500,1500,8.0
2026-05-04,12:59:46.230,-50,-61,100,11,0,8,25,-42,100,11,14.9,0.0,0,0,53.759180 -1.545036,58.7,47.44,168,10,4,-93,-1024,-44,11,-1024,-93,-1024,1024,0,-1,-1,-1,-1,1,-1,-1,-1,0x0000000000000002,1409,1489,988,1501,1500,1433,1500,1500,1500,1500,1500,1500,1500,1500,1500,1500,1500,1500,1500,1500,1500,1500,1500,1500,1500,1500,1500,1500,1500,1500,1500,1500,8.0
2026-05-04,12:59:47.230,-43,-61,100,11,0,8,25,-41,100,11,14.9,0.0,0,0,53.759366 -1.544736,48.3,43.79,167,10,4,-642,-1024,1,11,-1024,-93,-1024,1024,0,-1,-1,-1,-1,1,-1,-1,-1,0x0000000000000007,1396,1603,988,1501,1500,1419,1500,1500,1500,1500,1500,1500,1500,1500,1500,1500,1500,1500,1500,1500,1500,1500,1500,1500,1500,1500,1500,1500,1500,1500,1500,1500,8.0
2026-05-04,12:59:48.230,-48,-38,100,11,1,8,25,-40,100,11,15.0,0.0,0,0,53.759366 -1.544736,48.3,43.79,167,10,4,-199,-1024,74,11,-1024,-93,-1024,1024,0,-1,-1,-1,-1,1,-1,-1,-1,0x0000000000000007,1375,1509,988,1501,1500,1398,1500,1500,1500,1500,1500,1500,1500,1500,1500,1500,1500,1500,1500,1500,1500,1500,1500,1500,1500,1500,1500,1500,1500,1500,1500,1500,8.0
2026-05-04,12:59:49.230,-52,-55,100,11,1,8,25,-52,100,11,15.0,0.0,0,0,53.759539 -1.544471,46.2,44.18,163,10,5,-426,-1023,-53,11,-1024,-93,-1024,1024,0,-1,-1,-1,-1,1,-1,-1,-1,0x0000000000000007,1411,1552,989,1501,1500,1436,1500,1500,1500,1500,1500,1500,1500,1500,1500,1500,1500,1500,1500,1500,1500,1500,1500,1500,1500,1500,1500,1500,1500,1500,1500,1500,8.0
2026-05-04,12:59:50.230,-63,-48,100,11,1,8,25,-49,100,11,15.0,0.0,0,0,53.759539 -1.544471,46.2,44.18,163,10,-406,-4,-924,-1,11,-1024,-93,-1024,1024,0,-1,-1,-1,-1,1,-1,-1,-1,0x0000000000000002,1397,1473,1038,1385,1500,1420,1500,1500,1500,1500,1500,1500,1500,1500,1500,1500,1500,1500,1500,1500,1500,1500,1500,1500,1500,1500,1500,1500,1500,1500,1500,1500,8.0
2026-05-04,12:59:51.230,-66,-58,100,11,1,8,25,-64,100,11,15.0,0.0,0,0,53.759667 -1.544235,38.3,51.27,160,10,3,-5,-803,0,11,-1024,-93,-1024,1024,0,-1,-1,-1,-1,1,-1,-1,-1,0x0000000000000002,1396,1473,1099,1501,1500,1420,1500,1500,1500,1500,1500,1500,1500,1500,1500,1500,1500,1500,1500,1500,1500,1500,1500,1500,1500,1500,1500,1500,1500,1500,1500,1500,8.0
2026-05-04,12:59:52.230,-69,-71,100,10,0,8,25,-67,100,12,15.0,0.0,0,0,53.759667 -1.544235,38.3,51.27,160,10,1,-4,-903,0,11,-1024,-93,-1024,1024,0,-1,-1,-1,-1,1,-1,-1,-1,0x0000000000000002,1396,1473,1049,1500,1500,1420,1500,1500,1500,1500,1500,1500,1500,1500,1500,1500,1500,1500,1500,1500,1500,1500,1500,1500,1500,1500,1500,1500,1500,1500,1500,1500,8.0
2026-05-04,12:59:53.230,-74,-66,100,10,1,8,25,-64,100,11,15.0,0.0,0,0,53.759750 -1.543991,26.2,75.39,159,10,-897,-2,-1024,2,11,-1024,-93,-1024,1024,0,-1,-1,-1,-1,1,-1,-1,-1,0x0000000000000002,1396,1473,988,1184,1500,1419,1500,1500,1500,1500,1500,1500,1500,1500,1500,1500,1500,1500,1500,1500,1500,1500,1500,1500,1500,1500,1500,1500,1500,1500,1500,1500,8.0
2026-05-04,12:59:54.230,-74,-67,100,11,1,8,25,-83,100,10,15.0,0.0,0,0,53.759750 -1.543991,26.2,75.39,159,10,-1024,-1,-1024,1,11,-1024,-93,-1024,1024,0,-1,-1,-1,-1,1,-1,-1,-1,0x0000000000000007,1396,1473,988,1112,1500,1419,1500,1500,1500,1500,1500,1500,1500,1500,1500,1500,1500,1500,1500,1500,1500,1500,1500,1500,1500,1500,1500,1500,1500,1500,1500,1500,8.0
2026-05-04,12:59:55.230,-80,-66,100,10,1,8,25,-63,100,9,15.0,0.0,0,0,53.759808 -1.543838,18.3,45.94,158,10,5,-6,414,1,11,-1024,-93,-1024,1024,0,-1,-1,-1,-1,1,-1,-1,-1,0x0000000000000002,1396,1473,1707,1501,1500,1419,1500,1500,1500,1500,1500,1500,1500,1500,1500,1500,1500,1500,1500,1500,1500,1500,1500,1500,1500,1500,1500,1500,1500,1500,1500,1500,8.0
2026-05-04,12:59:56.230,-80,-58,100,11,1,8,25,-54,100,11,15.0,0.0,0,0,53.759846 -1.543811,0.0,279.79,157,10,-254,-13,-48,0,11,-1024,-93,-1024,1024,0,-1,-1,-1,-1,1,-1,-1,-1,0x0000000000000002,1396,1475,1476,1431,1500,1420,1500,1500,1500,1500,1500,1500,1500,1500,1500,1500,1500,1500,1500,1500,1500,1500,1500,1500,1500,1500,1500,1500,1500,1500,1500,1500,8.0
2026-05-04,12:59:57.230,-80,-54,100,11,1,8,25,-54,100,11,14.9,0.0,0,0,53.759846 -1.543811,0.0,279.79,157,10,-276,-72,433,-5,11,-1024,-93,-1024,1024,0,-1,-1,-1,-1,1,-1,-1,-1,0x0000000000000002,1397,1485,1716,1425,1500,1421,1500,1500,1500,1500,1500,1500,1500,1500,1500,1500,1500,1500,1500,1500,1500,1500,1500,1500,1500,1500,1500,1500,1500,1500,1500,1500,8.0
2026-05-04,12:59:58.230,-69,-62,100,10,1,8,25,-69,100,10,14.9,0.0,0,0,53.759840 -1.543816,1.2,226.59,157,10,7,-5,266,-1,11,-1024,-93,-1024,1024,0,-1,-1,-1,-1,1,-1,-1,-1,0x0000000000000002,1397,1473,1633,1502,1500,1420,1500,1500,1500,1500,1500,1500,1500,1500,1500,1500,1500,1500,1500,1500,1500,1500,1500,1500,1500,1500,1500,1500,1500,1500,1500,1500,8.0
2026-05-04,12:59:59.230,-69,-57,100,11,1,8,25,-59,100,10,14.9,0.0,0,0,53.759840 -1.543816,1.2,226.59,157,10,-7,-20,380,1,11,-1024,-93,-1024,1024,0,-1,-1,-1,-1,1,-1,-1,-1,0x0000000000000002,1396,1476,1690,1498,1500,1419,1500,1500,1500,1500,1500,1500,1500,1500,1500,1500,1500,1500,1500,1500,1500,1500,1500,1500,1500,1500,1500,1500,1500,1500,1500,1500,8.0
2026-05-04,13:00:00.230,-69,-57,100,11,1,8,25,-53,100,11,14.9,0.0,0,0,53.759814 -1.543841,9.4,216.14,157,10,288,-4,244,0,11,-1024,-93,-1024,1024,0,-1,-1,-1,-1,1,-1,-1,-1,0x0000000000000002,1396,1473,1622,1583,1500,1420,1500,1500,1500,1500,1500,1500,1500,1500,1500,1500,1500,1500,1500,1500,1500,1500,1500,1500,1500,1500,1500,1500,1500,1500,1500,1500,8.0
2026-05-04,13:00:01.230,-69,-53,100,11,1,8,25,-47,100,11,14.7,0.0,0,0,53.759814 -1.543841,9.4,216.14,157,10,296,-2,-68,0,11,-1024,-93,-1024,1024,0,-1,-1,-1,-1,1,-1,-1,-1,0x0000000000000002,1396,1473,1466,1585,1500,1420,1500,1500,1500,1500,1500,1500,1500,1500,1500,1500,1500,1500,1500,1500,1500,1500,1500,1500,1500,1500,1500,1500,1500,1500,1500,1500,8.0
2026-05-04,13:00:02.230,-69,-42,100,11,1,8,25,-42,100,10,14.7,0.0,0,0,53.759763 -1.543891,13.7,215.04,157,10,660,-3,-273,1,11,-1024,-93,-1024,1024,0,-1,-1,-1,-1,1,-1,-1,-1,0x0000000000000002,1396,1473,1364,1717,1500,1419,1500,1500,1500,1500,1500,1500,1500,1500,1500,1500,1500,1500,1500,1500,1500,1500,1500,1500,1500,1500,1500,1500,1500,1500,1500,1500,8.0
2026-05-04,13:00:03.230,-69,-40,100,11,1,8,25,-33,100,10,14.9,0.0,0,0,53.759763 -1.543891,13.7,215.04,157,10,-305,-2,-190,2,11,-1024,-93,-1024,1024,0,-1,-1,-1,-1,1,-1,-1,-1,0x0000000000000002,1396,1473,1405,1412,1500,1419,1500,1500,1500,1500,1500,1500,1500,1500,1500,1500,1500,1500,1500,1500,1500,1500,1500,1500,1500,1500,1500,1500,1500,1500,1500,1500,8.0
2026-05-04,13:00:04.230,-69,-35,100,11,1,8,25,-35,100,11,14.9,0.0,0,0,53.759724 -1.543951,10.7,218.92,158,10,-600,-1,-25,2,11,-1024,-93,-1024,1024,0,-1,-1,-1,-1,1,-1,-1,-1,0x0000000000000002,1396,1473,1488,1318,1500,1419,1500,1500,1500,1500,1500,1500,1500,1500,1500,1500,1500,1500,1500,1500,1500,1500,1500,1500,1500,1500,1500,1500,1500,1500,1500,1500,8.0
2026-05-04,13:00:05.230,-69,-30,100,10,1,8,25,-29,100,11,14.9,0.0,0,0,53.759724 -1.543951,10.7,218.92,158,10,-231,-3,-94,2,11,-1024,-93,-1024,1024,0,-1,-1,-1,-1,1,-1,-1,-1,0x0000000000000002,1396,1473,1453,1438,1500,1419,1500,1500,1500,1500,1500,1500,1500,1500,1500,1500,1500,1500,1500,1500,1500,1500,1500,1500,1500,1500,1500,1500,1500,1500,1500,1500,8.0
2026-05-04,13:00:06.230,-69,-29,100,10,1,8,25,-28,100,11,14.9,0.0,0,0,53.759699 -1.544003,6.6,236.79,158,9,1,-1,-183,0,11,-1024,-93,-1024,1024,0,-1,-1,-1,-1,1,-1,-1,-1,0x0000000000000002,1396,1473,1409,1500,1500,1420,1500,1500,1500,1500,1500,1500,1500,1500,1500,1500,1500,1500,1500,1500,1500,1500,1500,1500,1500,1500,1500,1500,1500,1500,1500,1500,8.0
2026-05-04,13:00:07.230,-69,-26,100,10,1,8,25,-23,100,12,14.9,0.0,0,0,53.759699 -1.544003,6.6,236.79,158,9,2,-4,-335,1,11,-1024,-93,-1024,1024,0,-1,-1,-1,-1,1,-1,-1,-1,0x0000000000000002,1396,1473,1333,1500,1500,1419,1500,1500,1500,1500,1500,1500,1500,1500,1500,1500,1500,1500,1500,1500,1500,1500,1500,1500,1500,1500,1500,1500,1500,1500,1500,1500,8.0
2026-05-04,13:00:08.230,-69,-23,100,10,1,8,25,-20,100,11,14.9,0.0,0,0,53.759680 -1.544035,7.1,217.11,158,10,567,-3,-544,5,11,-1024,-93,-1024,1024,0,-1,-1,-1,-1,1,-1,-1,-1,0x0000000000000002,1395,1473,1228,1679,1500,1419,1500,1500,1500,1500,1500,1500,1500,1500,1500,1500,1500,1500,1500,1500,1500,1500,1500,1500,1500,1500,1500,1500,1500,1500,1500,1500,8.0
2026-05-04,13:00:09.230,-69,-23,100,11,1,8,25,-21,100,11,14.9,0.0,0,0,53.759680 -1.544035,7.1,217.11,158,10,1,-3,-657,2,11,-1024,-93,-1024,1024,0,-1,-1,-1,-1,1,-1,-1,-1,0x0000000000000002,1396,1473,1172,1500,1500,1419,1500,1500,1500,1500,1500,1500,1500,1500,1500,1500,1500,1500,1500,1500,1500,1500,1500,1500,1500,1500,1500,1500,1500,1500,1500,1500,8.0
2026-05-04,13:00:10.230,-69,-24,100,11,1,8,25,-26,100,11,14.9,0.0,0,0,53.759648 -1.544063,4.9,208.87,158,10,4,1,-1015,-2,11,-1024,-93,-1024,1024,0,-1,-1,-1,-1,1,-1,-1,-1,0x0000000000000002,1397,1472,993,1501,1500,1420,1500,1500,1500,1500,1500,1500,1500,1500,1500,1500,1500,1500,1500,1500,1500,1500,1500,1500,1500,1500,1500,1500,1500,1500,1500,1500,8.0
2026-05-04,13:00:11.230,-42,-24,100,11,1,8,25,-25,100,10,15.0,0.0,0,0,53.759648 -1.544063,4.9,208.87,158,10,4,2,-1024,-1,11,-1024,-93,-1024,1024,0,-1,-1,-1,-1,1,-1,-1,-1,0x0000000000000007,1397,1472,988,1501,1500,1420,1500,1500,1500,1500,1500,1500,1500,1500,1500,1500,1500,1500,1500,1500,1500,1500,1500,1500,1500,1500,1500,1500,1500,1500,1500,1500,8.0
2026-05-04,13:00:12.230,-45,-27,100,11,1,8,25,-24,100,10,15.0,0.0,0,0,53.759641 -1.544073,0.0,218.06,158,10,4,2,-1024,-1,11,-1024,-93,-1024,1024,0,-1,-1,-1,-1,1,-1,-1,-1,0x0000000000000007,1397,1472,988,1501,1500,1420,1500,1500,1500,1500,1500,1500,1500,1500,1500,1500,1500,1500,1500,1500,1500,1500,1500,1500,1500,1500,1500,1500,1500,1500,1500,1500,8.0
